Rank;Sourceid;Title;Type;Issn;SJR;SJR Best Quartile;H index;Total Docs. (1999);Total Docs. (3years);Total Refs.;Total Cites (3years);Citable Docs. (3years);Cites / Doc. (2years);Ref. / Doc.;Country;Publisher;Coverage;Categories
1;29993;Annual Review of Nutrition;book series;01999885, 15454312;3.14;Q1;142;25;66;3042;446;65;5.48;121.68;United States;Annual Reviews Inc.;1981-ongoing;"Medicine (miscellaneous) (Q1); Nutrition and Dietetics (Q1)"
2;20618;Stroke;journal;15244628, 00392499;2.866;Q1;292;482;1336;13480;6054;1130;4.93;27.97;United States;Lippincott Williams & Wilkins Ltd.;1970-ongoing;"Advanced and Specialized Nursing (Q1); Cardiology and Cardiovascular Medicine (Q1); Medicine (miscellaneous) (Q1); Neurology (clinical) (Q1); Neuroscience (miscellaneous) (Q1)"
3;23140;Current Opinion in Lipidology;journal;14736535, 09579672;2.079;Q1;116;94;314;3542;931;224;4.43;37.68;United States;Lippincott Williams & Wilkins Ltd.;1990-ongoing;"Cardiology and Cardiovascular Medicine (Q1); Cell Biology (Q1); Endocrinology, Diabetes and Metabolism (Q1); Genetics (Q1); Molecular Biology (Q1); Nutrition and Dietetics (Q1)"
4;25491;Diabetes Care;journal;01495992;1.832;Q1;328;569;1390;13004;4589;1069;4.45;22.85;United States;American Diabetes Association;1978-ongoing;"Advanced and Specialized Nursing (Q1); Endocrinology, Diabetes and Metabolism (Q1); Internal Medicine (Q1)"
5;29990;American Journal of Clinical Nutrition;journal;00029165;1.799;Q1;307;411;1328;13395;4545;1121;3.74;32.59;United States;American Society for Clinical Nutrition, Inc.;1952-ongoing;"Medicine (miscellaneous) (Q1); Nutrition and Dietetics (Q1)"
6;29561;Journals of Gerontology - Series B Psychological Sciences and Social Sciences;journal;10795014;1.601;Q1;133;85;235;3650;641;223;2.54;42.94;United States;Gerontological Society of America;1995-ongoing;"Clinical Psychology (Q1); Geriatrics and Gerontology (Q1); Gerontology (Q1); Medicine (miscellaneous) (Q1); Social Psychology (Q1)"
7;4700152825;Obesity;journal;19307381;1.257;Q1;177;82;245;675;584;226;2.66;8.23;United States;Wiley-Blackwell;2006-ongoing;"Endocrinology (Q1); Endocrinology, Diabetes and Metabolism (Q1); Medicine (miscellaneous) (Q1); Nutrition and Dietetics (Q1)"
8;12697;International Journal of Obesity;journal;03070565, 14765497;1.252;Q1;204;279;617;8784;1777;591;2.89;31.48;United Kingdom;Nature Publishing Group;1977-ongoing;"Endocrinology, Diabetes and Metabolism (Q1); Medicine (miscellaneous) (Q1); Nutrition and Dietetics (Q1)"
9;29070;The Gerontologist;journal;00169013;1.11;Q1;119;73;266;2405;459;257;2.02;32.95;United States;Gerontological Society of America;1961, 1964-ongoing;"Geriatrics and Gerontology (Q1); Gerontology (Q1); Medicine (miscellaneous) (Q1)"
10;13308;Nutrition and Cancer;journal;01635581, 15327914;0.968;Q1;107;95;293;3534;751;289;2.32;37.2;United States;Lawrence Erlbaum Associates Inc.;1978-ongoing;"Cancer Research (Q1); Medicine (miscellaneous) (Q1); Nutrition and Dietetics (Q1); Oncology (Q1)"
11;13345;Nutrition Reviews;journal;00296643;0.889;Q1;131;88;373;3308;771;360;2.29;37.59;United States;Oxford University Press;1947, 1950-ongoing;"Medicine (miscellaneous) (Q1); Nutrition and Dietetics (Q1)"
12;12716;Journal of Nutrition;journal;15416100, 00223166;0.881;Q1;240;385;1279;13016;2678;1251;1.92;33.81;United States;American Society for Nutritional Sciences;1945-ongoing;"Medicine (miscellaneous) (Q1); Nutrition and Dietetics (Q1)"
13;33928;Journal of the Science of Food and Agriculture;journal;10970010, 00225142;0.842;Q1;121;323;666;8667;833;665;1.05;26.83;United States;John Wiley & Sons Inc.;1950-ongoing;"Agronomy and Crop Science (Q1); Biotechnology (Q1); Food Science (Q1); Nutrition and Dietetics (Q1)"
14;12538;European Journal of Clinical Nutrition;journal;09543007;0.836;Q1;141;211;562;6814;1099;541;1.8;32.29;United Kingdom;Nature Publishing Group;1988-ongoing;"Medicine (miscellaneous) (Q1); Nutrition and Dietetics (Q1)"
15;13783;Journal of Voice;journal;08921997;0.829;Q1;77;58;172;1338;145;169;0.74;23.07;United States;Mosby Inc.;1987-ongoing;"LPN and LVN (Q1); Otorhinolaryngology (Q1); Speech and Hearing (Q1)"
16;40900;International Journal of Sport Nutrition and Exercise Metabolism;journal;1526484X, 15432742;0.814;Q1;65;34;96;1181;143;91;1.31;34.74;United States;Human Kinetics Publishers Inc.;1996-ongoing;"Medicine (miscellaneous) (Q1); Nutrition and Dietetics (Q1); Orthopedics and Sports Medicine (Q1); Sports Science (Q1)"
17;16790;Journal of Pain and Symptom Management;journal;08853924;0.782;Q1;129;147;354;3088;521;277;1.76;21.01;Netherlands;Elsevier BV;1986-ongoing;"Anesthesiology and Pain Medicine (Q1); Neurology (clinical) (Q1); Nursing (miscellaneous) (Q1)"
18;5200152840;Intellectual and Developmental Disabilities;journal;19349491, 19349556;0.779;Q1;56;54;173;1314;183;162;1.16;24.33;United States;American Association on Intellectual and Developmental Disabilities;2007-ongoing;"Community and Home Care (Q1); Education (Q1); Pediatrics, Perinatology and Child Health (Q1); Psychiatry and Mental Health (Q1); Developmental and Educational Psychology (Q2)"
19;30025;British Journal of Nutrition;journal;00071145, 14752662;0.768;Q1;166;164;531;4849;979;494;1.88;29.57;United Kingdom;Cambridge University Press;1947-ongoing;"Medicine (miscellaneous) (Q1); Nutrition and Dietetics (Q1)"
20;4700151731;Applied Physiology, Nutrition and Metabolism;journal;17155312;0.746;Q1;78;39;109;1570;130;109;1.07;40.26;Canada;National Research Council Canada;2006-ongoing;"Medicine (miscellaneous) (Q1); Nutrition and Dietetics (Q1); Endocrinology, Diabetes and Metabolism (Q2); Physiology (Q2); Physiology (medical) (Q2); Sports Science (Q2)"
21;21100198495;Journal of the Academy of Nutrition and Dietetics;journal;22122672;0.736;Q1;155;279;716;5492;843;655;1.16;19.68;United States;Elsevier USA;2012-ongoing;"Food Science (Q1); Medicine (miscellaneous) (Q1); Nutrition and Dietetics (Q1)"
22;29189;Journal of Aging and Health;journal;08982643;0.698;Q1;64;27;79;826;73;78;0.85;30.59;United States;SAGE Publications;1989-ongoing;"Community and Home Care (Q1); Geriatrics and Gerontology (Q1); Gerontology (Q1)"
23;26619;Symbolic Interaction;journal;01956086;0.697;Q1;42;15;50;694;37;50;0.57;46.27;United States;Wiley-Blackwell;1977-ongoing;"Communication (Q1); Education (Q1); Nursing (miscellaneous) (Q1); Social Sciences (miscellaneous) (Q1); Sociology and Political Science (Q1); Social Psychology (Q2)"
24;13318;Hastings Center Report;journal;00930334;0.696;Q1;57;79;233;1055;183;192;0.98;13.35;United States;Wiley-Blackwell;1971-ongoing;"Health Policy (Q1); Health (social science) (Q1); Issues, Ethics and Legal Aspects (Q1); Philosophy (Q1)"
25;19064;Resuscitation;journal;03009572;0.671;Q1;123;117;322;2609;347;262;1.25;22.3;Netherlands;Elsevier BV;1972-1976, 1978-ongoing;"Cardiology and Cardiovascular Medicine (Q1); Emergency Medicine (Q1); Emergency Nursing (Q1)"
26;27072;Advances in Nursing Science;journal;01619268;0.663;Q1;54;32;88;1317;120;82;1.23;41.16;United States;Lippincott Williams & Wilkins Ltd.;1978-ongoing;Nursing (miscellaneous) (Q1)
27;17639;Alzheimer Disease and Associated Disorders;journal;08930341, 15464156;0.661;Q1;88;98;237;3312;390;220;1.59;33.8;United States;Lippincott Williams & Wilkins Ltd.;1987-ongoing;"Geriatrics and Gerontology (Q1); Gerontology (Q1); Clinical Psychology (Q2); Psychiatry and Mental Health (Q2)"
28;29976;Journal of the American College of Nutrition;journal;15411087, 07315724;0.646;Q1;110;85;282;2910;428;279;1.31;34.24;United Kingdom;Taylor & Francis;1982-ongoing;"Medicine (miscellaneous) (Q1); Nutrition and Dietetics (Q1)"
29;29994;Appetite;journal;01956663, 10958304;0.64;Q1;120;72;181;1712;233;172;1.13;23.78;Netherlands;Elsevier BV;1980-ongoing;"Nutrition and Dietetics (Q1); Psychology (miscellaneous) (Q1)"
30;25334;Journal of Substance Abuse Treatment;journal;07405472;0.587;Q1;93;82;198;2480;204;179;1.01;30.24;Netherlands;Elsevier BV;1984-ongoing;"Medicine (miscellaneous) (Q1); Psychiatric Mental Health (Q1); Clinical Psychology (Q2); Psychiatry and Mental Health (Q2)"
31;12719;Journal of Nutritional Biochemistry;journal;09552863;0.57;Q1;118;94;289;4195;411;286;1.32;44.63;Netherlands;Elsevier BV;1990-ongoing;"Nutrition and Dietetics (Q1); Clinical Biochemistry (Q2); Endocrinology, Diabetes and Metabolism (Q2); Biochemistry (Q3); Molecular Biology (Q3)"
32;68935;Nutrition Research Reviews;journal;09544224, 14752700;0.568;Q2;71;13;34;1562;60;34;1.29;120.15;United Kingdom;Cambridge University Press;1988-ongoing;"Medicine (miscellaneous) (Q1); Nutrition and Dietetics (Q2)"
33;67938;Journal of Social and Administrative Pharmacy;journal;02810662;0.542;Q1;19;32;80;430;58;79;0.65;13.44;Sweden;Swedish Pharmaceutical Press;1962, 1986-2003;"Leadership and Management (Q1); Pharmaceutical Science (Q1)"
34;22433;International Journal for Vitamin and Nutrition Research;journal;03009831;0.534;Q2;53;62;179;2094;226;175;1.18;33.77;Switzerland;Verlag Hans Huber AG;1971-ongoing;"Medicine (miscellaneous) (Q1); Endocrinology, Diabetes and Metabolism (Q2); Nutrition and Dietetics (Q2)"
35;13307;Nutrition;journal;08999007;0.503;Q2;128;236;688;6281;903;529;1.68;26.61;Netherlands;Elsevier BV;1987-ongoing;"Endocrinology, Diabetes and Metabolism (Q2); Nutrition and Dietetics (Q2)"
36;3500148005;Joint Commission Journal on Quality and Patient Safety;journal;15537250;0.5;Q1;72;52;191;271;199;187;1.03;5.21;United States;Joint Commission Resources Inc.;2005-ongoing;Leadership and Management (Q1)
37;27197;Cancer Nursing;journal;0162220X;0.499;Q1;71;62;148;1903;178;144;1.06;30.69;United States;Lippincott Williams & Wilkins Ltd.;1978-ongoing;"Oncology (nursing) (Q1); Oncology (Q2)"
38;29259;Nursing Research;journal;15389847, 00296562;0.488;Q1;82;53;184;1636;204;167;1.18;30.87;United States;Lippincott Williams & Wilkins Ltd.;1952-ongoing;Nursing (miscellaneous) (Q1)
39;15962;Journal of Medical Ethics;journal;14734257, 03066800;0.486;Q1;65;114;242;1824;174;174;1.06;16;United Kingdom;BMJ Publishing Group;1975-ongoing;"Health Policy (Q1); Issues, Ethics and Legal Aspects (Q1); Arts and Humanities (miscellaneous) (Q2); Health (social science) (Q2)"
40;16480;Kennedy Institute of Ethics Journal;journal;10546863;0.486;Q1;37;24;101;407;66;100;0.77;16.96;United States;Johns Hopkins University Press;1991-ongoing;"Health Policy (Q1); History and Philosophy of Science (Q1); Issues, Ethics and Legal Aspects (Q1); Medicine (miscellaneous) (Q1); Health (social science) (Q2)"
41;16200;International Psychogeriatrics;journal;1741203X, 10416102;0.478;Q1;84;52;302;357;256;290;0.89;6.87;United Kingdom;Cambridge University Press;1989-ongoing;"Gerontology (Q1); Clinical Psychology (Q2); Geriatrics and Gerontology (Q2); Psychiatry and Mental Health (Q2)"
42;17022;Perspectives in Biology and Medicine;journal;15298795, 00315982;0.476;Q1;44;40;149;1422;101;143;0.78;35.55;United States;The Johns Hopkins University Press;1957-ongoing;"History and Philosophy of Science (Q1); Issues, Ethics and Legal Aspects (Q1); Medicine (miscellaneous) (Q1); Health Policy (Q2)"
43;13348;Proceedings of the Nutrition Society;journal;00296651, 14752719;0.472;Q2;113;129;254;6843;343;254;1.32;53.05;United Kingdom;Cambridge University Press;1944-1947, 1953, 1955-ongoing;"Medicine (miscellaneous) (Q1); Nutrition and Dietetics (Q2)"
44;14183;Aphasiology;journal;14645041, 02687038;0.466;Q1;61;69;216;2322;145;215;0.71;33.65;United Kingdom;Taylor & Francis;1987-ongoing;"Linguistics and Language (Q1); LPN and LVN (Q1); Language and Linguistics (Q2); Neurology (clinical) (Q2); Otorhinolaryngology (Q2); Developmental and Educational Psychology (Q3); Neurology (Q3)"
45;27098;American Journal of Critical Care;journal;10623264;0.458;Q1;74;69;224;1530;163;180;0.98;22.17;United States;American Association of Critical Care Nurses;1992-ongoing;"Critical Care Nursing (Q1); Medicine (miscellaneous) (Q1)"
46;29194;Journal of Aging Studies;journal;08904065;0.458;Q1;55;29;69;989;44;69;0.48;34.1;United Kingdom;Elsevier Ltd.;1987-ongoing;"Issues, Ethics and Legal Aspects (Q1); Medicine (miscellaneous) (Q1); Health Policy (Q2)"
47;40042;Research in Nursing and Health;journal;1098240X, 01606891;0.458;Q1;76;51;161;2162;173;147;1.08;42.39;United States;John Wiley & Sons Inc.;1978-ongoing;Nursing (miscellaneous) (Q1)
48;13701;Folia Phoniatrica et Logopaedica;journal;14219972, 10217762;0.457;Q1;42;23;103;620;64;101;0.59;26.96;Switzerland;S. Karger AG;1994-ongoing;"LPN and LVN (Q1); Language and Linguistics (Q2); Linguistics and Language (Q2); Speech and Hearing (Q2)"
49;14167;Journal of Healthcare Management;journal;10969012;0.456;Q1;43;52;114;717;83;109;0.72;13.79;United States;Lippincott Williams & Wilkins Ltd.;1998-ongoing;"Leadership and Management (Q1); Medicine (miscellaneous) (Q1); Health Policy (Q2); Strategy and Management (Q2)"
50;29368;Public Health Nursing;journal;07371209, 15251446;0.454;Q1;51;59;162;1455;127;150;0.69;24.66;United Kingdom;Blackwell Publishing Inc.;1945-1952, 1984-ongoing;"Nursing (miscellaneous) (Q1); Public Health, Environmental and Occupational Health (Q2)"
51;19016;Methods of Information in Medicine;journal;00261270;0.444;Q1;56;60;206;1266;163;197;0.72;21.1;Germany;Schattauer GmbH;1962-ongoing;"Advanced and Specialized Nursing (Q1); Health Informatics (Q1); Health Information Management (Q2)"
52;28186;Journal of Advanced Nursing;journal;03092402, 13652648;0.443;Q1;136;361;1013;12434;964;971;0.76;34.44;United Kingdom;Blackwell Publishing Inc.;1976-ongoing;Nursing (miscellaneous) (Q1)
53;27123;Archives of Psychiatric Nursing;journal;15328228, 08839417;0.436;Q1;44;40;136;243;97;120;0.84;6.08;United Kingdom;W. B. Saunders Co., Ltd.;1987-ongoing;Psychiatric Mental Health (Q1)
54;15506;Journal of Fluency Disorders;journal;0094730X;0.429;Q2;47;18;67;449;25;61;0.45;24.94;Netherlands;Elsevier BV;1974, 1977-ongoing;"Language and Linguistics (Q2); Linguistics and Language (Q2); LPN and LVN (Q2); Speech and Hearing (Q2); Experimental and Cognitive Psychology (Q3); Cognitive Neuroscience (Q4)"
55;5300152207;Current Opinion in Endocrinology, Diabetes and Obesity;journal;1752296X;0.426;Q2;57;55;183;2710;173;181;0.88;49.27;United States;Lippincott Williams & Wilkins Ltd.;2007-ongoing;"Medicine (miscellaneous) (Q1); Internal Medicine (Q2); Nutrition and Dietetics (Q2); Endocrinology (Q3); Endocrinology, Diabetes and Metabolism (Q3)"
56;28237;Journal of Nursing Scholarship;journal;15475069, 15276546;0.422;Q1;72;90;209;1617;150;173;0.79;17.97;United Kingdom;Blackwell Publishing Inc.;1971-1982, 1996-ongoing;Nursing (miscellaneous) (Q1)
57;22492;Blood Pressure Monitoring;journal;13595237;0.421;Q1;57;64;236;2221;226;230;0.94;34.7;United States;Lippincott Williams & Wilkins Ltd.;1996-ongoing;"Advanced and Specialized Nursing (Q1); Assessment and Diagnosis (Q1); Medicine (miscellaneous) (Q1); Cardiology and Cardiovascular Medicine (Q2); Internal Medicine (Q2)"
58;15428;Journal of Communication Disorders;journal;00219924;0.42;Q2;56;28;84;927;51;82;0.39;33.11;Netherlands;Elsevier BV;1967-ongoing;"Linguistics and Language (Q2); LPN and LVN (Q2); Speech and Hearing (Q2); Experimental and Cognitive Psychology (Q3); Cognitive Neuroscience (Q4)"
59;12721;Journal of Parenteral and Enteral Nutrition;journal;01486071;0.414;Q2;86;107;327;3031;448;290;1.46;28.33;United States;SAGE Publications;1977-ongoing;"Medicine (miscellaneous) (Q1); Nutrition and Dietetics (Q2)"
60;4000148703;British Journal of Learning Disabilities;journal;14683156, 13544187;0.41;Q1;32;41;92;618;45;72;0.57;15.07;United Kingdom;Blackwell Publishing Inc.;1973-1995, 2000-2003, 2006-2008, 2014-ongoing;"Pediatrics (Q1); Psychiatric Mental Health (Q1)"
61;13382;Health Care Management Review;journal;15505030, 03616274;0.399;Q1;47;33;110;1056;91;102;0.73;32;United States;Lippincott Williams & Wilkins Ltd.;1976-ongoing;"Leadership and Management (Q1); Health Policy (Q2); Strategy and Management (Q2)"
62;26613;Administration and Policy in Mental Health and Mental Health Services Research;journal;15733289, 0894587X;0.395;Q1;58;23;130;410;71;127;0.6;17.83;Germany;Springer Verlag;1988-ongoing;"Psychiatric Mental Health (Q1); Health Policy (Q2); Psychiatry and Mental Health (Q2); Public Health, Environmental and Occupational Health (Q2)"
63;29992;Annals of Nutrition and Metabolism;journal;14219697, 02506807;0.391;Q2;71;45;131;1291;144;131;1.09;28.69;Switzerland;S. Karger AG;1981-ongoing;"Medicine (miscellaneous) (Q1); Nutrition and Dietetics (Q2)"
64;12717;Journal of Nutrition Education and Behavior;journal;14994046;0.383;Q2;70;59;172;1227;112;172;0.48;20.8;United States;Elsevier Inc.;1996-ongoing;"Medicine (miscellaneous) (Q1); Nutrition and Dietetics (Q2)"
65;29262;Nursing Science Quarterly;journal;08943184;0.373;Q1;33;72;142;1101;67;129;0.59;15.29;United States;SAGE Publications;1988-ongoing;Nursing (miscellaneous) (Q1)
66;23161;Food Quality and Preference;journal;09503293;0.354;Q2;100;41;150;1131;112;145;0.61;27.59;United Kingdom;Elsevier Ltd.;1988-1991, 1993-ongoing;"Food Science (Q2); Nutrition and Dietetics (Q2)"
67;23603;CIN - Computers Informatics Nursing;journal;15382931, 15389774;0.35;Q1;41;34;137;489;76;136;0.56;14.38;United States;Lippincott Williams & Wilkins Ltd.;2002-ongoing;"Nursing (miscellaneous) (Q1); Health Informatics (Q2); Medicine (miscellaneous) (Q2)"
68;27186;Canadian Journal of Nursing Research;journal;08445621;0.347;Q1;38;58;105;1257;67;91;0.66;21.67;United States;SAGE Publications Inc.;1988, 1990-2013, 2016-ongoing;Nursing (miscellaneous) (Q1)
69;30024;Breastfeeding Review;journal;07292759;0.346;Q1;23;15;18;166;17;18;0.94;11.07;Australia;Australian Breastfeeding Association;1997-ongoing;"Maternity and Midwifery (Q1); Medicine (miscellaneous) (Q2); Obstetrics and Gynecology (Q2)"
70;28137;International Journal of Nursing Studies;journal;00207489;0.343;Q1;91;51;154;1991;115;153;0.61;39.04;United Kingdom;Elsevier Ltd.;1963-ongoing;Nursing (miscellaneous) (Q1)
71;20528;Perfusion;journal;1477111X, 02676591;0.34;Q1;40;67;209;1268;131;187;0.65;18.93;United States;SAGE Publications;1986-ongoing;"Advanced and Specialized Nursing (Q1); Safety Research (Q1); Cardiology and Cardiovascular Medicine (Q2); Medicine (miscellaneous) (Q2); Radiology, Nuclear Medicine and Imaging (Q2)"
72;21792;Journal of the Association of Nurses in AIDS Care;journal;10553290;0.339;Q1;42;62;154;208;69;132;0.51;3.35;United States;Elsevier USA;1991-ongoing;Advanced and Specialized Nursing (Q1)
73;35888;Cancer Practice;journal;10654704;0.338;Q1;53;60;180;1100;112;161;0.63;18.33;United Kingdom;Blackwell Publishing Inc.;1993-2002;"Nursing (miscellaneous) (Q1); Oncology (Q3)"
74;70505;Journal of Nursing Education;journal;01484834;0.336;Q1;57;87;288;1367;116;262;0.25;15.71;United States;Slack Incorporated;1965-ongoing;"Nursing (miscellaneous) (Q1); Education (Q2)"
75;27997;Public Health Nutrition;journal;14752727, 13689800;0.336;Q2;122;79;33;2359;34;32;1.06;29.86;United Kingdom;Cambridge University Press;1998-ongoing;"Medicine (miscellaneous) (Q2); Nutrition and Dietetics (Q2); Public Health, Environmental and Occupational Health (Q2)"
76;17320;Bulletin of the Menninger Clinic;journal;00259284;0.332;Q1;36;40;104;1107;63;101;0.7;27.68;United States;Guilford Publications Inc.;1945-ongoing;"Psychiatric Mental Health (Q1); Psychiatry and Mental Health (Q2); Clinical Psychology (Q3)"
77;13343;Nutrition Research;journal;02715317;0.332;Q2;80;153;505;5305;361;500;0.74;34.67;Netherlands;Elsevier BV;1981-ongoing;"Nutrition and Dietetics (Q2); Endocrinology (Q3); Endocrinology, Diabetes and Metabolism (Q3)"
78;29381;Research and Theory for Nursing Practice;journal;15416577;0.331;Q1;36;19;49;239;34;47;0.43;12.58;United States;Springer Publishing Company;2002-ongoing;"Research and Theory (Q1); Medicine (miscellaneous) (Q2)"
79;29253;Nursing Outlook;journal;15283968, 00296554;0.327;Q1;49;49;160;751;83;113;0.68;15.33;United States;Mosby Inc.;1953-ongoing;Nursing (miscellaneous) (Q1)
80;23590;Science and Engineering Ethics;journal;13533452, 14715546;0.326;Q1;43;45;113;771;44;109;0.37;17.13;Netherlands;Springer Netherlands;1995-ongoing;"Issues, Ethics and Legal Aspects (Q1); Health Policy (Q2); Health (social science) (Q2); Management of Technology and Innovation (Q2)"
81;28224;Journal of Nursing Administration;journal;00020443, 15390721;0.322;Q1;75;115;351;1470;153;323;0.46;12.78;United States;Lippincott Williams & Wilkins Ltd.;1971-ongoing;"Leadership and Management (Q1); Medicine (miscellaneous) (Q2)"
82;5800207419;Tizard Learning Disability Review;journal;13595474;0.322;Q2;15;31;84;486;39;80;0.5;15.68;United Kingdom;Emerald Group Publishing Ltd.;1996-ongoing;"Psychiatric Mental Health (Q2); Clinical Psychology (Q3); Developmental and Educational Psychology (Q3); Psychiatry and Mental Health (Q3); Social Psychology (Q3)"
83;28717;Bulletin of the History of Medicine;journal;10863176, 00075140;0.318;Q1;27;20;60;2390;32;60;0.56;119.5;United States;The Johns Hopkins University Press;1945-ongoing;"History (Q1); Nursing (miscellaneous) (Q1); Medicine (miscellaneous) (Q2)"
84;30050;Clinical Nutrition;journal;02615614;0.316;Q2;121;64;192;1601;192;166;1.04;25.02;United States;Churchill Livingstone;1982-ongoing;"Critical Care and Intensive Care Medicine (Q2); Nutrition and Dietetics (Q2)"
85;28211;Journal of Infusion Nursing;journal;15331458;0.313;Q1;32;60;166;686;60;141;0.48;11.43;United States;Lippincott Williams & Wilkins Ltd.;2001-ongoing;"Nursing (miscellaneous) (Q1); Medicine (miscellaneous) (Q2)"
86;40064;Medicine, Science and the Law;journal;00258024;0.312;Q2;30;62;226;828;94;200;0.46;13.35;United Kingdom;SAGE Publications Inc.;1960-ongoing;"Law (Q1); Health Policy (Q2); Issues, Ethics and Legal Aspects (Q2)"
87;15982;Journal of Medicine and Philosophy;journal;03605310, 17445019;0.311;Q2;43;39;121;961;50;121;0.34;24.64;United Kingdom;Oxford University Press;1976-ongoing;"Philosophy (Q1); Issues, Ethics and Legal Aspects (Q2); Medicine (miscellaneous) (Q2)"
88;13241;Nutrition, Metabolism and Cardiovascular Diseases;journal;15903729, 09394753;0.31;Q2;84;50;141;1925;81;141;0.5;38.5;Netherlands;Elsevier BV;1996-ongoing;"Cardiology and Cardiovascular Medicine (Q2); Medicine (miscellaneous) (Q2); Nutrition and Dietetics (Q2); Endocrinology, Diabetes and Metabolism (Q3)"
89;28478;Aging and Mental Health;journal;13646915, 13607863;0.308;Q1;74;43;86;1391;46;79;0.58;32.35;United Kingdom;Carfax Publishers;1997-ongoing;"Gerontology (Q1); Geriatrics and Gerontology (Q2); Psychiatric Mental Health (Q2); Psychiatry and Mental Health (Q3)"
90;28806;Nurse Education Today;journal;02606917;0.308;Q1;65;89;250;2345;113;226;0.45;26.35;United Kingdom;Churchill Livingstone;1985-ongoing;"Nursing (miscellaneous) (Q1); Education (Q2)"
91;29191;Journal of Aging and Physical Activity;journal;10638652, 1543267X;0.306;Q1;52;24;73;610;45;73;0.55;25.42;United States;Human Kinetics Publishers Inc.;1996-ongoing;"Gerontology (Q1); Geriatrics and Gerontology (Q2); Physical Therapy, Sports Therapy and Rehabilitation (Q2); Rehabilitation (Q2); Sports Science (Q3)"
92;12715;Journal of Human Nutrition and Dietetics;journal;09523871, 1365277X;0.304;Q2;58;75;124;1155;59;121;0.44;15.4;United Kingdom;Blackwell Publishing Inc.;1988-ongoing;"Medicine (miscellaneous) (Q2); Nutrition and Dietetics (Q2)"
93;29317;Oncology Nursing Forum;journal;0190535X;0.303;Q1;81;136;392;308;243;361;0.64;2.26;United States;Oncology Nursing Society;1977-ongoing;Oncology (nursing) (Q1)
94;13310;Nutrition and Health;journal;02601060;0.302;Q2;22;16;59;275;31;55;0.39;17.19;United Kingdom;SAGE Publications Inc.;1982-2004, 2006-2009, 2011-2013, 2017-ongoing;"Medicine (miscellaneous) (Q2); Nutrition and Dietetics (Q2)"
95;29774;Physical and Occupational Therapy in Geriatrics;journal;02703181, 15413152;0.302;Q2;18;16;42;338;14;42;0.25;21.13;United States;Haworth Press Inc.;1980-ongoing;"Geriatrics and Gerontology (Q2); Gerontology (Q2); Occupational Therapy (Q2); Rehabilitation (Q2)"
96;28191;Journal of Clinical Nursing;journal;13652702, 09621067;0.3;Q1;87;102;196;373;102;184;0.44;3.66;United Kingdom;Blackwell Publishing Inc.;1992-ongoing;"Nursing (miscellaneous) (Q1); Medicine (miscellaneous) (Q2)"
97;13805;Logopedics Phoniatrics Vocology;journal;14015439;0.298;Q2;31;20;86;603;24;81;0.27;30.15;United Kingdom;Taylor & Francis;1991-1996, 1998-ongoing;"LPN and LVN (Q2); Medicine (miscellaneous) (Q2); Arts and Humanities (miscellaneous) (Q3); Speech and Hearing (Q3)"
98;22130;Obesity Surgery;journal;09608923;0.297;Q2;128;97;274;1262;222;248;0.89;13.01;United States;Springer New York LLC;1992-ongoing;"Nutrition and Dietetics (Q2); Surgery (Q2); Endocrinology, Diabetes and Metabolism (Q3)"
99;16244;Journal of Law, Medicine and Ethics;journal;10731105;0.294;Q2;51;52;165;1689;80;157;0.43;32.48;United States;SAGE Publications Inc.;1973-ongoing;"Health Policy (Q2); Issues, Ethics and Legal Aspects (Q2); Medicine (miscellaneous) (Q2)"
100;12720;Journal of Nutritional Science and Vitaminology;journal;03014800;0.294;Q3;49;76;208;1876;144;208;0.64;24.68;Japan;Center for Academic Publications Japan;1973-ongoing;"Medicine (miscellaneous) (Q2); Nutrition and Dietetics (Q3)"
101;21224;Drug Information Journal;journal;00928615;0.293;Q1;39;138;465;1741;180;463;0.33;12.62;United States;Drug Information Association;1973-2013;"Drug Guides (Q1); Pharmacology (nursing) (Q1); Pharmacology (medical) (Q2); Public Health, Environmental and Occupational Health (Q2)"
102;29552;Journal of Gerontological Nursing;journal;00989134;0.293;Q2;48;94;256;410;115;227;0.36;4.36;United States;Slack Incorporated;1975-ongoing;Gerontology (Q2)
103;28845;Nursing Inquiry;journal;13207881, 14401800;0.293;Q1;46;34;128;1158;55;113;0.47;34.06;United Kingdom;Blackwell Publishing Inc.;1994-ongoing;Nursing (miscellaneous) (Q1)
104;12508;Disease Management and Health Outcomes;journal;11738790;0.292;Q1;26;68;120;688;81;119;0.68;10.12;United Kingdom;Adis International Ltd.;1997-2008;"Leadership and Management (Q1); Health Policy (Q2); Nursing (miscellaneous) (Q2)"
105;28208;Journal of Holistic Nursing;journal;08980101;0.285;Q2;37;29;101;838;44;87;0.33;28.9;United States;SAGE Publications;1981, 1983-ongoing;Nursing (miscellaneous) (Q2)
106;28225;Journal of Nursing Care Quality;journal;10573631, 15505065;0.285;Q2;42;54;179;719;71;170;0.32;13.31;United States;Lippincott Williams & Wilkins Ltd.;1991-ongoing;Nursing (miscellaneous) (Q2)
107;14622;Social Work in Health Care;journal;00981389, 1541034X;0.278;Q1;40;32;154;1382;47;148;0.18;43.19;United States;Haworth Social Work Practice Press;1975-ongoing;"Community and Home Care (Q1); Psychiatry and Mental Health (Q3); Social Work (Q3)"
108;27746;Intensive and Critical Care Nursing;journal;09643397;0.277;Q1;51;53;172;595;65;156;0.38;11.23;United States;Churchill Livingstone;1992-ongoing;Critical Care Nursing (Q1)
109;21100200604;Workplace health & safety;journal;21650799;0.276;Q2;33;79;262;1138;70;235;0.18;14.41;United States;SAGE Publications Inc.;2012-ongoing;"Nursing (miscellaneous) (Q2); Public Health, Environmental and Occupational Health (Q2)"
110;29195;Journal of Applied Gerontology;journal;07334648;0.273;Q2;42;28;88;876;34;83;0.4;31.29;United States;SAGE Publications;1982-ongoing;"Geriatrics and Gerontology (Q2); Gerontology (Q2)"
111;3900148620;Journal of Family Nursing;journal;10748407, 1552549X;0.268;Q1;36;28;73;823;30;61;0.33;29.39;United States;SAGE Publications;1995-ongoing;"Community and Home Care (Q1); Family Practice (Q2)"
112;29075;Cambridge Quarterly of Healthcare Ethics;journal;09631801, 14692147;0.266;Q2;33;76;192;730;57;185;0.31;9.61;United Kingdom;Cambridge University Press;1992-ongoing;"Health Policy (Q2); Issues, Ethics and Legal Aspects (Q2); Health (social science) (Q3)"
113;30034;Western Journal of Nursing Research;journal;01939459;0.262;Q2;55;53;161;1508;83;138;0.56;28.45;United States;SAGE Publications;1979-ongoing;Nursing (miscellaneous) (Q2)
114;28128;World review of nutrition and dietetics;journal;00842230;0.258;Q3;35;31;72;919;54;72;0.69;29.65;Switzerland;S. Karger AG;1959-1961, 1964-1966, 1968-2001, 2003-2005, 2007-ongoing;"Food Science (Q3); Nutrition and Dietetics (Q3)"
115;28612;Canadian Journal on Aging/La Revue canadienne du vieillissment/Canadian Public Policy/Analyse de Politiques;journal;07149808;0.257;Q2;39;31;131;1059;42;107;0.47;34.16;Canada;Cambridge University Press;1982-ongoing;"Community and Home Care (Q2); Geriatrics and Gerontology (Q2); Gerontology (Q2); Health (social science) (Q3)"
116;21172;Complementary Therapies in Medicine;journal;09652299;0.253;Q1;55;40;143;463;43;125;0.36;11.58;United States;Churchill Livingstone;1993-ongoing;"Advanced and Specialized Nursing (Q1); Complementary and Alternative Medicine (Q1); Complementary and Manual Therapy (Q1)"
117;12575;Food and Nutrition Bulletin;journal;03795721;0.253;Q3;62;48;123;1638;55;123;0.38;34.13;United States;SAGE Publications Inc.;1982-ongoing;"Geography, Planning and Development (Q2); Food Science (Q3); Nutrition and Dietetics (Q3)"
118;13361;Nutrition Today;journal;0029666X, 15389839;0.252;Q3;20;11;78;214;36;78;0.37;19.45;United States;Lippincott Williams & Wilkins Ltd.;1997, 2006-ongoing;Nutrition and Dietetics (Q3)
119;15989;Journal of Palliative Medicine;journal;10966218;0.247;Q2;80;46;47;828;8;44;0.18;18;United States;Mary Ann Liebert Inc.;1999-ongoing;"Anesthesiology and Pain Medicine (Q2); Medicine (miscellaneous) (Q2); Nursing (miscellaneous) (Q2)"
120;28829;Nursing Economics;journal;07461739;0.246;Q1;41;63;195;47;77;178;0.42;0.75;United States;Jannetti Publications Inc.;1983-ongoing;"Leadership and Management (Q1); Medicine (miscellaneous) (Q2)"
121;20653;Topics in Stroke Rehabilitation;journal;10749357;0.242;Q2;54;37;88;575;36;85;0.58;15.54;United Kingdom;Taylor & Francis;1996-ongoing;"Community and Home Care (Q2); Rehabilitation (Q2); Neurology (clinical) (Q3)"
122;27603;Journal of Midwifery and Women's Health;journal;15269523;0.241;Q1;54;87;205;2338;89;156;0.45;26.87;United States;Wiley-Blackwell;2000-ongoing;"Maternity and Midwifery (Q1); Medicine (miscellaneous) (Q2); Obstetrics and Gynecology (Q2)"
123;16796;Journal of Psychiatric and Mental Health Nursing;journal;13510126;0.241;Q2;55;60;212;1635;97;196;0.42;27.25;United Kingdom;Blackwell Publishing Inc.;1994-ongoing;Psychiatric Mental Health (Q2)
124;39963;Journal of Quality in Clinical Practice;journal;13205455;0.241;Q1;23;47;89;115;43;81;0.56;2.45;United Kingdom;Blackwell Publishing Inc.;1994-2001;Leadership and Management (Q1)
125;64864;Midwifery;journal;02666138;0.241;Q1;58;34;96;1200;43;86;0.34;35.29;United States;Churchill Livingstone;1985-ongoing;"Maternity and Midwifery (Q1); Obstetrics and Gynecology (Q2)"
126;28160;Issues in Mental Health Nursing;journal;10964673, 01612840;0.24;Q2;53;48;123;1764;57;122;0.42;36.75;United Kingdom;Taylor & Francis;1978-1986, 1988-ongoing;Psychiatric Mental Health (Q2)
127;28238;Journal of Obstetric Gynecologic and Neonatal Nursing;journal;08842175;0.239;Q1;64;83;264;1217;129;223;0.48;14.66;United States;Elsevier Inc.;1976-1983, 1985-ongoing;"Critical Care Nursing (Q1); Pediatrics (Q1); Maternity and Midwifery (Q2); Medicine (miscellaneous) (Q2)"
128;15268;Issues in Law and Medicine;journal;87568160;0.235;Q2;14;14;63;786;22;63;0.41;56.14;United States;National Legal Center for the Medically Dependent and Disabled Inc;1985-ongoing;"Health Policy (Q2); Issues, Ethics and Legal Aspects (Q2); Medicine (miscellaneous) (Q2)"
129;29553;Journal of Gerontological Social Work;journal;15404048, 01634372;0.235;Q2;37;49;152;1317;43;141;0.25;26.88;United States;Haworth Social Work Practice Press;1978-ongoing;"Nursing (miscellaneous) (Q2); Social Sciences (miscellaneous) (Q2); Social Work (Q3)"
130;28249;Journal of Professional Nursing;journal;87557223;0.233;Q2;47;76;219;1100;68;209;0.31;14.47;United Kingdom;W. B. Saunders Co., Ltd.;1985-ongoing;"Medicine (miscellaneous) (Q2); Nursing (miscellaneous) (Q2)"
131;20122;Women's Health Issues;journal;10493867;0.233;Q2;53;49;190;1040;65;167;0.33;21.22;Netherlands;Elsevier BV;1990-ongoing;"Maternity and Midwifery (Q2); Obstetrics and Gynecology (Q2); Health (social science) (Q3); Public Health, Environmental and Occupational Health (Q3)"
132;144654;Nutrition and Food Science;journal;00346659;0.232;Q3;26;192;140;498;24;138;0.09;2.59;United Kingdom;Emerald Group Publishing Ltd.;2005-ongoing;"Food Science (Q3); Nutrition and Dietetics (Q3)"
133;29997;Asia Pacific Journal of Clinical Nutrition;journal;14406047, 09647058;0.227;Q3;68;54;156;532;44;156;0.28;9.85;Australia;H E C Press;1996-ongoing;"Medicine (miscellaneous) (Q2); Nutrition and Dietetics (Q3)"
134;19659;Theoretical Medicine and Bioethics;journal;15731200, 13867415;0.225;Q3;34;37;93;1236;34;90;0.27;33.41;Netherlands;Kluwer Academic Publishers;1997-ongoing;"Medicine (miscellaneous) (Q2); Issues, Ethics and Legal Aspects (Q3)"
135;29558;Journal of Nutrition for the Elderly;journal;01639366, 15408566;0.219;Q3;23;16;45;432;17;41;0.36;27;United States;Haworth Press Inc.;1980-1996, 2003-2010;"Medicine (miscellaneous) (Q2); Geriatrics and Gerontology (Q3); Nutrition and Dietetics (Q3)"
136;21743;Journal of Wound, Ostomy and Continence Nursing;journal;15283976, 10715754;0.218;Q1;45;59;179;790;46;144;0.27;13.39;United States;Lippincott Williams & Wilkins Ltd.;1994-ongoing;"Medical and Surgical Nursing (Q1); Advanced and Specialized Nursing (Q2)"
137;13473;Home Health Care Services Quarterly;journal;01621424, 15450856;0.217;Q2;25;10;35;277;9;33;0.31;27.7;United States;Haworth Press Inc.;1979-ongoing;"Community and Home Care (Q2); Health Policy (Q2); Public Health, Environmental and Occupational Health (Q3)"
138;28250;Journal of Psychosocial Nursing and Mental Health Services;journal;02793695;0.215;Q2;31;101;268;917;77;241;0.2;9.08;United States;Slack Incorporated;1981-ongoing;Psychiatric Mental Health (Q2)
139;27717;Holistic Nursing Practice;journal;08879311, 15505138;0.214;Q2;33;40;106;242;37;106;0.32;6.05;United States;Lippincott Williams & Wilkins Ltd.;1986-ongoing;"Advanced and Specialized Nursing (Q2); Complementary and Alternative Medicine (Q2); Medicine (miscellaneous) (Q2)"
140;28233;Journal of Nursing Management;journal;09660429, 13652834;0.214;Q2;65;41;136;1346;49;121;0.36;32.83;United Kingdom;Blackwell Publishing Inc.;1993-ongoing;Leadership and Management (Q2)
141;28254;Journal of Transcultural Nursing;journal;10436596;0.211;Q2;43;71;75;1124;16;62;0.26;15.83;United States;SAGE Publications;1989-ongoing;Nursing (miscellaneous) (Q2)
142;17641;Prehospital and Disaster Medicine;journal;1049023X;0.208;Q1;43;93;244;712;44;204;0.18;7.66;United Kingdom;Cambridge University Press;1985-1987, 1989-ongoing;"Emergency Nursing (Q1); Emergency Medicine (Q2)"
143;24223;Advances in Skin and Wound Care;journal;15388654, 15277941;0.207;Q2;54;36;137;211;73;120;0.59;5.86;United States;Lippincott Williams & Wilkins Ltd.;2000-ongoing;"Advanced and Specialized Nursing (Q2); Dermatology (Q3)"
144;24575;Early Child Development and Care;journal;14768275, 03004430;0.206;Q1;36;94;320;3274;57;313;0.17;34.83;United States;Taylor and Francis Ltd.;1971-1974, 1976, 1978-ongoing;"Pediatrics (Q1); Developmental and Educational Psychology (Q4); Social Psychology (Q4)"
145;15869;Journal of Clinical Ethics;journal;10467890;0.204;Q3;31;45;157;929;66;148;0.49;20.64;United States;University Pub. Group;1990-ongoing;"Health Policy (Q2); Medicine (miscellaneous) (Q2); Health (social science) (Q3); Issues, Ethics and Legal Aspects (Q3)"
146;28814;Nurse Practitioner;journal;03611817;0.204;Q2;20;113;402;1362;107;283;0.39;12.05;United States;Lippincott Williams & Wilkins Ltd.;1975-ongoing;"Medicine (miscellaneous) (Q2); Nursing (miscellaneous) (Q2)"
147;23091;Congestive Heart Failure;journal;15275299;0.201;Q1;39;41;62;1028;15;55;0.29;25.07;United States;Le Jacq Communications, Inc.;1996-2013;"Emergency Nursing (Q1); Emergency Medicine (Q2); Cardiology and Cardiovascular Medicine (Q3)"
148;28812;Nurse Educator;journal;03633624;0.2;Q1;34;96;271;17;66;266;0.16;0.18;United States;Lippincott Williams & Wilkins Ltd.;1976-ongoing;"Fundamentals and Skills (Q1); Review and Exam Preparation (Q1); Education (Q3); LPN and LVN (Q3)"
149;19447;Journal of the American Pharmacists Association : JAPhA;journal;15443191, 15443450;0.199;Q2;58;110;302;624;114;271;0.46;5.67;United States;Elsevier Inc.;2003-ongoing;"Pharmacy (Q1); Pharmacology (nursing) (Q2); Pharmacology (Q3)"
150;28838;Nursing History Review;journal;10628061;0.199;Q2;11;9;19;693;9;19;0.7;77;United States;Springer Publishing Company;1993-ongoing;Nursing (miscellaneous) (Q2)
151;13338;Health Care Analysis;journal;15733394, 10653058;0.198;Q3;32;30;147;696;45;119;0.21;23.2;Netherlands;Kluwer Academic Publishers;1993-ongoing;"Health Policy (Q2); Health (social science) (Q3); Issues, Ethics and Legal Aspects (Q3)"
152;3300147411;Home Health Care Management and Practice;journal;10848223;0.198;Q2;16;99;279;485;19;267;0.07;4.9;United States;SAGE Publications;1988-ongoing;"Community and Home Care (Q2); Leadership and Management (Q2); Public Health, Environmental and Occupational Health (Q3)"
153;15565;Journal of Loss and Trauma;journal;15325024, 15325032;0.198;Q3;32;46;132;1420;17;132;0.17;30.87;United States;Brunner - Routledge (US);1996-ongoing;"Psychiatric Mental Health (Q3); Psychiatry and Mental Health (Q3); Social Sciences (miscellaneous) (Q3); Social Psychology (Q4)"
154;28836;Nursing Ethics;journal;09697330, 14770989;0.198;Q3;50;55;160;1117;43;141;0.27;20.31;United States;SAGE Publications;1994-ongoing;Issues, Ethics and Legal Aspects (Q3)
155;13323;Nutrition in Clinical Practice;journal;08845336;0.198;Q3;61;79;208;1584;87;148;0.45;20.05;United States;SAGE Publications;1986-ongoing;"Medicine (miscellaneous) (Q2); Nutrition and Dietetics (Q3)"
156;23849;Journal of Cardiovascular Nursing;journal;08894655, 15505049;0.194;Q2;51;41;117;149;37;109;0.25;3.63;United States;Lippincott Williams & Wilkins Ltd.;1986-ongoing;"Advanced and Specialized Nursing (Q2); Cardiology and Cardiovascular Medicine (Q3)"
157;12978;Prehospital Emergency Care;journal;15450066, 10903127;0.192;Q1;56;85;115;1297;34;98;0.35;15.26;United Kingdom;Taylor & Francis;1997-ongoing;"Emergency Nursing (Q1); Emergency Medicine (Q3)"
158;28819;Nursing Administration Quarterly;journal;03639568, 15505103;0.191;Q2;32;49;144;1;43;131;0.2;0.02;United States;Lippincott Williams & Wilkins Ltd.;1976-ongoing;"Leadership and Management (Q2); Medicine (miscellaneous) (Q2)"
159;4800154001;Nursing management (Harrow, London, England : 1994);journal;13545760;0.191;Q2;16;104;270;19;25;248;0.05;0.18;United Kingdom;Royal College of Nursing Publishing Co.;1994-ongoing;Leadership and Management (Q2)
160;38138;Current Opinion in Clinical Nutrition and Metabolic Care;journal;13631950, 14736519;0.188;Q3;98;95;95;3395;60;86;0.7;35.74;United States;Lippincott Williams & Wilkins Ltd.;1998-ongoing;"Medicine (miscellaneous) (Q2); Nutrition and Dietetics (Q3)"
161;28185;Journal for specialists in pediatric nursing : JSPN;journal;15390136;0.187;Q2;33;21;69;151;23;62;0.29;7.19;United States;Wiley-Blackwell;2002-ongoing;Pediatrics (Q2)
162;14367;Seminars in Speech and Language;journal;10989056, 07340478;0.183;Q3;34;24;85;668;28;85;0.29;27.83;United States;Thieme Medical Publishers;1984-1991, 1995-ongoing;"LPN and LVN (Q3); Speech and Hearing (Q4)"
163;4700152443;AACN Advanced Critical Care;journal;15597768;0.181;Q1;39;43;159;1484;62;158;0.3;34.51;United States;Lippincott Williams & Wilkins Ltd.;2006-ongoing;"Critical Care Nursing (Q1); Medicine (miscellaneous) (Q2); Emergency Medicine (Q3)"
164;72957;Laboratory Automation and Information Management;journal;1381141X;0.181;Q2;9;15;38;374;7;38;0.13;24.93;Netherlands;Elsevier BV;1995-1999;Leadership and Management (Q2)
165;4700152294;Activities, Adaptation and Aging;journal;01924788;0.18;Q2;20;13;96;266;16;96;0.16;20.46;United States;Haworth Press Inc.;1981-1999, 2001-ongoing;"Gerontology (Q2); Geriatrics and Gerontology (Q3); Health Professions (miscellaneous) (Q3)"
166;12400154722;Informatics for health & social care;journal;17538157;0.18;Q2;31;47;107;1024;63;100;0.64;21.79;United Kingdom;Informa Healthcare;1976-1995, 2008-ongoing;"Nursing (miscellaneous) (Q2); Health Informatics (Q3); Health Information Management (Q3)"
167;28142;International Nursing Review;journal;14667657, 00208132;0.18;Q2;43;36;109;128;25;109;0.22;3.56;United Kingdom;Blackwell Publishing Inc.;1960-ongoing;Nursing (miscellaneous) (Q2)
168;29193;Journal of Aging and Social Policy;journal;15450821, 08959420;0.18;Q2;27;12;78;210;13;77;0.23;17.5;United States;Haworth Press Inc.;1989-ongoing;"Demography (Q2); Gerontology (Q2); Life-span and Life-course Studies (Q4)"
169;28204;Journal of Continuing Education in Nursing;journal;00220124;0.18;Q2;33;40;118;95;44;112;0.21;2.38;United States;Slack Incorporated;1970-ongoing;Review and Exam Preparation (Q2)
170;13180;Journal of Renal Nutrition;journal;15328503, 10512276;0.179;Q3;47;0;83;0;20;61;0.36;0;United Kingdom;W. B. Saunders Co., Ltd.;1995-ongoing;"Medicine (miscellaneous) (Q2); Nephrology (Q3); Nutrition and Dietetics (Q3)"
171;11700154358;Journal of Research in Nursing;journal;1744988X, 17449871;0.179;Q2;28;74;245;1246;56;188;0.31;16.84;United Kingdom;SAGE Publications;1996-1999, 2002, 2005-ongoing;Research and Theory (Q2)
172;21512;ACC Current Journal Review;journal;10621458;0.178;Q2;10;52;163;364;21;140;0.2;7;Netherlands;Elsevier BV;1995-2005;"Nursing (miscellaneous) (Q2); Cardiology and Cardiovascular Medicine (Q3)"
173;28348;Gastroenterology Nursing;journal;1042895X, 15389766;0.177;Q2;27;60;179;522;19;154;0.08;8.7;United States;Lippincott Williams & Wilkins Ltd.;1989-ongoing;"Advanced and Specialized Nursing (Q2); Medicine (miscellaneous) (Q2); Gastroenterology (Q3)"
174;28652;Clinical Gerontologist;journal;15452301, 07317115;0.176;Q3;27;27;131;571;22;128;0.11;21.15;United States;Haworth Press Inc.;1982-ongoing;"Geriatrics and Gerontology (Q3); Gerontology (Q3); Health (social science) (Q3); Clinical Psychology (Q4); Social Psychology (Q4)"
175;21100779068;Comprehensive Child and Adolescent Nursing;journal;24694207, 24694193;0.176;Q2;34;16;59;447;18;56;0.2;27.94;United Kingdom;Taylor and Francis Ltd.;2016-ongoing;Pediatrics (Q2)
176;28234;Journal of Nursing Measurement;journal;10613749;0.176;Q2;34;14;40;529;14;36;0.21;37.79;United States;Springer Publishing Company;1993-ongoing;"Medicine (miscellaneous) (Q2); Nursing (miscellaneous) (Q2)"
177;40637;Zeitschrift für Gerontologie und Geriatrie : Organ der Deutschen Gesellschaft für Gerontologie und Geriatrie;journal;09486704, 14351269;0.176;Q2;35;78;192;2421;70;175;0.34;31.04;Germany;Dr. Dietrich Steinkopff Verlag;1995-ongoing;"Gerontology (Q2); Geriatrics and Gerontology (Q3); Health (social science) (Q3); Issues, Ethics and Legal Aspects (Q3)"
178;28193;Journal of Community Health Nursing;journal;15327655, 07370016;0.175;Q3;31;19;67;478;23;63;0.34;25.16;United States;Lawrence Erlbaum Associates Inc.;1984-ongoing;"Community and Home Care (Q3); Public Health, Environmental and Occupational Health (Q3)"
179;11000153729;Professional Case Management;journal;19328087;0.175;Q1;20;41;127;387;20;113;0.22;9.44;United States;Lippincott Williams & Wilkins Ltd.;2007-ongoing;"Assessment and Diagnosis (Q1); Care Planning (Q1); Leadership and Management (Q2); Health Policy (Q3)"
180;28541;Archives of Gerontology and Geriatrics;journal;01674943;0.174;Q3;64;43;351;1118;102;350;0.32;26;Netherlands;Elsevier BV;1982-ongoing;"Geriatrics and Gerontology (Q3); Gerontology (Q3); Health (social science) (Q3); Aging (Q4)"
181;28650;Zeitschrift für Geburtshilfe und Neonatologie;journal;14391651, 09482393;0.173;Q2;17;64;186;1193;52;170;0.28;18.64;Germany;Georg Thieme Verlag;1995-ongoing;"Maternity and Midwifery (Q2); Medicine (miscellaneous) (Q2); Obstetrics and Gynecology (Q3); Pediatrics, Perinatology and Child Health (Q3)"
182;28828;Nursing Clinics of North America;journal;00296465;0.172;Q2;28;55;170;2286;66;170;0.28;41.56;United Kingdom;W. B. Saunders Co., Ltd.;1966-ongoing;"Medicine (miscellaneous) (Q2); Nursing (miscellaneous) (Q2)"
183;11300153503;Journal of Correctional Health Care;journal;10783458;0.171;Q3;19;16;42;283;8;33;0.24;17.69;United States;SAGE Publications;1994-ongoing;"Community and Home Care (Q3); Public Health, Environmental and Occupational Health (Q3)"
184;29037;Geriatric Nursing;journal;15283984, 01974572;0.17;Q3;35;75;198;415;27;178;0.13;5.53;United States;Mosby Inc.;1980-ongoing;"Medicine (miscellaneous) (Q2); Gerontology (Q3)"
185;27122;Applied Nursing Research;journal;15328201, 08971897;0.169;Q2;48;32;106;112;35;96;0.31;3.5;United Kingdom;W. B. Saunders Co., Ltd.;1988-ongoing;Nursing (miscellaneous) (Q2)
186;27598;Clinical Nurse Specialist;journal;08876274;0.168;Q2;29;63;206;333;48;151;0.25;5.29;United States;Lippincott Williams & Wilkins Ltd.;1987-ongoing;"Advanced and Specialized Nursing (Q2); Assessment and Diagnosis (Q2); Leadership and Management (Q2); LPN and LVN (Q3)"
187;12728;Geburtshilfe und Frauenheilkunde;journal;14388804, 00165751;0.168;Q3;23;155;542;3638;151;536;0.21;23.47;Germany;Georg Thieme Verlag;1947-1948, 1950-ongoing;"Maternity and Midwifery (Q3); Obstetrics and Gynecology (Q3)"
188;22419;American Journal of Geriatric Cardiology;journal;10767460;0.166;Q3;30;54;129;796;18;127;0.14;14.74;United States;Le Jacq Communications, Inc.;1993-2008;"Cardiology and Cardiovascular Medicine (Q3); Geriatrics and Gerontology (Q3); Gerontology (Q3); Health Policy (Q3)"
189;12400154748;Population Health Management;journal;19427905, 19427891;0.166;Q2;35;20;34;271;14;34;0.41;13.55;United States;Mary Ann Liebert Inc.;2008-ongoing;"Leadership and Management (Q2); Health Policy (Q3); Public Health, Environmental and Occupational Health (Q3)"
190;29925;Seminars in Oncology Nursing;journal;07492081;0.165;Q2;41;32;110;1089;41;110;0.36;34.03;United Kingdom;W. B. Saunders Co., Ltd.;1985-ongoing;Oncology (nursing) (Q2)
191;29996;Archivos Latinoamericanos de Nutricion;journal;00040622;0.164;Q3;30;86;209;2064;29;207;0.15;24;Venezuela;Sociedad Latinoamericana de Nutricion;1971-ongoing;"Medicine (miscellaneous) (Q2); Nutrition and Dietetics (Q3)"
192;93879;Journal of Child and Adolescent Psychiatric Nursing;journal;10736077;0.164;Q2;32;24;74;429;15;53;0.31;17.88;United States;Wiley-Blackwell;1988-ongoing;"Medicine (miscellaneous) (Q2); Pediatrics (Q2); Psychiatric Mental Health (Q3); Psychiatry and Mental Health (Q3)"
193;28240;Journal of Pediatric Nursing;journal;15328449, 08825963;0.164;Q3;51;54;168;296;60;150;0.24;5.48;United Kingdom;W. B. Saunders Co., Ltd.;1986-ongoing;Pediatrics (Q3)
194;28837;Nursing Forum;journal;00296473;0.164;Q2;31;22;67;173;14;52;0.11;7.86;United States;Wiley-Blackwell;1961-1981, 1984-1985, 1987-2000, 2002-ongoing;Nursing (miscellaneous) (Q2)
195;27170;British Journal of Nursing;journal;09660461;0.161;Q2;41;270;716;2705;170;633;0.22;10.02;United Kingdom;Mark Allen Publishing Ltd.;1992-ongoing;Nursing (miscellaneous) (Q2)
196;17831;Medical History;journal;00257273;0.161;Q2;24;29;80;2546;18;78;0.23;87.79;United Kingdom;Cambridge University Press;1957-ongoing;"History (Q2); Medicine (miscellaneous) (Q2); Nursing (miscellaneous) (Q2)"
197;11700154712;Traumatology;journal;15347656, 10859373;0.161;Q3;28;19;22;342;4;16;0.18;18;United States;American Psychological Association Inc.;2008-ongoing;"Emergency Medicine (Q3); Nursing (miscellaneous) (Q3); Public Health, Environmental and Occupational Health (Q3)"
198;13153;Wounds;journal;10447946;0.16;Q1;36;30;84;751;47;84;0.46;25.03;United States;H M P Communications;1996-ongoing;"Medical and Surgical Nursing (Q1); Surgery (Q3)"
199;20434;Ambulatory Surgery;journal;09666532;0.159;Q1;15;32;114;644;21;110;0.21;20.13;United Kingdom;International Association for Ambulatory Surgery;1993-ongoing;"Medical and Surgical Nursing (Q1); Anesthesiology and Pain Medicine (Q3); Surgery (Q3)"
200;30026;Cahiers de Nutrition et de Dietetique;journal;00079960;0.159;Q3;12;60;155;1121;40;152;0.3;18.68;France;Elsevier Masson;1973-1991, 1994-ongoing;"Medicine (miscellaneous) (Q2); Nutrition and Dietetics (Q3)"
201;27629;Critical Care Nurse;journal;02795442;0.159;Q2;37;72;237;1373;40;194;0.24;19.07;United States;American Association of Critical Care Nurses;1980-ongoing;"Critical Care Nursing (Q2); Medicine (miscellaneous) (Q2)"
202;16150;International Journal of Mental Health Nursing;journal;14458330, 14400979;0.159;Q3;46;23;72;205;16;62;0.2;8.91;United Kingdom;Blackwell Publishing Inc.;2002-ongoing;Psychiatric Mental Health (Q3)
203;17601;Journal of Clinical Biochemistry and Nutrition;journal;09120009;0.159;Q3;50;38;133;1287;42;133;0.31;33.87;Japan;Institute of Applied Biochemistry;1993-ongoing;"Medicine (miscellaneous) (Q2); Nutrition and Dietetics (Q3); Clinical Biochemistry (Q4)"
204;29343;Perspectives in Psychiatric Care;journal;00315990;0.159;Q3;30;18;69;457;12;57;0.21;25.39;United States;Wiley-Blackwell;1963-1985, 1987, 1989-ongoing;"Medicine (miscellaneous) (Q2); Psychiatric Mental Health (Q3)"
205;27599;Clinical Nursing Research;journal;10547738;0.158;Q3;39;28;96;52;35;83;0.29;1.86;United States;SAGE Publications;1992-ongoing;Nursing (miscellaneous) (Q3)
206;15097;Journal of Child Health Care;journal;13674935;0.158;Q3;30;33;78;703;8;78;0.1;21.3;United States;SAGE Publications;1997-ongoing;"Pediatrics (Q3); Pediatrics, Perinatology and Child Health (Q3)"
207;27115;American Journal of Nursing;journal;0002936X;0.157;Q3;47;299;714;1112;100;616;0.15;3.72;United States;Lippincott Williams & Wilkins Ltd.;1945-ongoing;"Medicine (miscellaneous) (Q2); Nursing (miscellaneous) (Q3)"
208;28242;Journal of Perinatal and Neonatal Nursing;journal;08932190, 15505073;0.157;Q2;37;27;92;1087;33;89;0.34;40.26;United States;Lippincott Williams & Wilkins Ltd.;1987-ongoing;"Critical Care Nursing (Q2); Medicine (miscellaneous) (Q2); Maternity and Midwifery (Q3); Pediatrics (Q3)"
209;14847;Quality Management in Health Care;journal;10638628;0.153;Q2;31;28;95;0;23;94;0.27;0;United States;Lippincott Williams & Wilkins Ltd.;1992-ongoing;"Care Planning (Q2); Health Policy (Q3); Leadership and Management (Q3); Health (social science) (Q4)"
210;12650;Contemporary Ob/Gyn;journal;00903159;0.151;Q2;9;59;234;1364;40;234;0.2;23.12;United States;UBM Medica Periodical Publication;1975-1977, 1982, 1996-ongoing;"Advanced and Specialized Nursing (Q2); Maternity and Midwifery (Q3); Obstetrics and Gynecology (Q3)"
211;26994;Air Medical Journal;journal;15326497, 1067991X;0.15;Q2;20;27;72;330;8;69;0.09;12.22;United States;Mosby Inc.;1993-ongoing;"Emergency Nursing (Q2); Emergency Medicine (Q3)"
212;28835;Nursing Education Perspectives;journal;15365026;0.149;Q3;42;57;150;357;18;132;0.14;6.26;United States;Lippincott Williams & Wilkins Ltd.;2002-ongoing;"Medicine (miscellaneous) (Q2); Nursing (miscellaneous) (Q3); Education (Q4)"
213;3900148510;Forum of Nutrition;book series;16600347;0.148;Q3;29;0;15;0;9;15;0.6;0;Switzerland;Karger AG;1998, 2001, 2003, 2005-2007, 2009-2010;"Nutrition and Dietetics (Q3); Public Health, Environmental and Occupational Health (Q3)"
214;29957;Journal of Pediatric Oncology Nursing;journal;10434542, 15328457;0.147;Q2;43;28;123;56;28;103;0.23;2;United States;SAGE Publications;1984-ongoing;"Oncology (nursing) (Q2); Pediatrics (Q4)"
215;27339;Journal of Religion and Health;journal;15736571, 00224197;0.146;Q3;34;22;71;473;9;71;0.08;21.5;United States;Kluwer Academic/Plenum Publishers;1961-ongoing;"Religious Studies (Q1); Medicine (miscellaneous) (Q2); Nursing (miscellaneous) (Q3)"
216;12539;European Journal of Nutrition;journal;14366215, 14366207;0.145;Q3;85;34;766;1568;113;761;0.16;46.12;Germany;Dr. Dietrich Steinkopff Verlag;1996-ongoing;"Medicine (miscellaneous) (Q2); Nutrition and Dietetics (Q3)"
217;12299;Journal of Wound Care;journal;09690700;0.144;Q1;57;104;326;964;62;296;0.16;9.27;United Kingdom;Mark Allen Publishing Ltd.;1995-ongoing;"Fundamentals and Skills (Q1); Nursing (miscellaneous) (Q3)"
218;20554;Progress in cardiovascular nursing;journal;08897204;0.144;Q3;27;32;81;253;16;81;0.2;7.91;United States;Le Jacq Communications, Inc.;1987-2009;"Cardiology and Cardiovascular Medicine (Q3); Nursing (miscellaneous) (Q3)"
219;12190;Reviews in Clinical Gerontology;journal;09592598, 14699036;0.144;Q3;25;37;122;71;28;109;0.22;1.92;United Kingdom;Cambridge University Press;1991-2015;"Geriatrics and Gerontology (Q3); Gerontology (Q3)"
220;28222;Journal of Neuroscience Nursing;journal;08880395;0.143;Q1;39;49;140;399;30;130;0.29;8.14;United States;Lippincott Williams & Wilkins Ltd.;1986-ongoing;"Medical and Surgical Nursing (Q1); Surgery (Q3); Endocrine and Autonomic Systems (Q4); Neurology (clinical) (Q4)"
221;29320;Online Journal of Issues in Nursing;journal;10913734;0.143;Q4;34;23;54;200;5;42;0.06;8.7;United States;American Nurses Association;1996-ongoing;Issues, Ethics and Legal Aspects (Q4)
222;27052;AORN Journal;journal;00012092;0.142;Q2;39;152;459;943;66;415;0.12;6.2;United States;Elsevier USA;1965-ongoing;Medical and Surgical Nursing (Q2)
223;14722;Intensivmedizin und Notfallmedizin;journal;01753851;0.142;Q2;13;99;261;2986;60;249;0.24;30.16;Germany;Dr. Dietrich Steinkopff Verlag;1986-2011;"Emergency Nursing (Q2); Critical Care and Intensive Care Medicine (Q3); Emergency Medicine (Q3)"
224;27095;Journal of the American Academy of Nurse Practitioners;journal;10412972;0.142;Q3;40;55;177;832;30;176;0.18;15.13;United States;American Academy of Nurse Practitioners;1989-2013;Nursing (miscellaneous) (Q3)
225;28557;Australasian Journal on Ageing;journal;14406381;0.141;Q3;28;55;80;929;23;68;0.34;16.89;United States;Wiley-Blackwell;1982-1995, 1998-ongoing;"Medicine (miscellaneous) (Q2); Community and Home Care (Q3); Geriatrics and Gerontology (Q4)"
226;4700152299;Journal of Addictions Nursing;journal;10884602;0.141;Q3;14;31;88;477;6;61;0.09;15.39;United States;Lippincott Williams & Wilkins Ltd.;1996-2001, 2003-ongoing;"Psychiatric Mental Health (Q3); Psychiatry and Mental Health (Q4)"
227;28032;Scandinavian Journal of Nutrition/Naringsforskning, Supplement;journal;11026510;0.141;Q3;7;8;28;198;9;28;0.43;24.75;Sweden;Swedish Nutrition Foundation;1996, 1998-2000;"Medicine (miscellaneous) (Q2); Nutrition and Dietetics (Q3); Food Science (Q4)"
228;27140;Australian Journal of Advanced Nursing;journal;14474328, 08130531;0.139;Q3;33;35;74;79;14;63;0.16;2.26;Australia;Australian Nursing Federation;1983-ongoing;"Advanced and Specialized Nursing (Q3); Nursing (miscellaneous) (Q3)"
229;27684;European Journal of Oncology Nursing;journal;14623889;0.139;Q3;49;21;63;85;8;63;0.13;4.05;United States;Churchill Livingstone;1991, 1998-ongoing;"Medicine (miscellaneous) (Q3); Oncology (nursing) (Q3)"
230;26661;Journal of Nutrition, Health and Aging;journal;12797707;0.139;Q4;74;28;59;1146;10;56;0.18;40.93;France;Springer Paris;1997-ongoing;"Medicine (miscellaneous) (Q3); Geriatrics and Gerontology (Q4); Nutrition and Dietetics (Q4)"
231;18122;Nutritional Neuroscience;journal;14768305, 1028415X;0.139;Q4;51;40;17;1909;7;17;0.41;47.73;United Kingdom;Maney Publishing;1998-ongoing;"Medicine (miscellaneous) (Q3); Neuroscience (miscellaneous) (Q4); Nutrition and Dietetics (Q4)"
232;13384;Health Care Manager;journal;15255794, 1550512X;0.138;Q3;22;40;107;175;14;107;0.08;4.38;United States;Lippincott Williams & Wilkins Ltd.;1999-ongoing;"Care Planning (Q3); Health Policy (Q3); Leadership and Management (Q3); Medicine (miscellaneous) (Q3); Health (social science) (Q4)"
233;13371;HEC Forum;journal;09562737, 15728498;0.138;Q4;18;38;100;402;12;94;0.16;10.58;Netherlands;Kluwer Academic Publishers;1989-ongoing;"Health Policy (Q3); Medicine (miscellaneous) (Q3); Health (social science) (Q4); Issues, Ethics and Legal Aspects (Q4)"
234;12718;Journal of Nutritional and Environmental Medicine;journal;13646907, 13590847;0.138;Q4;19;37;124;866;20;105;0.14;23.41;United Kingdom;Taylor & Francis;1995-2005, 2007-2008;"Medicine (miscellaneous) (Q3); Food Science (Q4); Nutrition and Dietetics (Q4); Public Health, Environmental and Occupational Health (Q4)"
235;29341;Pediatric nursing;journal;00979805;0.138;Q4;41;96;256;598;56;233;0.17;6.23;United Kingdom;Royal College of Nursing Publishing Co.;1975-ongoing;"Medicine (miscellaneous) (Q3); Pediatrics (Q4)"
236;22549;Public Health Reviews;journal;21076952, 03010422;0.138;Q3;26;10;70;260;9;68;0.09;26;Israel;Technosdar Ltd;1973-1980, 1982-2003, 2010-ongoing;"Community and Home Care (Q3); Public Health, Environmental and Occupational Health (Q4)"
237;19700166614;International Journal of Orthopaedic and Trauma Nursing;journal;18781241, 18781292;0.137;Q3;16;46;98;820;20;79;0.25;17.83;Netherlands;Elsevier BV;2010-ongoing;"Advanced and Specialized Nursing (Q3); Orthopedics and Sports Medicine (Q4)"
238;73057;Journal of Nutritional Immunology;journal;10495150;0.137;Q4;5;0;45;0;7;45;0.17;0;United States;Haworth Medical Press;1993-1997;"Immunology (Q4); Nutrition and Dietetics (Q4)"
239;28725;MCN The American Journal of Maternal Child Nursing;journal;0361929X;0.137;Q3;37;54;218;808;22;189;0.14;14.96;United States;Lippincott Williams & Wilkins Ltd.;1976-ongoing;"Pharmacology (nursing) (Q3); Maternity and Midwifery (Q4)"
240;27647;Dimensions of Critical Care Nursing;journal;07304625;0.136;Q2;26;63;105;318;18;101;0.17;5.05;United States;Lippincott Williams & Wilkins Ltd.;1982-ongoing;"Critical Care Nursing (Q2); Emergency Nursing (Q2)"
241;15970;Journal of Medicinal Food;journal;1096620X;0.136;Q4;70;58;33;709;4;32;0.13;12.22;United States;Mary Ann Liebert Inc.;1999-ongoing;"Medicine (miscellaneous) (Q3); Nutrition and Dietetics (Q4)"
242;28765;Neonatal Network;journal;15392880, 07300832;0.136;Q2;33;65;230;733;53;218;0.15;11.28;United States;Springer Publishing Company;1985-ongoing;"Critical Care Nursing (Q2); Critical Care and Intensive Care Medicine (Q3); Medicine (miscellaneous) (Q3); Pediatrics, Perinatology and Child Health (Q3)"
243;29380;Rehabilitation Nursing;journal;02784807;0.136;Q3;33;42;150;211;36;142;0.21;5.02;United States;Lippincott Williams & Wilkins Ltd.;1981-ongoing;"Medicine (miscellaneous) (Q3); Nursing (miscellaneous) (Q3); Rehabilitation (Q3); Physical Therapy, Sports Therapy and Rehabilitation (Q4)"
244;36336;Home Care Provider;journal;1084628X;0.135;Q3;10;57;236;406;16;150;0.1;7.12;United States;Mosby-Year Book Inc.;1996-2001;"Leadership and Management (Q3); Health (social science) (Q4)"
245;12949;Ostomy Wound Management;journal;08895899;0.135;Q3;47;89;205;1060;51;183;0.26;11.91;United States;H M P Communications;1988-ongoing;"Gastroenterology (Q3); Internal Medicine (Q3); Medicine (miscellaneous) (Q3); Nursing (miscellaneous) (Q3)"
246;28852;Nursing management;journal;07446314;0.134;Q3;20;237;697;335;118;661;0.16;1.41;United States;Lippincott Williams & Wilkins Ltd.;1981-ongoing;Leadership and Management (Q3)
247;93986;Journal of ethics, law, and aging;journal;10761616;0.133;Q3;6;8;16;0;3;14;0.25;0;Germany;Springer Verlag;1995-1999;"Gerontology (Q3); Issues, Ethics and Legal Aspects (Q4)"
248;34628;Journal of Nursing Staff Development;journal;08820627;0.133;Q3;14;0;107;0;32;107;0.33;0;United States;Lippincott Williams & Wilkins Ltd.;1985-1998;Nursing (miscellaneous) (Q3)
249;31352;Clinical Laboratory Management Review;journal;08887950;0.132;Q3;7;45;183;168;24;181;0.13;3.73;United States;Lippincott Williams & Wilkins Ltd.;1987-1999;Leadership and Management (Q3)
250;28241;Journal of Perianesthesia Nursing;journal;15328473, 10899472;0.13;Q2;29;54;166;583;11;152;0.08;10.8;United Kingdom;W. B. Saunders Co., Ltd.;1996-ongoing;Medical and Surgical Nursing (Q2)
251;16988;Patient Care;journal;0031305X;0.13;Q3;8;151;301;1929;20;301;0.05;12.77;United States;Advanstar Communications Inc.;1975, 1977-1987, 1989, 1991, 1996-2004;Leadership and Management (Q3)
252;26729;AANA Journal;journal;00946354;0.129;Q2;28;57;229;538;20;174;0.07;9.44;United States;AANA Publishing Inc.;1978, 1986, 1995-2000, 2002-ongoing;"Medical and Surgical Nursing (Q2); Advanced and Specialized Nursing (Q3); Anesthesiology and Pain Medicine (Q3); Medicine (miscellaneous) (Q3)"
253;18993;New Genetics and Society;journal;14636778, 14699915;0.129;Q4;30;15;65;353;9;65;0.16;23.53;United Kingdom;Carfax Publishing Ltd.;1996-1997, 1999-ongoing;"Health Policy (Q3); Genetics (Q4); Health (social science) (Q4); Issues, Ethics and Legal Aspects (Q4)"
254;27643;Critical Care Nursing Quarterly;journal;15505111, 08879303;0.128;Q3;30;49;112;747;17;106;0.14;15.24;United States;Lippincott Williams & Wilkins Ltd.;1987-ongoing;Critical Care Nursing (Q3)
255;5100153505;Occupational Ergonomics;journal;13599364;0.128;Q3;15;0;22;0;2;22;0.09;0;Netherlands;IOS Press;1998, 2000-2002, 2004-2011, 2013, 2015-2016, 2018-ongoing;"Advanced and Specialized Nursing (Q3); Rehabilitation (Q3); Physical Therapy, Sports Therapy and Rehabilitation (Q4); Public Health, Environmental and Occupational Health (Q4)"
256;97992;Journal of the American Association of Nurse Anesthetists;journal;00027448;0.127;Q2;0;0;0;0;0;0;0;0;United States;American Association of Nurse Anesthetists Publishing;1948-1950, 1965-2003;"Medical and Surgical Nursing (Q2); Advanced and Specialized Nursing (Q3); Anesthesiology and Pain Medicine (Q3)"
257;27124;Journal of the American Psychiatric Nurses Association;journal;15325725, 10783903;0.127;Q4;25;44;122;664;16;109;0.12;15.09;United States;SAGE Publications;1995-ongoing;Psychiatric Mental Health (Q4)
258;27632;Critical Care Nursing Clinics of North America;journal;08995885;0.126;Q3;27;41;142;1216;39;142;0.26;29.66;United Kingdom;W. B. Saunders Co., Ltd.;1989-ongoing;Critical Care Nursing (Q3)
259;36262;Journal of Case Management;journal;10613706;0.126;Q3;9;0;79;0;20;68;0.14;0;Germany;Springer Verlag;1992-1998;"Health Professions (miscellaneous) (Q3); Leadership and Management (Q3); Social Sciences (miscellaneous) (Q3); Psychology (miscellaneous) (Q4)"
260;27139;Australian Critical Care;journal;10367314;0.125;Q2;31;29;71;654;11;56;0.29;22.55;Ireland;Elsevier Ireland Ltd;1992-ongoing;"Emergency Nursing (Q2); Critical Care Nursing (Q3)"
261;14200154729;Journal of Dietary Supplements;journal;19390211;0.125;Q4;20;19;16;347;2;16;0.13;18.26;United States;Informa Healthcare;2008-ongoing;"Pharmacology (medical) (Q3); Food Science (Q4); Nutrition and Dietetics (Q4)"
262;11700154303;International Emergency Nursing;journal;1755599X;0.124;Q3;34;44;156;365;23;135;0.12;8.3;United Kingdom;Elsevier Science;2008-ongoing;Emergency Nursing (Q3)
263;28257;Journal of Vascular Nursing;journal;10620303;0.123;Q3;20;17;58;271;6;57;0.08;15.94;United States;Mosby Inc.;1990-ongoing;Medical and Surgical Nursing (Q3)
264;110089;Minerva Gastroenterologica e Dietologica;journal;1121421X;0.123;Q4;24;17;95;281;7;94;0.03;16.53;Italy;Edizioni Minerva Medica;1965-1977, 1991-ongoing;"Gastroenterology (Q3); Internal Medicine (Q3); Endocrinology, Diabetes and Metabolism (Q4); Nutrition and Dietetics (Q4)"
265;75220;Therapeutic Communities;journal;09641866;0.123;Q4;15;23;81;504;2;72;0.02;21.91;United Kingdom;Emerald Group Publishing Ltd.;1992-ongoing;"Clinical Psychology (Q4); Health Professions (miscellaneous) (Q4); Psychiatric Mental Health (Q4); Psychiatry and Mental Health (Q4)"
266;27749;International Journal of Nursing Practice;journal;13227114, 1440172X;0.122;Q3;48;40;149;667;14;124;0.07;16.68;United Kingdom;Blackwell Publishing Inc.;1995-ongoing;Nursing (miscellaneous) (Q3)
267;28839;Nursing in critical care;journal;14785153, 13621017;0.122;Q3;36;25;116;305;11;100;0.06;12.2;United Kingdom;Blackwell Publishing Inc.;1996-2000, 2002-ongoing;Critical Care Nursing (Q3)
268;26658;Nutrition Clinique et Metabolisme;journal;09850562;0.122;Q4;13;42;130;1228;33;128;0.31;29.24;France;Elsevier Masson;1987-ongoing;"Internal Medicine (Q3); Endocrinology, Diabetes and Metabolism (Q4); Nutrition and Dietetics (Q4)"
269;27596;Clinical Journal of Oncology Nursing;journal;10921095;0.121;Q4;40;44;43;203;5;38;0.13;4.61;United States;Oncology Nursing Society;1997-ongoing;"Oncology (Q4); Oncology (nursing) (Q4)"
270;32990;CRNA: Clinical Forum for Nurse Anesthetists;journal;10482687;0.121;Q3;10;31;82;638;6;79;0.1;20.58;United States;Saunders;1992-2000;"Nursing (miscellaneous) (Q3); Anesthesiology and Pain Medicine (Q4)"
271;29292;Nursing times;journal;09547762;0.121;Q3;24;1257;3200;245;233;3133;0.05;0.19;United Kingdom;Emap Media Ltd.;1947-1951, 1961-ongoing;Nursing (miscellaneous) (Q3)
272;21942;Reanimation;journal;16240693;0.121;Q3;16;122;187;2765;30;168;0.18;22.66;France;Elsevier Masson SAS;2001-ongoing;"Emergency Nursing (Q3); Emergency Medicine (Q4)"
273;17784;Research in the Sociology of Health Care;book series;02754959;0.121;Q3;9;0;1;0;0;1;0;0;United Kingdom;Emerald Group Publishing Ltd.;1991, 1996, 2000-2010, 2014-ongoing;"Nursing (miscellaneous) (Q3); Public Health, Environmental and Occupational Health (Q4); Sociology and Political Science (Q4)"
274;27626;Contemporary Nurse;journal;10376178;0.12;Q3;34;39;104;305;8;84;0.09;7.82;United Kingdom;Taylor & Francis;1992-ongoing;Nursing (miscellaneous) (Q3)
275;29968;Aktuelle Ernahrungsmedizin Klinik und Praxis;journal;14389916, 03410501;0.119;Q4;15;57;146;1494;20;146;0.14;26.21;Germany;Georg Thieme Verlag;1960-1963, 1978-ongoing;"Medicine (miscellaneous) (Q3); Nutrition and Dietetics (Q4)"
276;80252;Care of the Critically Ill;journal;02660970;0.117;Q4;8;55;163;1125;17;141;0.13;20.45;United Kingdom;Houndmills Stockton Press;1990-2010;"Critical Care and Intensive Care Medicine (Q4); Critical Care Nursing (Q4)"
277;29555;Journal of Housing for the Elderly;journal;02763893;0.117;Q4;21;9;11;165;2;11;0.18;18.33;United States;Haworth Press Inc.;1983-1995, 1997, 1999, 2001-ongoing;"Gerontology (Q4); Life-span and Life-course Studies (Q4); Public Administration (Q4)"
278;28767;Nephrology Nursing Journal;journal;1526744X;0.117;Q3;31;61;206;313;22;196;0.05;5.13;United States;Jannetti Publications Inc.;2000-ongoing;"Advanced and Specialized Nursing (Q3); Medicine (miscellaneous) (Q3); Nephrology (Q4)"
279;65519;Primary Care Update for Ob/Gyns;journal;1068607X;0.117;Q3;16;39;138;1140;11;131;0.11;29.23;Netherlands;Elsevier BV;1994-2003;"Nursing (miscellaneous) (Q3); Obstetrics and Gynecology (Q3)"
280;19700175275;Mental Health and Social Inclusion;journal;20428308, 20428316;0.116;Q4;10;35;54;54;10;52;0.19;1.54;United Kingdom;Emerald Group Publishing Ltd.;2010-ongoing;"Health (social science) (Q4); Psychiatric Mental Health (Q4); Psychiatry and Mental Health (Q4)"
281;29333;Orthopaedic Nursing;journal;07446020;0.116;Q3;34;65;225;672;32;217;0.1;10.34;United States;Lippincott Williams & Wilkins Ltd.;1981-ongoing;"Advanced and Specialized Nursing (Q3); Medicine (miscellaneous) (Q3); Orthopedics and Sports Medicine (Q4)"
282;51128;Seminars for nurse managers;journal;10663851;0.116;Q3;8;48;149;405;12;132;0.11;8.44;United Kingdom;W. B. Saunders Co., Ltd.;1994-2002;"Leadership and Management (Q3); Nursing (miscellaneous) (Q3)"
283;90223;Nutrition Bulletin;journal;14673010, 14719827;0.115;Q4;35;39;108;360;9;99;0.11;9.23;United Kingdom;John Wiley & Sons Ltd.;1968-1995, 2001-ongoing;"Medicine (miscellaneous) (Q3); Nutrition and Dietetics (Q4)"
284;14042;Hospital Materiel Management Quarterly;journal;01922262;0.114;Q4;9;56;135;24;9;134;0.08;0.43;United States;Aspen Publishers;1979-2001;Leadership and Management (Q4)
285;21100413740;International Journal of Care Coordination;journal;20534353, 20534345;0.114;Q4;15;19;60;215;6;52;0.12;11.32;United Kingdom;SAGE Publications Ltd;2014-ongoing;"Health Policy (Q4); Leadership and Management (Q4)"
286;28252;Journal of School Nursing;journal;10598405, 15468364;0.114;Q3;27;40;95;128;8;84;0.03;3.2;United States;SAGE Publications;1991-ongoing;Nursing (miscellaneous) (Q3)
287;28818;Nursing;journal;03604039, 15388689;0.113;Q3;20;279;914;89;22;883;0.03;0.32;United States;Lippincott Williams & Wilkins Ltd.;1967-ongoing;"Assessment and Diagnosis (Q3); Emergency Nursing (Q3); Advanced and Specialized Nursing (Q4); Critical Care Nursing (Q4); LPN and LVN (Q4)"
288;33557;International Journal of Trauma Nursing;journal;10754210;0.112;Q4;9;40;89;177;4;51;0.05;4.43;United States;Mosby Inc.;1995-2002;Nursing (miscellaneous) (Q4)
289;30027;Canadian Journal of Dietetic Practice and Research;journal;14863847;0.111;Q4;28;17;78;651;7;78;0.11;38.29;Canada;Dietitians of Canada;1996-ongoing;"Medicine (miscellaneous) (Q3); Nutrition and Dietetics (Q4)"
290;21762;Medsurg nursing : official journal of the Academy of Medical-Surgical Nurses;journal;10920811;0.111;Q3;26;49;200;540;17;182;0.1;11.02;United States;Jannetti Publications Inc.;1992-2000, 2002-ongoing;"Medical and Surgical Nursing (Q3); Medicine (miscellaneous) (Q3); Surgery (Q4)"
291;67199;The Canadian nurse;journal;00084581;0.111;Q4;17;79;321;131;21;276;0.05;1.66;Canada;Canadian Nurses Association/Association des Infirmieres et Infirmiers du Canada;1945-ongoing;"Medicine (miscellaneous) (Q3); Nursing (miscellaneous) (Q4)"
292;70579;The Journal of long term home health care : The PRIDE Institute journal;journal;10724281;0.111;Q4;6;0;64;0;6;64;0.04;0;Germany;Springer Verlag;1994-1999;Community and Home Care (Q4)
293;19845;Contemporary Urology;journal;10422250;0.11;Q3;5;0;2;0;0;2;0;0;United States;Advanstar Communications Inc.;1991-1996, 2006-2008;"Medical and Surgical Nursing (Q3); Advanced and Specialized Nursing (Q4); Urology (Q4)"
294;27681;Enfermeria intensiva / Sociedad Espanola de Enfermeria Intensiva y Unidades Coronarias;journal;11302399, 15781291;0.11;Q4;14;15;63;47;1;61;0.03;3.13;Spain;Ediciones Doyma S.A.;1994-ongoing;"Critical Care and Intensive Care Medicine (Q4); Critical Care Nursing (Q4)"
295;28236;The journal of nursing research : JNR;journal;16823141;0.11;Q4;28;0;0;0;0;0;0;0;Taiwan;Taiwan Nurses Association;2001-ongoing;"Medicine (miscellaneous) (Q3); Nursing (miscellaneous) (Q4)"
296;28206;Journal of Emergency Nursing;journal;15272966, 00991767;0.109;Q4;43;135;520;193;40;426;0.07;1.43;United States;Mosby Inc.;1975-ongoing;Emergency Nursing (Q4)
297;14786;Nutricion Hospitalaria;journal;16995198, 02121611;0.109;Q4;43;55;143;1228;15;125;0.09;22.33;Spain;Grupo Aula Medica S.A.;1989-ongoing;"Medicine (miscellaneous) (Q3); Nutrition and Dietetics (Q4)"
298;12000154532;Nursing for Women's Health;journal;17514851, 1751486X;0.108;Q4;15;61;133;290;9;117;0.08;4.75;United States;Elsevier Inc.;2007-ongoing;Nursing (miscellaneous) (Q4)
299;28019;Rivista Italiana di Nutrizione Parenterale ed Enterale;journal;03935582;0.108;Q4;7;17;27;279;2;26;0.08;16.41;Italy;Wichtig Publishing;1986-1995, 1997-2006;"Anatomy (Q4); Critical Care and Intensive Care Medicine (Q4); Food Science (Q4); Nutrition and Dietetics (Q4)"
300;14774;Sante mentale au Quebec;journal;03836320;0.108;Q4;9;0;85;0;5;79;0.02;0;Canada;Revue Sante Mentale au Quebec;1990-1998, 2004-ongoing;"Medicine (miscellaneous) (Q3); Clinical Psychology (Q4); Psychiatric Mental Health (Q4); Psychiatry and Mental Health (Q4)"
301;19335;Sciences Sociales et Sante;journal;02940337;0.108;Q4;15;23;46;442;8;46;0.2;19.22;France;John Libbey Eurotext;1985, 1996-ongoing;"Health Policy (Q4); Health (social science) (Q4); Issues, Ethics and Legal Aspects (Q4); Public Health, Environmental and Occupational Health (Q4)"
302;4700152255;Women and Birth;journal;18715192;0.108;Q4;31;21;64;55;3;56;0.03;2.62;Netherlands;Elsevier BV;2006-ongoing;"Medicine (miscellaneous) (Q3); Maternity and Midwifery (Q4); Obstetrics and Gynecology (Q4)"
303;27605;Collegian;journal;13227696;0.107;Q4;25;38;132;55;12;113;0.09;1.45;Netherlands;Elsevier BV;1995-2003, 2005-ongoing;Nursing (miscellaneous) (Q4)
304;100309;Natural Solutions;journal;19408153;0.107;Q4;1;0;3;0;0;3;0;0;United States;Alternative Medicine.com;1996-1997, 2009-2011;"Complementary and Alternative Medicine (Q4); Nursing (miscellaneous) (Q4)"
305;29356;Plastic surgical nursing : official journal of the American Society of Plastic and Reconstructive Surgical Nurses;journal;07415206, 15501841;0.107;Q4;17;36;130;165;5;118;0.04;4.58;United States;Lippincott Williams & Wilkins Ltd.;1983-ongoing;"Medicine (miscellaneous) (Q3); Advanced and Specialized Nursing (Q4); Medical and Surgical Nursing (Q4); Surgery (Q4)"
306;28123;The practising midwife;journal;14613123;0.107;Q4;10;165;356;276;18;329;0.05;1.67;United Kingdom;Hochland & Hochland Ltd;1998-ongoing;"Medicine (miscellaneous) (Q3); Maternity and Midwifery (Q4)"
307;28537;Annals of Long-Term Care;journal;15247929, 19435010;0.106;Q4;16;113;48;1479;2;48;0.04;13.09;United States;MultiMedia Healthcare Inc.;1998-ongoing;"Geriatrics and Gerontology (Q4); Gerontology (Q4)"
308;4000151903;Journal of Community Nursing;journal;02634465;0.106;Q4;9;60;49;866;1;49;0.02;14.43;United Kingdom;PTM Publishers Ltd.;1998-2002, 2006-ongoing;Community and Home Care (Q4)
309;68659;Nurse Practitioner Forum: Current Topics and Communications;journal;10455485;0.106;Q4;10;32;96;745;7;93;0.1;23.28;United Kingdom;W. B. Saunders Co., Ltd.;1991-2001;Nursing (miscellaneous) (Q4)
310;27627;Creative nursing;journal;10784535;0.105;Q4;10;26;56;0;2;48;0;0;United States;Springer Publishing Company;1994-ongoing;"Medicine (miscellaneous) (Q3); Nursing (miscellaneous) (Q4)"
311;21100215113;International journal of nursing knowledge;journal;20473087;0.105;Q3;21;25;75;51;3;67;0.02;2.04;Germany;Wiley-VCH Verlag;2012-ongoing;"Fundamentals and Skills (Q3); Research and Theory (Q3)"
312;28183;Journal for nurses in staff development : JNSD : official journal of the National Nursing Staff Development Organization;journal;15389049, 10987886;0.105;Q2;32;64;38;396;2;38;0.05;6.19;United States;Lippincott Williams & Wilkins Ltd.;1998-2013;"Fundamentals and Skills (Q2); Review and Exam Preparation (Q3); Education (Q4); Leadership and Management (Q4)"
313;20218;The Journal of the Egyptian Public Health Association;journal;00132446;0.105;Q4;14;33;105;0;2;105;0;0;United States;Lippincott Williams & Wilkins Ltd.;1965-1974, 1976-1980, 1985, 1988-2005, 2007, 2010-ongoing;"Community and Home Care (Q4); Health Informatics (Q4); Public Health, Environmental and Occupational Health (Q4)"
314;27689;Evidence-based nursing;journal;13676539, 14689618;0.104;Q4;19;105;107;268;15;5;3;2.55;United Kingdom;BMJ Publishing Group;2001-ongoing;Fundamentals and Skills (Q4)
315;4700152879;Health Information Management Journal;journal;18333575, 18333583;0.104;Q4;19;29;93;48;2;90;0.03;1.66;Australia;SAGE Publications Inc.;2002-ongoing;"Health Policy (Q4); Leadership and Management (Q4)"
316;27138;Assistenza Infermieristica e Ricerca;journal;15925986;0.103;Q4;9;29;110;34;1;101;0.01;1.17;Italy;II Pensiero Scientifico Editore srl;1999-ongoing;Nursing (miscellaneous) (Q4)
317;27220;Clinical Excellence for Nurse Practitioners;journal;10852360;0.103;Q4;14;68;67;521;3;63;0.05;7.66;United States;Churchill Livingstone;1998-2001, 2004;Nursing (miscellaneous) (Q4)
318;14141;Journal of Health and Human Services Administration;journal;10793739;0.103;Q4;19;35;85;843;11;84;0.16;24.09;United States;Southern Public Administration Education Foundation, Inc.;1994-ongoing;"Health Policy (Q4); Leadership and Management (Q4); Medicine (miscellaneous) (Q4); Public Health, Environmental and Occupational Health (Q4)"
319;29738;Nursing older people;journal;14720795;0.103;Q4;17;82;214;424;10;208;0.03;5.17;United Kingdom;Royal College of Nursing Publishing Co.;2000-ongoing;Gerontology (Q4)
320;32829;Nutritional Sciences Journal;journal;10116958;0.103;Q4;8;27;96;674;5;95;0.08;24.96;China;Zhonghua min guo ying yang xue hui;1994-2013;"Medicine (miscellaneous) (Q4); Nutrition and Dietetics (Q4)"
321;29324;Online Journal of Nursing Informatics;journal;10899758;0.103;Q4;11;4;10;105;0;6;0;26.25;United States;On-Line Journal of Nursing Informatics;1997-ongoing;"Health Informatics (Q4); Nursing (miscellaneous) (Q4)"
322;29948;Soins. Gerontologie;journal;12686034;0.103;Q4;5;61;174;0;2;173;0;0;France;Masson Publishing;1996-ongoing;"Gerontology (Q4); Medicine (miscellaneous) (Q4)"
323;21100806011;Endocrinologia, Diabetes y Nutricion;journal;25300164;0.102;Q4;20;18;70;433;4;62;0.07;24.06;Spain;Elsevier BV;2017-ongoing;"Endocrinology (Q4); Endocrinology, Diabetes and Metabolism (Q4); Nutrition and Dietetics (Q4)"
324;5200152803;Internet Journal of Advanced Nursing Practice;journal;15236064;0.102;Q4;7;18;11;181;1;11;0.09;10.06;United States;Internet Scientific Publications;1997-2000, 2002, 2006-2008;Advanced and Specialized Nursing (Q4)
325;4000151502;Journal of perioperative practice;journal;17504589;0.102;Q4;14;87;287;520;12;269;0.04;5.98;United Kingdom;Association for Perioperative Practice;2006-ongoing;"Anesthesiology and Pain Medicine (Q4); Medical and Surgical Nursing (Q4); Medicine (miscellaneous) (Q4); Surgery (Q4)"
326;29344;Pflege;journal;10125302;0.102;Q4;11;44;119;313;2;116;0.01;7.11;Switzerland;Hogrefe Publishing GmbH;1991-ongoing;"Medicine (miscellaneous) (Q4); Nursing (miscellaneous) (Q4)"
327;93082;Audit Trends;journal;13527797;0.101;Q4;2;9;39;52;0;27;0;5.78;United Kingdom;Eli Lilley National Clinical Audit Centre;1998-1999;Leadership and Management (Q4)
328;13918;Insight - Journal of the American Society of Ophthalmic Registered Nurses;journal;1060135X;0.101;Q4;11;22;79;142;1;60;0.03;6.45;United States;American Society of Ophthalmic Registered Nurses;1988-ongoing;"Advanced and Specialized Nursing (Q4); Medical and Surgical Nursing (Q4); Medicine (miscellaneous) (Q4); Ophthalmology (Q4)"
329;5000158302;Internet Journal of Academic Physician Assistants;journal;10924078;0.101;Q1;4;11;19;153;0;19;0;13.91;United States;Internet Scientific Publications;1997, 1999, 2001, 2006-2007, 2009-2010;Nurse Assisting (Q1)
330;11000153718;Journal of Renal Care;journal;17556678, 17556686;0.101;Q4;22;60;164;435;2;160;0.01;7.25;United States;Wiley-Blackwell;2006-ongoing;"Advanced and Specialized Nursing (Q4); Nephrology (Q4)"
331;93074;Medecine de Catastrophe Urgences Collectives;journal;12798479;0.101;Q4;3;38;34;390;0;33;0;10.26;Netherlands;Elsevier BV;1998-2000;"Emergency Medicine (Q4); Nursing (miscellaneous) (Q4)"
332;28260;Nursing New Zealand (Wellington, N.Z. : 1995);journal;11732032;0.101;Q4;6;91;294;90;4;275;0.01;0.99;New Zealand;New Zealand Nurses' Organization;1995-ongoing;"Medicine (miscellaneous) (Q4); Nursing (miscellaneous) (Q4)"
333;29387;Revista Cubana de Enfermeria;journal;08640319, 15612961;0.101;Q4;6;36;28;249;0;27;0;6.92;Cuba;Editorial Ciencias Medicas;1985-2002, 2006-ongoing;Nursing (miscellaneous) (Q4)
334;12411;Tijdschrift voor Gerontologie en Geriatrie;journal;01679228;0.101;Q4;17;38;101;655;7;82;0.09;17.24;Netherlands;Nederlands Instituut voor Gerontologie (NIG);1982-ongoing;"Geriatrics and Gerontology (Q4); Gerontology (Q4)"
335;27662;Emergency nurse : the journal of the RCN Accident and Emergency Nursing Association;journal;13545752;0.1;Q4;15;63;47;406;0;40;0;6.44;United Kingdom;Royal College of Nursing Publishing Co.;1992, 1998-ongoing;Emergency Nursing (Q4)
336;21100416601;Inside Case Management;journal;10736514;0.1;Q4;1;39;120;24;0;119;0;0.62;United States;Lippincott Williams and Wilkins;1995;"Assessment and Diagnosis (Q4); Care Planning (Q4); Health Policy (Q4); Leadership and Management (Q4)"
337;13829;Japan Journal of Logopedics and Phoniatrics;journal;00302813;0.1;Q4;5;33;122;233;2;122;0;7.06;Japan;Japan Society of Logopedics and Phoniatrics;2000-2001, 2003-ongoing;"LPN and LVN (Q4); Speech and Hearing (Q4)"
338;28223;Journal of Nursing;journal;0047262X;0.1;Q4;12;0;58;0;0;58;0;0;Taiwan;Taiwan Nurses Association;1966, 1968-1981, 1989-1990, 1996-1997, 2004-ongoing;Nursing (miscellaneous) (Q4)
339;28255;Journal of trauma nursing : the official journal of the Society of Trauma Nurses;journal;10787496;0.1;Q4;17;28;88;156;1;84;0.02;5.57;United States;Lippincott Williams & Wilkins Ltd.;1995-ongoing;"Advanced and Specialized Nursing (Q4); Critical Care Nursing (Q4); Emergency Nursing (Q4)"
340;30008;Revista da Escola de Enfermagem da U S P;journal;00806234;0.1;Q4;25;48;122;24;0;122;0;0.5;Brazil;Universidade de Sao Paulo;1967-ongoing;Nursing (miscellaneous) (Q4)
341;29389;Revista Latino-Americana de Enfermagem;journal;01041169, 15188345;0.1;Q4;30;69;182;153;0;176;0;2.22;Brazil;University of Sao Paulo, Ribeirao Preto College of Nursing Organisation;1993-ongoing;Nursing (miscellaneous) (Q4)
342;9500153969;Revue de l'Infirmiere;journal;12938505;0.1;Q4;4;176;412;0;0;411;0;0;France;Elsevier Masson SAS;1971-2000, 2002-ongoing;Nursing (miscellaneous) (Q4)
343;29946;"Soins; la revue de reference infirmiere";journal;00380814;0.1;Q4;5;154;415;0;0;413;0;0;France;Masson Publishing;1965-1973, 1976-ongoing;"Medicine (miscellaneous) (Q4); Nursing (miscellaneous) (Q4)"
344;29950;Soins. Pediatrie, puericulture;journal;12594792;0.1;Q4;3;61;167;0;1;162;0;0;France;Masson Publishing;1995-ongoing;Pediatrics (Q4)
345;29952;Soins. Psychiatrie;journal;02416972;0.1;Q4;5;59;194;0;4;193;0.03;0;France;Masson Publishing;1980-ongoing;"Medicine (miscellaneous) (Q4); Psychiatric Mental Health (Q4)"
346;20150;Tijdschrift voor Verpleeghuisgeneeskunde;journal;13861514;0.1;Q4;4;20;48;199;0;47;0;9.95;United States;Reed Business;1996-2009;"Geriatrics and Gerontology (Q4); Gerontology (Q4); Rehabilitation (Q4)"
347;28116;Voprosy Pitaniia;journal;00428833;0.1;Q4;14;53;209;719;8;209;0.03;13.57;Russian Federation;Nutritec;1954-ongoing;"Medicine (miscellaneous) (Q4); Nutrition and Dietetics (Q4)"
348;27169;Biological Research for Nursing;journal;10998004;;-;41;22;0;575;0;0;0;26.14;United States;Sage Science Press;1999-ongoing;Research and Theory
349;21100823214;Canadian Geriatrics Journal;journal;19258348;;-;16;77;0;1221;0;0;0;15.86;Canada;Canadian Geriatrics Society;2011-ongoing;"Geriatrics and Gerontology; Gerontology"
350;29744;Clinician in Management;journal;14759926, 09655751;;-;9;37;0;343;0;0;0;9.27;United Kingdom;BMJ Publishing Group;1999-2007;Leadership and Management
351;19700182723;GeroPsych: The Journal of Gerontopsychology and Geriatric Psychiatry;journal;16629647, 1662971X;;-;16;19;0;793;0;0;0;41.74;Germany;Hogrefe-Verlag GmbH und Co., KG;2010-ongoing;"Geriatrics and Gerontology; Gerontology"
352;23688;International Journal of Healthcare Technology and Management;journal;13682156, 17415144;;-;17;35;0;848;0;0;0;24.23;United Kingdom;Inderscience Publishers;2003-ongoing;"Health Informatics; Leadership and Management"
353;14000155897;International Journal of Speech-Language Pathology;journal;17549507, 17549515;;-;35;25;0;429;0;0;0;17.16;United Kingdom;Informa Healthcare;2009-ongoing, 2017-ongoing;"Language and Linguistics; LPN and LVN; Otorhinolaryngology; Research and Theory; Speech and Hearing"
354;5300152517;International Journal on Disability and Human Development;journal;21910367, 21911231;;-;22;26;0;516;0;0;0;19.85;Germany;Walter de Gruyter GmbH;2006-ongoing;"Advanced and Specialized Nursing; Geriatrics and Gerontology; Psychiatry and Mental Health; Rehabilitation; Sensory Systems; Speech and Hearing"
355;15282;JAAPA : official journal of the American Academy of Physician Assistants;journal;15471896;;-;14;59;0;631;0;0;0;10.69;United States;Lippincott Williams & Wilkins Ltd.;1999-ongoing;Nurse Assisting
356;28162;JONA's Healthcare Law, Ethics, and Regulation;journal;15209229, 1539073X;;-;16;37;0;151;0;0;0;4.08;United States;Lippincott Williams & Wilkins Ltd.;1999-2013;"Health Policy; Issues, Ethics and Legal Aspects; Law; Medicine (miscellaneous)"
357;81093;Journal of Clinical Governance;journal;14675277;;-;6;38;0;314;0;0;0;8.26;United Kingdom;Radcliffe Medical Press Ltd.;1999-2002;Leadership and Management
358;4100151711;Journal of Hospice and Palliative Nursing;journal;15222179, 15390705;;-;20;24;0;232;0;0;0;9.67;United States;Lippincott Williams & Wilkins Ltd.;1999-ongoing;"Advanced and Specialized Nursing; Community and Home Care"
359;27775;Legal Medicine;journal;13446223;;-;39;47;0;815;0;0;0;17.34;Netherlands;Elsevier BV;1977, 1980, 1982, 1995, 1999-ongoing;"Issues, Ethics and Legal Aspects; Pathology and Forensic Medicine"
360;13270;Nestle Nutrition workshop series. Clinical & performance programme;journal;14227584;;-;13;32;0;682;0;0;0;21.31;Switzerland;S. Karger AG;1999-2006;"Food Science; Medicine (miscellaneous); Nutrition and Dietetics"
361;28826;Nursing and Health Sciences;journal;14422018, 14410745;;-;41;33;0;174;0;0;0;5.27;United Kingdom;Blackwell Publishing Inc.;1999-ongoing;"Medicine (miscellaneous); Nursing (miscellaneous)"
362;15698;Pediatria Wspolczesna;journal;15075532;;-;10;26;0;568;0;0;0;21.85;Poland;Leximed sc;1999-2013;"Gastroenterology; Nutrition and Dietetics; Pediatrics, Perinatology and Child Health"
