Rank;Sourceid;Title;Type;Issn;SJR;SJR Best Quartile;H index;Total Docs. (2005);Total Docs. (3years);Total Refs.;Total Cites (3years);Citable Docs. (3years);Cites / Doc. (2years);Ref. / Doc.;Country;Publisher;Coverage;Categories
1;12402;MIS Quarterly: Management Information Systems;journal;02767783;6.752000000000002;Q1;195;32;62;2221;904;62;14.33;69,41;United States;MIS Research Center;1980-ongoing;"Computer Science Applications (Q1); Information Systems (Q1); Information Systems and Management (Q1); Management Information Systems (Q1)"
2;13531;Journal of the Royal Statistical Society. Series B: Statistical Methodology;journal;14679868, 13697412;5.551;Q1;114;41;165;1244;669;151;2.37;30,34;United Kingdom;Blackwell Publishing Inc.;1997-ongoing;"Statistics and Probability (Q1); Statistics, Probability and Uncertainty (Q1)"
3;15574;Information Systems Research;journal;15265536, 10477047;5.347;Q1;145;26;73;1040;723;66;5.46;40,00;United States;Institute for Operations Research and the Management Sciences;1990-ongoing;"Computer Networks and Communications (Q1); Information Systems (Q1); Information Systems and Management (Q1); Library and Information Sciences (Q1); Management Information Systems (Q1)"
4;24721;Annals of Mathematics;journal;0003486X;4.827;Q1;98;64;162;1908;355;160;2.31;29,81;United States;Princeton University Press;1996-ongoing;"Statistics and Probability (Q1); Statistics, Probability and Uncertainty (Q1)"
5;13649;Annals of Statistics;journal;00905364;4.2860000000000005;Q1;142;98;251;2941;560;239;2.29;30,01;United States;Institute of Mathematical Statistics;1996-ongoing;"Statistics and Probability (Q1); Statistics, Probability and Uncertainty (Q1)"
6;19700169405;Handbooks in Operations Research and Management Science;book series;09270507;4.262;Q1;37;11;24;1100;76;23;3.3;100,00;Netherlands;North-Holland Publ Co;1989-1990, 1992-1995, 2003, 2005-2007;"Computer Science Applications (Q1); Economics and Econometrics (Q1); Finance (Q1); Management Science and Operations Research (Q1)"
7;27162;Journal of Business and Economic Statistics;journal;07350015, 15372707;3.905;Q1;84;46;145;1244;244;120;1.32;27,04;United Kingdom;Taylor & Francis;1983-ongoing;"Economics and Econometrics (Q1); Social Sciences (miscellaneous) (Q1); Statistics and Probability (Q1); Statistics, Probability and Uncertainty (Q1)"
8;78518;Vital and health statistics. Series 13, Data from the National Health Survey;journal;00832006;3.677;Q1;31;0;6;0;42;6;4.5;0,00;United States;U.S. National Center for Health Statistics;1977-2007, 2009-2011;"Health Policy (Q1); Management Science and Operations Research (Q1); Medicine (miscellaneous) (Q1); Statistics and Probability (Q1)"
9;11700154400;TOP;journal;11345764, 18638279;3.571;-;19;0;1;0;4;1;4.0;0,00;Germany;Springer Verlag;1993-1995, 2003, 2008-ongoing;"Discrete Mathematics and Combinatorics (Q1); Statistics and Probability (Q1)"
10;21307;Management Science;journal;00251909, 15265501;2.987;Q1;221;138;365;4718;1262;357;2.88;34,19;United States;Institute for Operations Research and the Management Sciences;1969-ongoing;"Management Science and Operations Research (Q1); Strategy and Management (Q1)"
11;28632;Biostatistics;journal;14654644, 14684357;2.985;Q1;69;48;85;1093;452;85;5.32;22,77;United Kingdom;Oxford University Press;2003-ongoing;"Medicine (miscellaneous) (Q1); Statistics and Probability (Q1); Statistics, Probability and Uncertainty (Q1)"
12;12094;Journal of the American Statistical Association;journal;01621459, 1537274X;2.975;Q1;164;136;343;4217;846;301;1.97;31,01;United Kingdom;Taylor & Francis;1922-ongoing;"Statistics and Probability (Q1); Statistics, Probability and Uncertainty (Q1)"
13;28094;Accounting, Organizations and Society;journal;03613682;2.855;Q1;116;35;99;2412;380;96;3.45;68,91;United Kingdom;Elsevier Ltd.;1976-ongoing;"Accounting (Q1); Applied Psychology (Q1); Information Systems and Management (Q1); Organizational Behavior and Human Resource Management (Q1); Sociology and Political Science (Q1)"
14;21789;Manufacturing and Service Operations Management;journal;15265498, 15234614;2.853;Q1;71;30;66;582;144;58;1.74;19,40;United States;Institute for Operations Research and the Management Sciences;1999-ongoing;"Management Science and Operations Research (Q1); Strategy and Management (Q1)"
15;24724;Annals of Probability;journal;00911798;2.7110000000000003;Q1;73;78;261;1766;344;256;1.36;22,64;United States;Institute of Mathematical Statistics;1996-ongoing;"Statistics and Probability (Q1); Statistics, Probability and Uncertainty (Q1)"
16;15049;Biometrika;journal;14643510, 00063444;2.668;Q1;105;80;231;1462;323;229;1.18;18,28;United Kingdom;Oxford University Press;1908-1913, 1947-1951, 1965-ongoing;"Agricultural and Biological Sciences (miscellaneous) (Q1); Applied Mathematics (Q1); Mathematics (miscellaneous) (Q1); Statistics and Probability (Q1); Statistics, Probability and Uncertainty (Q1)"
17;15298;Structural Equation Modeling;journal;15328007, 10705511;2.505;Q1;84;32;94;972;201;94;1.23;30,38;United States;Lawrence Erlbaum Associates Inc.;1994-ongoing;"Decision Sciences (miscellaneous) (Q1); Economics, Econometrics and Finance (miscellaneous) (Q1); Modeling and Simulation (Q1); Sociology and Political Science (Q1)"
18;22900;Research Policy;journal;00487333;2.447;Q1;206;95;299;5167;1137;290;3.26;54,39;Netherlands;Elsevier BV;1971-ongoing;"Engineering (miscellaneous) (Q1); Management of Technology and Innovation (Q1); Management Science and Operations Research (Q1); Strategy and Management (Q1)"
19;14189;Statistica Sinica;journal;10170405;2.436;Q1;66;60;216;1289;419;210;1.09;21,48;Taiwan;Academia Sinica;1996-ongoing;"Statistics and Probability (Q1); Statistics, Probability and Uncertainty (Q1)"
20;22238;Operations Research;journal;0030364X, 15265463;2.321;Q1;122;75;251;2308;450;245;1.94;30,77;United States;Institute for Operations Research and the Management Sciences;1969-ongoing;"Computer Science Applications (Q1); Management Science and Operations Research (Q1)"
21;24710;Annals of Applied Probability;journal;10505164;2.28;Q1;68;83;198;1832;312;194;1.57;22,07;United States;Institute of Mathematical Statistics;1996-ongoing;"Statistics and Probability (Q1); Statistics, Probability and Uncertainty (Q1)"
22;25829;Probability Theory and Related Fields;journal;01788051, 14322064;2.261;Q1;65;68;203;1447;252;201;1.02;21,28;Germany;Springer Verlag;1986-ongoing;"Analysis (Q1); Statistics and Probability (Q1); Statistics, Probability and Uncertainty (Q1)"
23;14072;Scandinavian Journal of Statistics;journal;14679469, 03036898;2.206;Q1;57;36;143;1054;167;140;1.0;29,28;United Kingdom;Blackwell Publishing Inc.;1996-ongoing;"Statistics and Probability (Q1); Statistics, Probability and Uncertainty (Q1)"
24;23835;Journal of Business;journal;00219398;2.202;Q1;83;81;96;3017;177;96;1.26;37,25;United States;University of Chicago Press;1978, 1996-2006;"Business and International Management (Q1); Economics and Econometrics (Q1); Statistics, Probability and Uncertainty (Q1)"
25;21100794755;Proceedings - 29th International Conference on Very Large Data Bases, VLDB 2003;conference and proceedings;00002003;2.069;-;45;0;119;0;655;118;5.55;0,00;United States;;2003;"Computer Networks and Communications; Computer Science Applications; Hardware and Architecture; Information Systems; Information Systems and Management; Software"
26;19169;Journal of Operations Management;journal;02726963;1.944;Q1;166;41;110;2138;400;102;3.21;52,15;Netherlands;Elsevier BV;1981-1991, 1993-ongoing;"Computer Science Applications (Q1); Industrial and Manufacturing Engineering (Q1); Management Science and Operations Research (Q1); Strategy and Management (Q1)"
27;20892;Transportation Research Part B: Methodological;journal;01912615;1.92;Q1;118;45;144;1115;407;144;2.4;24,78;United Kingdom;Elsevier Ltd.;1979-ongoing;"Civil and Structural Engineering (Q1); Management Science and Operations Research (Q1); Transportation (Q1)"
28;23212;Annales de l'institut Henri Poincare (B) Probability and Statistics;journal;02460203;1.918;Q1;40;49;128;1049;125;125;0.78;21,41;Netherlands;Institute of Mathematical Statistics;1997-ongoing;"Statistics and Probability (Q1); Statistics, Probability and Uncertainty (Q1)"
29;15700;Journal of Management Information Systems;journal;07421222;1.763;Q1;128;49;120;2734;536;110;4.31;55,80;United States;M.E. Sharpe Inc.;1987-ongoing;"Computer Science Applications (Q1); Information Systems and Management (Q1); Management Information Systems (Q1); Management Science and Operations Research (Q1)"
30;22902;Oxford Bulletin of Economics and Statistics;journal;03059049, 14680084;1.747;Q1;64;43;114;1395;153;112;1.36;32,44;United Kingdom;Blackwell Publishing Inc.;1939-1953, 1955-ongoing;"Economics and Econometrics (Q1); Social Sciences (miscellaneous) (Q1); Statistics and Probability (Q1); Statistics, Probability and Uncertainty (Q1)"
31;19294;Journal of Scheduling;journal;10946136;1.734;Q1;55;32;78;657;105;78;1.17;20,53;Netherlands;Kluwer Academic Publishers;1998-ongoing;"Artificial Intelligence (Q1); Engineering (miscellaneous) (Q1); Management Science and Operations Research (Q1); Software (Q1)"
32;12303;Information and Management;journal;03787206;1.666;Q1;142;63;194;3010;888;191;3.87;47,78;Netherlands;Elsevier BV;1977-ongoing;"Information Systems (Q1); Information Systems and Management (Q1); Management Information Systems (Q1)"
33;28893;Canadian Journal of Statistics;journal;03195724;1.641;Q1;44;37;108;861;81;94;0.72;23,27;United States;Wiley-Blackwell;1973-ongoing;"Statistics and Probability (Q1); Statistics, Probability and Uncertainty (Q1)"
34;23863;Journal of Computational and Graphical Statistics;journal;10618600, 15372715;1.64;Q1;77;51;159;1286;222;159;1.03;25,22;United Kingdom;Taylor & Francis;1992-ongoing;"Discrete Mathematics and Combinatorics (Q1); Statistics and Probability (Q1); Statistics, Probability and Uncertainty (Q1)"
35;15495;Finance and Stochastics;journal;14321122, 09492984;1.6;Q1;38;32;28;605;44;28;1.57;18,91;Germany;Springer Verlag;2004-ongoing;"Finance (Q1); Statistics and Probability (Q1); Statistics, Probability and Uncertainty (Q1)"
36;26398;Electronic Journal of Probability;journal;10836489;1.599;Q1;36;54;76;1298;68;76;0.91;24,04;United States;Institute of Mathematical Statistics;1996-ongoing;"Statistics and Probability (Q1); Statistics, Probability and Uncertainty (Q1)"
37;26386;Electronic Communications in Probability;journal;1083589X;1.5319999999999998;Q2;28;35;64;431;51;64;0.71;12,31;United States;Institute of Mathematical Statistics;1996-ongoing;"Statistics and Probability (Q1); Statistics, Probability and Uncertainty (Q2)"
38;14756;Statistical Science;journal;08834237;1.5319999999999998;Q2;90;35;115;1238;218;113;2.02;35,37;United States;Institute of Mathematical Statistics;1988, 1991, 1996-ongoing;"Mathematics (miscellaneous) (Q1); Statistics and Probability (Q2); Statistics, Probability and Uncertainty (Q2)"
39;25040;INFORMS Journal on Computing;journal;10919856, 15265528;1.529;Q1;70;37;63;1060;193;63;3.06;28,65;United States;Institute for Operations Research and the Management Sciences;1996-2001, 2003-ongoing;"Computer Science Applications (Q1); Information Systems (Q1); Management Science and Operations Research (Q1); Software (Q1)"
40;20893;Transportation Research, Part C: Emerging Technologies;journal;0968090X;1.49;Q1;100;24;68;676;168;67;1.58;28,17;United Kingdom;Elsevier Ltd.;1993-ongoing;"Automotive Engineering (Q1); Civil and Structural Engineering (Q1); Computer Science Applications (Q1); Management Science and Operations Research (Q1); Transportation (Q1)"
41;22140;Mathematics of Operations Research;journal;15265471, 0364765X;1.487;Q1;67;54;145;1437;239;143;1.46;26,61;United States;Institute for Operations Research and the Management Sciences;1976-1989, 1995-ongoing;"Computer Science Applications (Q1); Management Science and Operations Research (Q1); Mathematics (miscellaneous) (Q1)"
42;25802;Communications in Analysis and Geometry;journal;10198385;1.445;Q2;36;38;117;780;86;117;0.61;20,53;United States;International Press of Boston, Inc.;1996-ongoing;"Analysis (Q1); Geometry and Topology (Q1); Statistics and Probability (Q2); Statistics, Probability and Uncertainty (Q2)"
43;23947;Journal of Multivariate Analysis;journal;0047259X, 10957243;1.388;Q2;66;112;263;2682;229;259;0.95;23,95;United States;Elsevier Inc.;1971-ongoing;"Numerical Analysis (Q2); Statistics and Probability (Q2); Statistics, Probability and Uncertainty (Q2)"
44;21184;Journal of Quality Technology;journal;00224065;1.3869999999999998;Q1;75;26;112;519;183;103;1.45;19,96;United States;American Society for Quality;1969-1979, 1982-1984, 1994-ongoing;"Industrial and Manufacturing Engineering (Q1); Management Science and Operations Research (Q1); Safety, Risk, Reliability and Quality (Q1); Strategy and Management (Q1)"
45;18111;Insurance: Mathematics and Economics;journal;01676687;1.35;Q2;66;69;186;1384;255;183;1.26;20,06;Netherlands;Elsevier BV;1982-ongoing;"Economics and Econometrics (Q1); Statistics and Probability (Q2); Statistics, Probability and Uncertainty (Q2)"
46;21100307484;Journal of the Association for Information Science and Technology;journal;23301643;1.35;Q1;124;139;365;5053;868;316;2.41;36,35;United Kingdom;John Wiley and Sons Ltd;2014-ongoing;"Computer Networks and Communications (Q1); Information Systems (Q1); Information Systems and Management (Q1); Library and Information Sciences (Q1)"
47;12396;Journal of Strategic Information Systems;journal;09638687;1.3019999999999998;Q1;76;22;69;909;186;54;1.73;41,32;Netherlands;Elsevier BV;1991-ongoing;"Information Systems (Q1); Information Systems and Management (Q1); Management Information Systems (Q1)"
48;23838;Journal of Applied Probability;journal;00219002;1.277;Q2;52;93;300;1555;256;295;0.82;16,72;United Kingdom;Cambridge University Press;1975-1979, 1981-1990, 1995-ongoing;"Mathematics (miscellaneous) (Q1); Statistics and Probability (Q2); Statistics, Probability and Uncertainty (Q2)"
49;20043;Scandinavian Actuarial Journal;journal;03461238, 16512030;1.228;Q2;32;26;50;587;57;50;1.0;22,58;United Kingdom;Taylor & Francis;1918-ongoing;"Economics and Econometrics (Q1); Statistics and Probability (Q2); Statistics, Probability and Uncertainty (Q2)"
50;22315;Personal and Ubiquitous Computing;journal;16174909;1.196;Q1;78;33;142;727;448;132;3.32;22,03;Germany;Springer Verlag;2005-ongoing;"Computer Science Applications (Q1); Hardware and Architecture (Q1); Management Science and Operations Research (Q1)"
51;19165;International Journal of Production Economics;journal;09255273;1.192;Q1;155;161;456;3711;782;452;1.52;23,05;Netherlands;Elsevier BV;1991-ongoing;"Business, Management and Accounting (miscellaneous) (Q1); Economics and Econometrics (Q1); Industrial and Manufacturing Engineering (Q1); Management Science and Operations Research (Q1)"
52;12277;Management Accounting Research;journal;10445005, 10961224;1.183;Q1;76;19;66;1170;104;61;1.63;61,58;United States;Elsevier Inc.;1993-ongoing;"Finance (Q1); Information Systems and Management (Q1); Accounting (Q2)"
53;24355;Computers and Operations Research;journal;03050548;1.157;Q1;133;184;390;4337;588;390;1.4;23,57;United Kingdom;Elsevier Ltd.;1969, 1974-ongoing;"Computer Science (miscellaneous) (Q1); Management Science and Operations Research (Q1); Modeling and Simulation (Q1)"
54;19124;Queueing Systems;journal;15729443, 02570130;1.157;Q1;48;46;155;1130;179;154;1.08;24,57;Netherlands;Baltzer Science Publishers B.V.;1986-ongoing;"Computational Theory and Mathematics (Q1); Computer Science Applications (Q1); Management Science and Operations Research (Q1)"
55;22236;Journal of the Operational Research Society;journal;01605682;1.148;Q1;94;163;495;3291;436;443;0.83;20,19;United Kingdom;Palgrave Macmillan Ltd.;1978-ongoing;"Management Information Systems (Q1); Management Science and Operations Research (Q1); Marketing (Q1); Strategy and Management (Q1)"
56;22330;Organizational Research Methods;journal;10944281;1.142;Q1;95;21;64;1012;87;60;1.33;48,19;United States;SAGE Publications;1998-ongoing;"Decision Sciences (miscellaneous) (Q1); Management of Technology and Innovation (Q1); Strategy and Management (Q1)"
57;12140;Journal of Time Series Analysis;journal;01439782;1.128;Q2;45;43;128;1021;85;128;0.6;23,74;United States;Wiley-Blackwell;1980-ongoing;"Applied Mathematics (Q1); Statistics and Probability (Q2); Statistics, Probability and Uncertainty (Q2)"
58;22489;European Journal of Operational Research;journal;03772217;1.092;Q1;226;480;1247;12183;2076;1222;1.55;25,38;Netherlands;Elsevier BV;1977-ongoing;"Information Systems and Management (Q1); Management Science and Operations Research (Q1); Modeling and Simulation (Q1)"
59;23978;Journal of Theoretical Probability;journal;15729230, 08949840;1.058;Q2;34;46;141;642;80;141;0.45;13,96;Netherlands;Kluwer Academic Publishers;1988-ongoing;"Mathematics (miscellaneous) (Q1); Statistics and Probability (Q2); Statistics, Probability and Uncertainty (Q2)"
60;13533;Journal of the Royal Statistical Society. Series C: Applied Statistics;journal;00359254, 14679876;1.054;Q2;67;58;112;1504;163;109;1.38;25,93;United Kingdom;Blackwell Publishing Inc.;1981, 1983-1991, 1993, 1996-ongoing;"Statistics and Probability (Q2); Statistics, Probability and Uncertainty (Q2)"
61;20039;International Journal of Operations and Production Management;journal;01443577;1.047;Q1;120;72;226;3400;378;207;1.3;47,22;United Kingdom;Emerald Group Publishing Ltd.;1985, 1995-ongoing;"Decision Sciences (miscellaneous) (Q1); Management of Technology and Innovation (Q1); Strategy and Management (Q1)"
62;20537;Journal of Behavioral Decision Making;journal;08943257, 10990771;1.046;Q1;68;20;70;931;124;70;1.5;46,55;United States;John Wiley & Sons Inc.;1988-ongoing;"Applied Psychology (Q1); Arts and Humanities (miscellaneous) (Q1); Decision Sciences (miscellaneous) (Q1); Sociology and Political Science (Q1); Strategy and Management (Q1)"
63;19600157009;North American Actuarial Journal;journal;10920277;1.044;Q2;40;58;146;973;118;146;0.96;16,78;United Kingdom;Taylor & Francis;1997-ongoing;"Economics and Econometrics (Q2); Statistics and Probability (Q2); Statistics, Probability and Uncertainty (Q2)"
64;12136;Journal of Statistical Planning and Inference;journal;03783758;1.025;Q2;66;257;638;4724;423;618;0.64;18,38;Netherlands;Elsevier BV;1977-ongoing;"Applied Mathematics (Q2); Statistics and Probability (Q2); Statistics, Probability and Uncertainty (Q2)"
65;14882;Test;journal;11330686;1.018;Q2;35;22;71;697;82;64;1.44;31,68;United States;Springer New York LLC;1987-1988, 1992-ongoing;"Statistics and Probability (Q2); Statistics, Probability and Uncertainty (Q2)"
66;13130;Distributed and Parallel Databases;journal;09268782, 15737578;0.997;Q1;40;20;62;580;237;58;4.18;29,00;Netherlands;Kluwer Academic Publishers;1993-ongoing;"Hardware and Architecture (Q1); Information Systems (Q1); Information Systems and Management (Q1); Software (Q1)"
67;15810;Probability in the Engineering and Informational Sciences;journal;02699648, 14698951;0.992;Q2;32;34;99;581;83;99;0.88;17,09;United Kingdom;Cambridge University Press;1987-ongoing;"Industrial and Manufacturing Engineering (Q1); Management Science and Operations Research (Q2); Statistics and Probability (Q2); Statistics, Probability and Uncertainty (Q2)"
68;20909;Transportation Research Part E: Logistics and Transportation Review;journal;13665545;0.99;Q2;93;32;82;1054;142;81;1.65;32,94;United Kingdom;Elsevier Ltd.;1997-ongoing;"Business and International Management (Q1); Civil and Structural Engineering (Q1); Transportation (Q1); Management Science and Operations Research (Q2)"
69;22405;Production and Operations Management;journal;10591478;0.984;Q2;93;37;97;1903;230;93;2.33;51,43;United States;Wiley-Blackwell;1992-ongoing;"Industrial and Manufacturing Engineering (Q1); Management of Technology and Innovation (Q1); Management Science and Operations Research (Q2)"
70;23614;Statistics and Computing;journal;09603174, 15731375;0.96;Q2;61;29;105;695;109;100;1.08;23,97;Netherlands;Kluwer Academic Publishers;1991-ongoing;"Computational Theory and Mathematics (Q1); Theoretical Computer Science (Q1); Statistics and Probability (Q2); Statistics, Probability and Uncertainty (Q2)"
71;145274;Journal of Statistical Mechanics: Theory and Experiment;journal;17425468;0.934;Q2;64;158;88;4941;167;88;1.9;31,27;United Kingdom;Institute of Physics;2005-ongoing;"Statistical and Nonlinear Physics (Q2); Statistics and Probability (Q2); Statistics, Probability and Uncertainty (Q2)"
72;21216;MIT Sloan Management Review;journal;15329194;0.928;Q1;87;65;152;655;323;142;1.72;10,08;United States;Massachusetts Institute of Technology;2001-ongoing;"Business and International Management (Q1); Decision Sciences (miscellaneous) (Q1); Management of Technology and Innovation (Q1); Strategy and Management (Q1)"
73;24358;Journal of Heuristics;journal;13811231, 15729397;0.927;Q2;60;23;82;656;178;80;1.41;28,52;Netherlands;Kluwer Academic Publishers;1995-ongoing;"Artificial Intelligence (Q1); Computer Networks and Communications (Q1); Information Systems (Q1); Software (Q1); Control and Optimization (Q2); Management Science and Operations Research (Q2)"
74;21926;Decision Sciences;journal;00117315, 15405915;0.923;Q1;97;23;90;1226;164;86;2.16;53,30;United Kingdom;Blackwell Publishing Inc.;1970-ongoing;"Business, Management and Accounting (miscellaneous) (Q1); Information Systems and Management (Q1); Management of Technology and Innovation (Q1); Strategy and Management (Q1)"
75;17700156442;Handbook of Game Theory with Economic Applications;book series;15740005;0.914;Q2;15;0;24;0;28;22;0.0;0,00;Netherlands;Elsevier BV;1992, 1994, 2002, 2015;"Applied Mathematics (Q2); Economics and Econometrics (Q2); Statistics and Probability (Q2); Statistics, Probability and Uncertainty (Q2)"
76;23179;Environmental and Ecological Statistics;journal;13528505, 15733009;0.91;Q2;41;24;79;582;102;78;1.28;24,25;Netherlands;Kluwer Academic Publishers;1994-ongoing;"Environmental Science (miscellaneous) (Q1); Statistics and Probability (Q2); Statistics, Probability and Uncertainty (Q2)"
77;25057;Mathematical Social Science;journal;01654896;0.893;Q2;33;45;143;795;69;138;0.38;17,67;Netherlands;Elsevier BV;1981-ongoing;"Psychology (miscellaneous) (Q1); Social Sciences (miscellaneous) (Q1); Sociology and Political Science (Q1); Statistics, Probability and Uncertainty (Q2)"
78;14785;Statistics;journal;02331888;0.887;Q3;28;39;101;718;45;101;0.42;18,41;United Kingdom;Taylor & Francis;1985-ongoing;"Statistics and Probability (Q2); Statistics, Probability and Uncertainty (Q3)"
79;23966;Journal of Optimization Theory and Applications;journal;00223239, 15732878;0.884;Q2;78;149;397;2762;382;389;0.74;18,54;United States;Kluwer Academic/Plenum Publishers;1967-ongoing;"Applied Mathematics (Q2); Control and Optimization (Q2); Management Science and Operations Research (Q2)"
80;20891;Transportation Research Part A: Policy and Practice;journal;09658564;0.8809999999999999;Q2;110;51;134;1385;187;134;1.43;27,16;United Kingdom;Elsevier Ltd.;1982, 1992-ongoing;"Civil and Structural Engineering (Q1); Transportation (Q1); Management Science and Operations Research (Q2)"
81;12512;Journal of Management in Engineering - ASCE;journal;0742597X;0.875;Q2;55;27;81;592;103;70;1.4;21,93;United States;American Society of Civil Engineers;1985-ongoing;"Engineering (miscellaneous) (Q1); Industrial Relations (Q1); Strategy and Management (Q1); Management Science and Operations Research (Q2)"
82;23241;International Journal of Game Theory;journal;14321270, 00207276;0.855;Q3;39;29;107;471;40;105;0.31;16,24;Germany;Springer Verlag;1971, 1973-ongoing;"Social Sciences (miscellaneous) (Q1); Economics and Econometrics (Q2); Mathematics (miscellaneous) (Q2); Statistics and Probability (Q3); Statistics, Probability and Uncertainty (Q3)"
83;15961;Naval Research Logistics;journal;0894069X;0.8390000000000001;Q2;60;66;163;1408;115;158;0.68;21,33;United States;John Wiley & Sons Inc.;1973-1978, 1987-ongoing;"Modeling and Simulation (Q1); Ocean Engineering (Q1); Management Science and Operations Research (Q2)"
84;12689;Information Processing and Management;journal;03064573;0.8240000000000001;Q2;88;90;149;3032;338;143;2.14;33,69;United Kingdom;Elsevier Ltd.;1975-ongoing;"Computer Science Applications (Q1); Information Systems (Q1); Library and Information Sciences (Q1); Media Technology (Q1); Management Science and Operations Research (Q2)"
85;21100532304;UIST: Proceedings of the Annual ACM Symposium on User Interface Softaware and Technology;conference and proceedings;00002003;0.805;-;20;0;27;0;114;26;4.38;0,00;United States;;2003;"Computer Networks and Communications; Computer Science Applications; Hardware and Architecture; Information Systems; Information Systems and Management; Software"
86;13631;American Statistician;journal;00031305, 15372731;0.804;Q3;68;74;243;809;131;165;0.79;10,93;United Kingdom;Taylor & Francis;1947-ongoing;"Mathematics (miscellaneous) (Q2); Statistics and Probability (Q3); Statistics, Probability and Uncertainty (Q3)"
87;21933;Decision Support Systems;journal;01679236;0.7809999999999999;Q2;127;110;200;3414;521;193;2.26;31,04;Netherlands;Elsevier BV;1985-ongoing;"Arts and Humanities (miscellaneous) (Q1); Information Systems (Q1); Management Information Systems (Q1); Developmental and Educational Psychology (Q2); Information Systems and Management (Q2)"
88;12837;Metrika;journal;1435926X, 00261335;0.775;Q3;36;48;120;906;73;120;0.69;18,88;Germany;Springer Verlag;1958-1963, 1966-1977, 1979-ongoing;"Statistics and Probability (Q3); Statistics, Probability and Uncertainty (Q3)"
89;12119;Journal of Applied Statistics;journal;02664763, 13600532;0.757;Q3;48;76;235;1491;169;234;0.39;19,62;United Kingdom;Routledge;1970-1971, 1973-ongoing;"Statistics and Probability (Q3); Statistics, Probability and Uncertainty (Q3)"
90;19929;Interfaces;journal;00922102, 1526551X;0.7509999999999999;Q2;58;44;141;704;138;133;0.81;16,00;United States;Institute for Operations Research and the Management Sciences;1983-1988, 1996-ongoing;"Management of Technology and Innovation (Q1); Strategy and Management (Q1); Management Science and Operations Research (Q2)"
91;56494;OR Spektrum;journal;01716468, 14366304;0.75;Q2;58;32;78;683;143;76;1.68;21,34;Germany;Springer Verlag;1979-ongoing;Management Science and Operations Research (Q2)
92;21915;Omega;journal;03050483;0.735;Q2;120;51;129;1488;204;127;1.48;29,18;United Kingdom;Elsevier Ltd.;1973-ongoing;"Strategy and Management (Q1); Information Systems and Management (Q2); Management Science and Operations Research (Q2)"
93;21283;Management Learning;journal;13505076;0.7340000000000001;Q2;69;23;113;1352;162;106;1.39;58,78;United States;SAGE Publications;1970-ongoing;"Management of Technology and Innovation (Q1); Strategy and Management (Q1); Decision Sciences (miscellaneous) (Q2)"
94;21774;Managerial and Decision Economics;journal;10991468, 01436570;0.716;Q2;45;45;119;1499;83;119;0.65;33,31;United States;John Wiley & Sons Inc.;1980-1995, 2003-ongoing;"Business and International Management (Q1); Management of Technology and Innovation (Q1); Strategy and Management (Q1); Management Science and Operations Research (Q2)"
95;22202;Operations Research Letters;journal;01676377;0.715;Q2;66;88;220;1160;200;216;0.88;13,18;Netherlands;Elsevier BV;1981-ongoing;"Industrial and Manufacturing Engineering (Q1); Applied Mathematics (Q2); Management Science and Operations Research (Q2); Software (Q2)"
96;12137;Journal of Statistical Software;journal;15487660;0.705;Q3;115;36;57;720;76;56;0.95;20,00;United States;University of California at Los Angeles;1996-ongoing;"Software (Q2); Statistics and Probability (Q3); Statistics, Probability and Uncertainty (Q3)"
97;88345;Journal of Global Optimization;journal;09255001, 15732916;0.701;Q2;76;108;176;2174;183;173;0.92;20,13;Netherlands;Kluwer Academic Publishers;1991-ongoing;"Applied Mathematics (Q2); Computer Science Applications (Q2); Control and Optimization (Q2); Management Science and Operations Research (Q2)"
98;12120;Journal of Nonparametric Statistics;journal;10290311, 10485252;0.688;Q3;32;63;146;1249;52;145;0.39;19,83;United Kingdom;Taylor & Francis;1991-ongoing;"Statistics and Probability (Q3); Statistics, Probability and Uncertainty (Q3)"
99;27656;International Journal of Production Research;journal;00207543, 1366588X;0.6809999999999999;Q2;115;256;786;7874;890;770;0.92;30,76;United Kingdom;Taylor & Francis;1961, 1963-1968, 1970-ongoing;"Industrial and Manufacturing Engineering (Q1); Management Science and Operations Research (Q2); Strategy and Management (Q2)"
100;14794;Statistics and Probability Letters;journal;01677152;0.675;Q3;56;198;650;2504;285;646;0.37;12,65;Netherlands;Elsevier BV;1982-ongoing;"Statistics and Probability (Q3); Statistics, Probability and Uncertainty (Q3)"
101;29170;Critical Perspectives on Accounting;journal;10452354, 10959955;0.662;Q2;57;51;141;2638;125;125;0.99;51,73;United States;Elsevier Inc.;1990-ongoing;"Sociology and Political Science (Q1); Accounting (Q2); Finance (Q2); Information Systems and Management (Q2)"
102;20575;Journal of Engineering and Technology Management - JET-M;journal;09234748;0.6609999999999999;Q2;58;16;48;735;85;46;1.93;45,94;Netherlands;Elsevier BV;1989-ongoing;"Engineering (miscellaneous) (Q1); Industrial Relations (Q1); Information Systems and Management (Q2); Management Science and Operations Research (Q2); Strategy and Management (Q2)"
103;19713;Journal of High Technology Management Research;journal;10478310;0.657;Q2;39;15;47;964;62;47;0.97;64,27;United Kingdom;Elsevier Ltd.;1990-ongoing;"Marketing (Q1); Computer Science Applications (Q2); Information Systems and Management (Q2); Management of Technology and Innovation (Q2); Strategy and Management (Q2)"
104;55826;International Conference on Information and Knowledge Management, Proceedings;conference and proceedings;00001995;0.65;-;102;180;288;2485;582;285;1.58;13,81;Italy;;1995-ongoing;"Business, Management and Accounting (miscellaneous); Decision Sciences (miscellaneous)"
105;20606;Journal of Forecasting;journal;02776693, 1099131X;0.647;Q2;51;37;102;848;82;99;0.82;22,92;United States;John Wiley & Sons Inc.;1982-ongoing;"Computer Science Applications (Q2); Management Science and Operations Research (Q2); Modeling and Simulation (Q2); Strategy and Management (Q2); Statistics, Probability and Uncertainty (Q3)"
106;23842;Journal of Classification;journal;01764268, 14321343;0.637;Q3;34;14;41;380;31;35;1.04;27,14;Germany;Springer Verlag;1984-ongoing;"Library and Information Sciences (Q1); Mathematics (miscellaneous) (Q2); Psychology (miscellaneous) (Q2); Statistics, Probability and Uncertainty (Q3)"
107;24437;Data and Knowledge Engineering;journal;0169023X;0.634;Q2;79;58;172;1987;375;164;2.39;34,26;Netherlands;Elsevier BV;1985, 1987-ongoing;Information Systems and Management (Q2)
108;15654;Journal of Agricultural, Biological, and Environmental Statistics;journal;10857117, 15372693;0.611;Q3;46;32;102;727;89;100;0.75;22,72;United States;Springer New York LLC;1996-ongoing;"Agricultural and Biological Sciences (miscellaneous) (Q2); Applied Mathematics (Q2); Environmental Science (miscellaneous) (Q2); Statistics and Probability (Q3); Statistics, Probability and Uncertainty (Q3)"
109;28426;Australian and New Zealand Journal of Statistics;journal;1467842X, 13691473;0.61;Q3;34;44;141;947;72;130;0.61;21,52;United Kingdom;Blackwell Publishing Inc.;1998-ongoing;"Statistics and Probability (Q3); Statistics, Probability and Uncertainty (Q3)"
110;13734;Biometrical Journal;journal;03233847, 15214036;0.61;Q3;53;87;209;1765;152;208;0.67;20,29;United Kingdom;John Wiley & Sons Ltd.;1959-1982, 1984-ongoing;"Medicine (miscellaneous) (Q1); Statistics and Probability (Q3); Statistics, Probability and Uncertainty (Q3)"
111;11600154157;TQM Journal;journal;17542731;0.597;Q2;59;41;137;1231;119;123;0.76;30,02;United Kingdom;Emerald Group Publishing Ltd.;2008-ongoing;"Business and International Management (Q1); Business, Management and Accounting (miscellaneous) (Q1); Decision Sciences (miscellaneous) (Q2); Strategy and Management (Q2)"
112;27928;Utilitas Mathematica;journal;03153681;0.5589999999999999;Q3;24;47;112;517;29;112;0.21;11,00;Canada;Utilitas Mathematica Publishing Inc.;1996-ongoing;"Applied Mathematics (Q3); Statistics and Probability (Q3); Statistics, Probability and Uncertainty (Q3)"
113;18291;Socio-Economic Planning Sciences;journal;00380121;0.55;Q2;43;20;43;627;43;42;1.19;31,35;United Kingdom;Elsevier Ltd.;1967-ongoing;"Geography, Planning and Development (Q1); Economics and Econometrics (Q2); Management Science and Operations Research (Q2); Strategy and Management (Q2); Statistics, Probability and Uncertainty (Q3)"
114;21100367884;Statistics and Risk Modeling;journal;21931402, 21967040;0.546;Q3;14;0;22;0;10;22;0.0;0,00;Germany;Walter de Gruyter GmbH;2014-ongoing;"Modeling and Simulation (Q2); Statistics and Probability (Q3); Statistics, Probability and Uncertainty (Q3)"
115;18658;Production Planning and Control;journal;09537287, 13665871;0.544;Q2;66;76;240;2002;184;221;0.72;26,34;United Kingdom;Taylor & Francis;1990-ongoing;"Industrial and Manufacturing Engineering (Q1); Computer Science Applications (Q2); Management Science and Operations Research (Q2); Strategy and Management (Q2)"
116;29806;International Journal of Accounting Information Systems;journal;14670895;0.541;Q2;44;14;69;541;62;47;1.12;38,64;United Kingdom;Elsevier Ltd.;2000-ongoing;"Accounting (Q2); Finance (Q2); Information Systems and Management (Q2); Management Information Systems (Q2)"
117;20037;International Journal of Management Reviews;journal;14608545, 14682370;0.539;Q2;87;13;25;1400;53;25;1.9;107,69;United Kingdom;Blackwell Publishing Inc.;1999-2002, 2004-ongoing;"Decision Sciences (miscellaneous) (Q2); Management of Technology and Innovation (Q2); Strategy and Management (Q2)"
118;21078;Journal of Sport Management;journal;1543270X, 08884773;0.531;Q2;57;23;53;1312;72;52;1.56;57,04;United States;Human Kinetics Publishers Inc.;1996-ongoing;"Physical Therapy, Sports Therapy and Rehabilitation (Q1); Decision Sciences (miscellaneous) (Q2); Organizational Behavior and Human Resource Management (Q2); Orthopedics and Sports Medicine (Q2); Sports Science (Q2)"
119;28930;Computational Statistics;journal;09434062;0.526;Q3;38;30;114;572;61;112;0.4;19,07;Germany;Springer Verlag;1996-ongoing;"Computational Mathematics (Q3); Statistics and Probability (Q3); Statistics, Probability and Uncertainty (Q3)"
120;23090;Annals of Operations Research;journal;02545330, 15729338;0.524;Q2;90;123;309;3741;323;303;1.02;30,41;Netherlands;Kluwer Academic Publishers;1984-ongoing;"Decision Sciences (miscellaneous) (Q2); Management Science and Operations Research (Q3)"
121;21100264009;Journal of Multi-Criteria Decision Analysis;journal;10579214, 10991360;0.521;Q3;42;26;57;547;45;54;0.68;21,04;United Kingdom;John Wiley and Sons Ltd;1992-1995, 2013-ongoing;"Strategy and Management (Q2); Decision Sciences (miscellaneous) (Q3)"
122;29114;Engineering Optimization;journal;0305215X, 10290273;0.501;Q3;56;48;121;1073;159;119;1.0;22,35;United Kingdom;Taylor & Francis;1974-ongoing;"Industrial and Manufacturing Engineering (Q1); Computer Science Applications (Q2); Applied Mathematics (Q3); Control and Optimization (Q3); Management Science and Operations Research (Q3)"
123;14233;Statistical Papers;journal;09325026;0.495;Q3;29;34;108;566;44;107;0.3;16,65;Germany;Springer Verlag;1988-ongoing;"Statistics and Probability (Q3); Statistics, Probability and Uncertainty (Q3)"
124;13559;Journal of Loss Prevention in the Process Industries;journal;09504230;0.4920000000000001;Q3;65;72;177;1040;140;176;0.7;14,44;Netherlands;Elsevier BV;1988-ongoing;"Chemical Engineering (miscellaneous) (Q1); Energy Engineering and Power Technology (Q1); Industrial and Manufacturing Engineering (Q1); Control and Systems Engineering (Q2); Food Science (Q2); Safety, Risk, Reliability and Quality (Q2); Management Science and Operations Research (Q3)"
125;12068;International Statistical Review;journal;03067734;0.488;Q4;46;40;93;848;93;74;1.07;21,20;United States;Wiley-Blackwell;1982, 1985, 1987, 1990, 1992-1994, 1996-ongoing;"Statistics and Probability (Q3); Statistics, Probability and Uncertainty (Q4)"
126;19900194826;Journal of Global Information Technology Management;journal;1097198X;0.477;Q2;29;17;56;437;75;40;1.7;25,71;United Kingdom;Taylor & Francis;1998-ongoing;"E-learning (Q1); Information Systems (Q2); Information Systems and Management (Q2)"
127;15134;Information Sciences;journal;00200255;0.474;Q2;154;142;458;3348;616;443;1.27;23,58;Netherlands;Elsevier BV;1968-ongoing;"Artificial Intelligence (Q2); Computer Science Applications (Q2); Control and Systems Engineering (Q2); Information Systems and Management (Q2); Software (Q2); Theoretical Computer Science (Q3)"
128;20292;Ecological Indicators;journal;1470160X;0.466;Q3;97;29;81;1148;116;79;1.39;39,59;Netherlands;Elsevier BV;2001-ongoing;"Ecology (Q2); Decision Sciences (miscellaneous) (Q3); Ecology, Evolution, Behavior and Systematics (Q3)"
129;26941;Theory and Decision;journal;15737187, 00405833;0.465;Q3;32;26;116;660;56;114;0.31;25,38;Netherlands;Kluwer Academic Publishers;1970-ongoing;"Economics, Econometrics and Finance (miscellaneous) (Q1); Social Sciences (miscellaneous) (Q1); Arts and Humanities (miscellaneous) (Q2); Computer Science Applications (Q2); Applied Psychology (Q3); Decision Sciences (miscellaneous) (Q3); Developmental and Educational Psychology (Q3)"
130;27401;Theory of Probability and its Applications;journal;0040585X, 10957219;0.46;Q4;26;55;202;920;59;202;0.25;16,73;United States;Society for Industrial and Applied Mathematics;1996-ongoing;"Statistics and Probability (Q3); Statistics, Probability and Uncertainty (Q4)"
131;14715;Technology Analysis and Strategic Management;journal;09537325;0.458;Q3;60;31;83;1966;82;83;1.02;63,42;United Kingdom;Carfax Publishing Ltd.;1989-ongoing;"Strategy and Management (Q2); Management Science and Operations Research (Q3)"
132;13530;Journal of the Royal Statistical Society. Series A, (Statistics in Society);journal;09641998, 1467985X;0.454;Q4;72;38;106;1386;122;85;1.35;36,47;United Kingdom;Blackwell Publishing Inc.;1988-ongoing;"Economics and Econometrics (Q2); Social Sciences (miscellaneous) (Q2); Statistics and Probability (Q3); Statistics, Probability and Uncertainty (Q4)"
133;21100421900;Information and Computer Security;journal;20564961;0.449;Q2;42;31;88;655;97;88;0.58;21,13;United Kingdom;Emerald Group Publishing Ltd.;2015-ongoing;"Computer Networks and Communications (Q2); Information Systems and Management (Q2); Management Information Systems (Q2); Management of Technology and Innovation (Q2); Software (Q2); Information Systems (Q3)"
134;19318;Group Decision and Negotiation;journal;09262644, 15729907;0.441;Q3;55;29;92;1120;114;84;1.7;38,62;Netherlands;Kluwer Academic Publishers;1992-ongoing;"Arts and Humanities (miscellaneous) (Q2); Management of Technology and Innovation (Q2); Social Sciences (miscellaneous) (Q2); Strategy and Management (Q2); Decision Sciences (miscellaneous) (Q3)"
135;130065;Journal of Enterprise Information Management;journal;17410398;0.441;Q3;52;41;36;1774;62;36;1.72;43,27;United Kingdom;Emerald Group Publishing Ltd.;2004-ongoing;"Library and Information Sciences (Q2); Management of Technology and Innovation (Q2); Decision Sciences (miscellaneous) (Q3); Information Systems (Q3)"
136;21805;Mathematical Methods of Operations Research;journal;14325217, 14322994;0.441;Q3;38;62;199;1096;89;197;0.38;17,68;Germany;Springer Verlag;1996-ongoing;"Software (Q2); Management Science and Operations Research (Q3); Mathematics (miscellaneous) (Q3)"
137;14188;Statistica Neerlandica;journal;00390402;0.43;Q4;35;30;92;738;54;89;0.72;24,60;United Kingdom;Blackwell Publishing Inc.;1946, 1948-ongoing;"Statistics and Probability (Q3); Statistics, Probability and Uncertainty (Q4)"
138;26928;Stochastic Analysis and Applications;journal;15329356, 07362994;0.401;Q4;33;64;213;1291;76;211;0.31;20,17;United States;Marcel Dekker Inc.;1983-ongoing;"Applied Mathematics (Q3); Statistics and Probability (Q3); Statistics, Probability and Uncertainty (Q4)"
139;21100418412;TRANSDUCERS 2003 - 12th International Conference on Solid-State Sensors, Actuators and Microsystems, Digest of Technical Papers;conference and proceedings;00002003;0.401;-;29;0;488;0;568;486;1.17;0,00;United States;;2003;"Control and Optimization; Modeling and Simulation; Statistics, Probability and Uncertainty"
140;23110;Asia-Pacific Journal of Operational Research;journal;02175959;0.4;Q3;27;31;68;647;42;68;0.45;20,87;Singapore;World Scientific Publishing Co;1991, 1996-ongoing;Management Science and Operations Research (Q3)
141;19123;Quality and Reliability Engineering International;journal;07488017, 10991638;0.387;Q3;51;68;165;1184;90;150;0.37;17,41;United States;John Wiley & Sons Inc.;1985-ongoing;"Safety, Risk, Reliability and Quality (Q2); Management Science and Operations Research (Q3)"
142;20654;Journal of Managerial Psychology;journal;02683946;0.373;Q3;67;46;142;2290;119;139;0.77;49,78;United Kingdom;Emerald Group Publishing Ltd.;1986-ongoing;"Organizational Behavior and Human Resource Management (Q2); Applied Psychology (Q3); Management Science and Operations Research (Q3); Social Psychology (Q3)"
143;17600155106;Flexible Services and Manufacturing Journal;journal;19366590, 19366582;0.3720000000000001;Q3;40;11;43;306;34;42;0.81;27,82;United States;Springer New York LLC;2008-ongoing;"Industrial and Manufacturing Engineering (Q1); Management Science and Operations Research (Q3)"
144;12139;Journal of Statistics Education;journal;10691898;0.363;Q4;25;23;67;314;43;63;0.44;13,65;United Kingdom;Taylor & Francis;2002-ongoing;"Education (Q2); Statistics and Probability (Q4); Statistics, Probability and Uncertainty (Q4)"
145;144656;Management Decision;journal;00251747;0.363;Q3;82;97;284;3594;224;284;0.79;37,05;United Kingdom;Emerald Group Publishing Ltd.;1967-ongoing;"Business, Management and Accounting (miscellaneous) (Q2); Management Science and Operations Research (Q3)"
146;24772;Knowledge-Based Systems;journal;09507051;0.355;Q3;94;40;128;930;170;123;1.34;23,25;Netherlands;Elsevier BV;1987-ongoing;"Management Information Systems (Q2); Artificial Intelligence (Q3); Information Systems and Management (Q3); Software (Q3)"
147;27989;Optimization;journal;10294945, 02331934;0.332;Q3;37;38;131;824;48;129;0.43;21,68;United Kingdom;Taylor & Francis;1985-ongoing;"Applied Mathematics (Q3); Management Science and Operations Research (Q3); Control and Optimization (Q4)"
148;23559;Journal of Statistical Computation and Simulation;journal;00949655;0.331;Q4;42;64;203;1451;66;185;0.32;22,67;United Kingdom;Taylor & Francis;1970, 1972-ongoing;"Applied Mathematics (Q3); Modeling and Simulation (Q3); Statistics and Probability (Q4); Statistics, Probability and Uncertainty (Q4)"
149;20670;Journal of Organizational Change Management;journal;09534814;0.329;Q4;62;41;137;1938;132;129;0.76;47,27;United Kingdom;Emerald Group Publishing Ltd.;1988-ongoing;"Management of Technology and Innovation (Q2); Organizational Behavior and Human Resource Management (Q2); Strategy and Management (Q2); Decision Sciences (miscellaneous) (Q4)"
150;22303;Journal of the Operations Research Society of Japan;journal;04534514;0.304;Q3;26;25;93;349;30;92;0.39;13,96;Japan;Operations Research Society of Japan;1996-ongoing;"Management Science and Operations Research (Q3); Decision Sciences (miscellaneous) (Q4)"
151;144935;Statistical Modelling;journal;1471082X;0.299;Q4;35;20;60;570;40;57;0.54;28,50;United Kingdom;SAGE Publications;2001-ongoing;"Statistics and Probability (Q4); Statistics, Probability and Uncertainty (Q4)"
152;144810;Journal of Modern Applied Statistical Methods;journal;15389472;0.287;Q4;21;57;159;958;39;157;0.23;16,81;United States;Wayne State University;2002-ongoing;"Statistics and Probability (Q4); Statistics, Probability and Uncertainty (Q4)"
153;4000149708;International Journal of Management and Enterprise Development;journal;17418127, 14684330;0.272;Q3;25;26;27;961;83;27;3.07;36,96;United Kingdom;Inderscience Publishers;2006-ongoing;"Business and International Management (Q2); Management Science and Operations Research (Q3)"
154;22473;Quality Progress;journal;0033524X;0.272;Q3;31;218;532;581;96;378;0.25;2,67;United States;American Society for Quality Control;1974, 1978-ongoing;"Industrial and Manufacturing Engineering (Q2); Safety, Risk, Reliability and Quality (Q2); Management Science and Operations Research (Q3); Strategy and Management (Q3)"
155;21100803571;Digital Policy, Regulation and Governance;journal;23985038;0.27;Q3;26;38;142;629;36;141;0.33;16,55;United Kingdom;Emerald Group Publishing Ltd.;2017-ongoing;"Management of Technology and Innovation (Q2); Computer Networks and Communications (Q3); Information Systems (Q3); Information Systems and Management (Q3); Management Information Systems (Q3)"
156;20608;Journal of Global Information Management;journal;10627375, 15337995;0.268;Q3;37;17;66;937;92;56;1.44;55,12;United States;Idea Group Publishing;2002-ongoing;"Business and International Management (Q2); E-learning (Q2); Computer Science Applications (Q3); Information Systems and Management (Q3); Management Science and Operations Research (Q3); Strategy and Management (Q3)"
157;25195;Applied Stochastic Models in Business and Industry;journal;15264025, 15241904;0.267;Q3;31;67;81;1191;47;77;0.5;17,78;United States;John Wiley & Sons Inc.;1999-ongoing;"Business, Management and Accounting (miscellaneous) (Q2); Management Science and Operations Research (Q3); Modeling and Simulation (Q3)"
158;12909;Systems Research and Behavioral Science;journal;10991743, 10927026;0.237;Q3;39;51;148;1230;76;131;0.61;24,12;United States;John Wiley & Sons Inc.;1996-ongoing;"Social Sciences (miscellaneous) (Q2); Information Systems and Management (Q3); Strategy and Management (Q3)"
159;12100156754;Sport Management Review;journal;14413523;0.229;Q3;45;13;24;767;13;24;0.56;59,00;Netherlands;Elsevier BV;1998-ongoing;"Business and International Management (Q2); Marketing (Q2); Management Science and Operations Research (Q3); Organizational Behavior and Human Resource Management (Q3); Strategy and Management (Q3); Tourism, Leisure and Hospitality Management (Q3); Sports Science (Q4)"
160;5600155030;New Directions for Evaluation;journal;10976736;0.227;Q3;35;34;102;488;71;88;0.53;14,35;United States;Wiley-Blackwell;1995, 2011-ongoing;"Education (Q3); Management Science and Operations Research (Q3); Strategy and Management (Q3)"
161;16106;Foresight;journal;14659832, 14636689;0.223;Q3;26;40;160;865;31;157;0.22;21,63;United Kingdom;Emerald Group Publishing Ltd.;1999-ongoing;"Business and International Management (Q2); Economics, Econometrics and Finance (miscellaneous) (Q3); Management of Technology and Innovation (Q3); Management Science and Operations Research (Q3)"
162;13024;Acta Cybernetica;journal;0324721X;0.211;Q3;15;27;69;410;24;66;0.24;15,19;Hungary;Szegedi Tudomanyegyetern/University of Szeged;1990-1991, 1996-ongoing;"Computer Science (miscellaneous) (Q3); Computer Vision and Pattern Recognition (Q3); Electrical and Electronic Engineering (Q3); Information Systems and Management (Q3); Software (Q3); Computational Theory and Mathematics (Q4); Management Science and Operations Research (Q4); Theoretical Computer Science (Q4)"
163;21100222535;Operations Research/ Computer Science Interfaces Series;book series;1387666X;0.209;Q4;32;94;197;2282;69;179;0.15;24,28;United States;Springer Science + Business Media;2002-2009, 2011, 2015-ongoing;"Computer Science (miscellaneous) (Q3); Management Science and Operations Research (Q4)"
164;21100219935;International Journal of Operations and Quantitative Management;journal;10821910;0.208;Q3;9;20;52;557;7;52;0.17;27,85;United States;International Forum of Management Scholars (INFOMS);2001-ongoing;"Business and International Management (Q2); Information Systems and Management (Q3); Management of Technology and Innovation (Q3); Strategy and Management (Q3); Management Science and Operations Research (Q4)"
165;19400157163;IFIP Advances in Information and Communication Technology;book series;18684238, 1868422X;0.204;Q3;44;1277;1965;16739;756;1845;0.37;13,11;Germany;Springer Verlag;2000, 2002, 2005-ongoing;"Computer Networks and Communications (Q3); Information Systems (Q3); Information Systems and Management (Q3)"
166;12991;RAIRO - Operations Research;journal;12903868, 03990559;0.199;Q4;22;15;65;353;17;64;0.36;23,53;France;EDP Sciences;1977-1978, 1995-ongoing;"Computer Science Applications (Q3); Management Science and Operations Research (Q4); Theoretical Computer Science (Q4)"
167;27677;Journal of Manufacturing Processes;journal;15266125;0.196;Q4;39;20;54;357;14;54;0.29;17,85;Netherlands;Elsevier BV;1999-ongoing;"Industrial and Manufacturing Engineering (Q2); Strategy and Management (Q3); Management Science and Operations Research (Q4)"
168;54666;International Journal of Networking and Virtual Organisations;journal;14709503, 17415225;0.195;Q3;17;6;36;297;23;35;0.74;49,50;United Kingdom;Inderscience Publishers;2003-ongoing;"Computer Networks and Communications (Q3); Information Systems and Management (Q3); Strategy and Management (Q3); Computer Science Applications (Q4)"
169;24017;ZWF Zeitschrift fuer Wirtschaftlichen Fabrikbetrieb;journal;09470085;0.195;Q4;11;177;539;982;42;393;0.12;5,55;Germany;Carl Hanser Verlag GmbH & Co.;1995-ongoing;"Engineering (miscellaneous) (Q2); Strategy and Management (Q3); Management Science and Operations Research (Q4)"
170;145729;Statistical Methods and Applications;journal;16182510, 1613981X;0.194;Q4;24;22;77;693;15;76;0.22;31,50;Germany;Springer Verlag;1996, 2001-2002, 2001-ongoing;"Statistics and Probability (Q4); Statistics, Probability and Uncertainty (Q4)"
171;145295;4OR;journal;16142411, 16194500;0.192;Q4;34;24;46;608;24;46;0.52;25,33;Germany;Springer Verlag;2003-ongoing;"Management Information Systems (Q3); Computational Theory and Mathematics (Q4); Management Science and Operations Research (Q4); Theoretical Computer Science (Q4)"
172;12364;International Journal of Information and Management Sciences;journal;10171819;0.183;Q3;19;28;76;505;11;76;0.12;18,04;Taiwan;Tamkang University;1996-ongoing;"Industrial and Manufacturing Engineering (Q2); Control and Systems Engineering (Q3); Information Systems and Management (Q3); Management Information Systems (Q3); Strategy and Management (Q3)"
173;9700153238;International Transactions in Operational Research;journal;09696016;0.181;Q4;44;42;149;888;48;147;0.32;21,14;Denmark;Blackwell Publishing;1994-1995, 2011-ongoing;"Business and International Management (Q2); Management of Technology and Innovation (Q3); Strategy and Management (Q3); Computer Science Applications (Q4); Management Science and Operations Research (Q4)"
174;21100199308;Journal of Applied Analysis;journal;14256908;0.179;Q4;14;18;43;272;10;43;0.33;15,11;Germany;Walter de Gruyter GmbH;1996-ongoing;"Applied Mathematics (Q4); Computational Theory and Mathematics (Q4); Mathematical Physics (Q4); Statistics, Probability and Uncertainty (Q4)"
175;20449;International Journal of Manufacturing Technology and Management;journal;13682148, 17415195;0.175;Q3;18;38;116;733;25;113;0.21;19,29;United Kingdom;Inderscience Publishers;2002-ongoing;"Industrial and Manufacturing Engineering (Q2); Electrical and Electronic Engineering (Q3); Information Systems and Management (Q3); Strategy and Management (Q3); Computer Science Applications (Q4)"
176;4700151732;International Journal of Risk Assessment and Management;journal;14668297, 17415241;0.16699999999999998;Q4;20;24;40;862;7;40;0.14;35,92;United Kingdom;Inderscience Enterprises;2006-ongoing;"Business and International Management (Q2); Management Science and Operations Research (Q4); Statistics, Probability and Uncertainty (Q4)"
177;23492;Yugoslav Journal of Operations Research;journal;03540243;0.152;Q4;17;20;56;292;9;56;0.16;14,60;Serbia;University of Belgrade;1994-1997, 1999-2003, 2008-ongoing;Management Science and Operations Research (Q4)
178;4700151504;International Journal of Logistics Systems and Management;journal;17427975, 17427967;0.14800000000000002;Q4;25;13;7;383;2;7;0.29;29,46;United Kingdom;Inderscience Enterprises;2006-ongoing;"Management Information Systems (Q3); Information Systems and Management (Q4); Management Science and Operations Research (Q4)"
179;27205;Game Studies;journal;16047982;0.147;Q4;24;10;29;161;32;22;1.2;16,10;Norway;;2002-2006, 2008-ongoing;"Cultural Studies (Q2); Arts and Humanities (miscellaneous) (Q3); Applied Mathematics (Q4); Statistics, Probability and Uncertainty (Q4)"
180;12753;International Game Theory Review;journal;02191989;0.14300000000000002;Q4;21;34;59;547;14;57;0.25;16,09;Singapore;World Scientific Publishing Co;2003-ongoing;"Business and International Management (Q3); Computer Science (miscellaneous) (Q3); Statistics, Probability and Uncertainty (Q4)"
181;14135;South African Statistical Journal;journal;0038271X;0.14300000000000002;Q4;8;8;27;136;6;27;0.22;17,00;South Africa;South African Statistical Association;1996-ongoing;"Statistics and Probability (Q4); Statistics, Probability and Uncertainty (Q4)"
182;6200180167;International Journal of Technology Intelligence and Planning;journal;17402832;0.142;Q4;13;17;8;802;4;8;0.5;47,18;United Kingdom;Inderscience Publishers;2007-ongoing;"Management of Technology and Innovation (Q3); Information Systems and Management (Q4); Management Information Systems (Q4)"
183;4000152116;Advances in Accounting Behavioral Research;book series;14751488;0.13699999999999998;Q4;9;10;32;418;3;28;0.0;41,80;United Kingdom;Emerald Group Publishing Ltd.;2000-2006, 2008-ongoing;"Accounting (Q4); Management Science and Operations Research (Q4)"
184;23148;IMA Journal Management Mathematics;journal;1471678X, 14716798;0.13699999999999998;Q4;28;28;70;486;21;66;0.31;17,36;United Kingdom;Oxford University Press;1986, 1988-1989, 1991-1993, 1995, 2001-ongoing;"Economics, Econometrics and Finance (miscellaneous) (Q3); Applied Mathematics (Q4); Management Information Systems (Q4); Management Science and Operations Research (Q4); Modeling and Simulation (Q4); Strategy and Management (Q4)"
185;53838;IEEE International Engineering Management Conference;conference and proceedings;00002008, 00001996, 00001993, 00001998, 00002000;0.131;-;18;192;586;3016;84;580;0.11;15,71;Singapore;;1993-1996, 1998, 2000-2008;"Engineering (miscellaneous); Management Science and Operations Research"
186;21100420809;Proceedings of the 6th Chinese Optoelectronics Symposium, COES 2003;conference and proceedings;00002003;0.124;-;3;0;80;0;9;78;0.12;0,00;United States;;2003;"Artificial Intelligence; Computer Networks and Communications; Human-Computer Interaction; Information Systems; Information Systems and Management"
187;14054;SORT;journal;16962281, 20138830;0.124;Q4;16;14;51;321;4;50;0.07;22,93;Spain;Generalitat de Catalunya;2003-ongoing;"Management Science and Operations Research (Q4); Statistics and Probability (Q4); Statistics, Probability and Uncertainty (Q4)"
188;21100775540;2003 International Semiconductor Device Research Symposium, ISDRS 2003 - Proceedings;conference and proceedings;00002003;0.122;-;0;0;1;0;0;1;0.0;0,00;United States;;2003;"Artificial Intelligence; Computer Networks and Communications; Human-Computer Interaction; Information Systems; Information Systems and Management"
189;14541;Information Technology and Disabilities;journal;10735127;0.121;Q4;8;7;42;110;8;37;0.16;15,71;United States;EASI: Equal Access to Software and Information;1996, 1998-1999, 2002-2006, 2013-2014;"Human-Computer Interaction (Q4); Information Systems and Management (Q4)"
190;27334;Network Security;trade journal;13534858;0.119;Q4;19;77;285;73;18;133;0.1;0,95;Netherlands;Elsevier BV;1994-ongoing;"Computer Networks and Communications (Q4); Information Systems and Management (Q4); Safety, Risk, Reliability and Quality (Q4)"
191;52779;DB2 Magazine;trade journal;-;0.112;Q4;3;81;115;17;6;108;0.06;0,21;United States;Miller Freeman Publications Inc.;2003-2009;"Information Systems (Q4); Information Systems and Management (Q4); Software (Q4)"
192;16776;Leadership and Management in Engineering;journal;15326748;0.111;Q4;14;33;106;17;8;106;0.07;0,52;United States;American Society of Civil Engineers;2003-2013;"Civil and Structural Engineering (Q4); Management Science and Operations Research (Q4); Strategy and Management (Q4)"
193;19700170105;Problems and Perspectives in Management;journal;17277051, 18105467;0.111;-;15;63;98;2033;7;98;0.07;32,27;Ukraine;Business Perspectives;2013-ongoing;"Business and International Management (Q3); Strategy and Management (Q4)"
194;29084;Engineering Management Journal;journal;09607919;0.106;Q4;12;106;216;0;11;183;0.04;0,00;United Kingdom;Institute of Electrical Engineers;1994-2008;"Engineering (miscellaneous) (Q3); Management Science and Operations Research (Q4)"
195;4000149609;Journal of Applied Mathematics and Decision Sciences;journal;11739126, 15327612;0.105;Q4;16;21;54;305;4;54;0.08;14,52;Egypt;Hindawi Publishing Corporation;1997-2009;"Applied Mathematics (Q4); Computational Mathematics (Q4); Decision Sciences (miscellaneous) (Q4); Statistics and Probability (Q4)"
196;4700152236;International Journal of Globalisation and Small Business;journal;14793059, 14793067;0.104;Q4;14;5;6;280;0;6;0.0;56,00;United Kingdom;Inderscience Publishers;2006-ongoing;"Business and International Management (Q3); Information Systems and Management (Q4); Management Science and Operations Research (Q4)"
197;4000151802;International Journal of Management and Decision Making;journal;14624621, 17415187;0.104;Q4;22;27;70;806;13;70;0.18;29,85;United Kingdom;Inderscience Publishers;2006-ongoing;Decision Sciences (miscellaneous) (Q4)
198;4000151001;Resource Sharing and Information Networks;journal;07377797;0.104;Q4;7;31;19;489;1;19;0.0;15,77;United States;Haworth Press Inc.;2005, 2008-2009;"Information Systems (Q4); Information Systems and Management (Q4)"
199;19700175219;Iranian Journal of Fuzzy Systems;journal;17350654;0.102;Q4;21;14;12;246;4;12;0.33;17,57;Iran;Unisity of Sistan & Baluchistan;2004-ongoing;"Artificial Intelligence (Q4); Computer Science Applications (Q4); Information Systems and Management (Q4); Mathematics (miscellaneous) (Q4)"
200;88934;Journal of Cases on Information Technology;journal;15487717, 15487725;0.101;Q4;12;33;20;584;2;20;0.1;17,70;United States;Idea Group Publishing;2005-ongoing;"Computer Science Applications (Q4); Information Systems (Q4); Information Systems and Management (Q4); Strategy and Management (Q4)"
201;144786;Journal of Japan Industrial Management Association;journal;13422618, 03864812;0.101;Q4;7;44;35;417;1;34;0.03;9,48;Japan;Nihon Keikei Kogakkai;2004-ongoing;"Applied Mathematics (Q4); Industrial and Manufacturing Engineering (Q4); Management Science and Operations Research (Q4); Strategy and Management (Q4)"
202;25500;Managing Automation;journal;08953805;0.101;Q4;2;82;44;0;0;36;0.0;0,00;United States;Thomas Publishing Company;2000, 2003, 2005-2011;"Industrial and Manufacturing Engineering (Q4); Management Science and Operations Research (Q4); Strategy and Management (Q4)"
203;57254;Risk-Based Decisionmaking in Water Resources X;conference and proceedings;00002002;0.101;-;2;0;15;0;0;14;0.0;0,00;United States;;2002;"Decision Sciences (miscellaneous); Safety, Risk, Reliability and Quality; Water Science and Technology"
204;14500154708;Statistical Journal of the IAOS;journal;18747655;0.101;Q4;13;24;82;266;3;77;0.04;11,08;Netherlands;IOS Press;2008-2009, 2011-ongoing;"Economics and Econometrics (Q4); Management Information Systems (Q4); Statistics, Probability and Uncertainty (Q4)"
205;21100209308;Theory of Probability and Mathematical Statistics;journal;00949000, 15477363;0.101;Q4;9;28;36;342;3;36;0.08;12,21;United States;American Mathematical Society;2011-ongoing;"Statistics and Probability (Q4); Statistics, Probability and Uncertainty (Q4)"
206;4700152877;Journal of Agricultural and Food Information;journal;15404722, 10496505;0.1;Q4;10;0;87;0;0;86;0.0;0,00;United States;Haworth Press Inc.;1993-1996, 2000, 2002-2004, 2006-ongoing;"Agronomy and Crop Science (Q4); Food Science (Q4); Information Systems and Management (Q4)"
207;22363;Periodica Polytechnica, Social and Management Sciences;journal;14163837;0.1;Q4;10;18;64;222;3;63;0.03;12,33;Hungary;Budapesti Muszaki es Gazdasagtudomanyi Egyetem/Budapest University of Technology and Economics;1999-ongoing;"Decision Sciences (miscellaneous) (Q4); Engineering (miscellaneous) (Q4); Social Sciences (miscellaneous) (Q4); Strategy and Management (Q4)"
208;21100382626;18th Bled eConference eIntegration in Action - Conference Proceedings;conference and proceedings;00002005;;-;7;52;0;1510;0;0;0.0;29,04;Slovenia;;2005;"Computer Science Applications; Information Systems and Management"
209;21100781250;36th AIAA Plasmadynamics and Lasers Conference;conference and proceedings;00002005;;-;1;1;0;7;0;0;0.0;7,00;United States;;2005;"Automotive Engineering; Computer Science Applications; Management Science and Operations Research; Transportation"
210;21100777515;3rd International Latin American Networking Conference, LANC 2005;conference and proceedings;00002005;;-;3;13;0;232;0;0;0.0;17,85;United States;;2005;"Archeology (arts and humanities); Information Systems and Management"
211;21100256966;46th Annual Transportation Research Forum 2005;conference and proceedings;00002005;;-;2;47;0;401;0;0;0.0;8,53;United States;;2005;"Automotive Engineering; Computer Science Applications; Management Science and Operations Research; Transportation"
212;21100256965;47th Annual Transportation Research Forum 2006;conference and proceedings;00002006;;-;4;40;0;557;0;0;0.0;13,93;United States;;2006;"Automotive Engineering; Computer Science Applications; Management Science and Operations Research; Transportation"
213;21100199776;Academy of Management 2005 Annual Meeting: A New Vision of Management in the 21st Century, AOM 2005;conference and proceedings;00002005;;-;8;254;0;1308;0;0;0.0;5,15;United States;;2005;Information Systems and Management
214;21100533154;American Society of Mechanical Engineers, The Fluid Power and Systems Technology Division, FPST;conference and proceedings;00002005;;-;5;26;0;313;0;0;0.0;12,04;United States;;2005;Decision Sciences (miscellaneous)
215;21100305309;APNOMS 2005 - 8th Asia-Pacific Network Operations and Management Symposium :Toward Managed Ubiquitous Information Society, Proceedings;conference and proceedings;00002005;;-;3;76;0;476;0;0;0.0;6,26;South Korea;;2005;"Computer Networks and Communications; Management Science and Operations Research"
216;21100220376;Association for Information Systems - 26th International Conference on Information Systems, ICIS 2005: Forever New Frontiers;conference and proceedings;00002005;;-;12;86;0;3048;0;0;0.0;35,44;United States;;2005;"Applied Mathematics; Computer Science Applications; Library and Information Sciences; Statistics, Probability and Uncertainty"
217;21100258796;Business Information System 2005 - 8th International Conference on Business Information Systems;conference and proceedings;00002005;;-;5;35;0;626;0;0;0.0;17,89;Poland;;2005;"Information Systems and Management; Management Information Systems; Management of Technology and Innovation"
218;145592;Computational and Mathematical Organization Theory;journal;1381298X;;-;26;18;0;448;0;0;0.0;24,89;Netherlands;Kluwer Academic Publishers;1995, 2005-ongoing;"Applied Mathematics; Computational Mathematics; Computer Science (miscellaneous); Decision Sciences (miscellaneous); Modeling and Simulation"
219;11900154344;Foundations and Trends in Technology, Information and Operations Management;journal;15719545;;-;12;4;0;366;0;0;0.0;91,50;United States;Now Publishers Inc.;2005, 2007-ongoing;Management Science and Operations Research
220;4900152402;Global Pipeline Monthly;journal;14713101;;-;3;247;0;118;0;0;0.0;0,48;United Kingdom;Oil and Gas Pipeline Industry;2005-2010;"Energy Engineering and Power Technology; Management Science and Operations Research; Mechanical Engineering"
221;21100274744;ICAPS 2005 - Proceedings of the 15th International Conference on Automated Planning and Scheduling;conference and proceedings;00002005;;-;19;35;0;665;0;0;0.0;19,00;United States;;2005;Information Systems and Management
222;21100220475;ICHIM05 - International Cultural Heritage Informatics Meeting, Proceedings;conference and proceedings;00002005;;-;3;29;0;252;0;0;0.0;8,69;Canada;;2005;"Archeology (arts and humanities); Information Systems and Management"
223;145394;Information Management;journal;1080286X;;-;2;22;0;21;0;0;0.0;0,95;United States;Idea Group Publishing;2005-2006, 2009-2014;"Information Systems; Information Systems and Management; Management Information Systems"
224;21100322127;Information Management in Modern Enterprise: Issues and Solutions - Proceedings of the 4th International Business Information Management Association Conference, IBIMA 2005;conference and proceedings;00002005;;-;3;77;0;1847;0;0;0.0;23,99;United States;;2005;"Information Systems and Management; Management Information Systems"
225;3900148214;International Journal of Business Information Systems;journal;17460972, 17460980;;-;22;12;0;387;0;0;0.0;32,25;United Kingdom;Inderscience Publishers;2005-ongoing;"Information Systems and Management; Management Information Systems; Management of Technology and Innovation"
226;4100151706;International Journal of Business Intelligence and Data Mining;journal;17438195, 17438187;;-;17;14;0;336;0;0;0.0;24,00;United Kingdom;Inderscience Enterprises;2005-ongoing;"Information Systems and Management; Management Information Systems; Statistics, Probability and Uncertainty"
227;4700152810;International Journal of Business Process Integration and Management;journal;17418771, 17418763;;-;17;6;0;103;0;0;0.0;17,17;United Kingdom;Inderscience Publishers;2005-ongoing;"Business and International Management; Management Science and Operations Research; Strategy and Management"
228;12100154510;International Journal of Enterprise Information Systems;journal;15481115, 15481123;;-;20;20;0;787;0;0;0.0;39,35;United States;Idea Group Publishing;2007-ongoing;"Computer Science Applications; Information Systems and Management; Management Information Systems"
229;4500151542;International Journal of Intelligent Information Technologies;journal;15483665, 15483657;;-;14;18;0;439;0;0;0.0;24,39;United States;Idea Group Publishing;2006-ongoing;"Decision Sciences (miscellaneous); Information Systems"
230;4400151406;International Journal of Operational Research;journal;17457653, 17457645;;-;23;12;0;236;0;0;0.0;19,67;United Kingdom;Inderscience Publishers;2006-ongoing;Management Science and Operations Research
231;4700152455;International Journal of Process Management and Benchmarking;journal;14606739, 1741816X;;-;11;7;0;312;0;0;0.0;44,57;United Kingdom;Inderscience Publishers;2005-2009, 2013-ongoing;"Business and International Management; Management Science and Operations Research; Strategy and Management"
232;4000149501;International Journal of Product Lifecycle Management;journal;17435110, 17435129;;-;19;7;0;194;0;0;0.0;27,71;United Kingdom;Inderscience Publishers;2005-ongoing;"Business and International Management; Management Science and Operations Research; Safety, Risk, Reliability and Quality"
233;4000148902;International Journal of Services and Operations Management;journal;17442370, 17442389;;-;23;25;0;929;0;0;0.0;37,16;United Kingdom;Inderscience Publishers;2006-ongoing;"Industrial and Manufacturing Engineering; Management of Technology and Innovation; Management Science and Operations Research"
234;4700153009;International Journal of Sport Management and Marketing;journal;14758962, 17402808;;-;19;13;0;594;0;0;0.0;45,69;United Kingdom;Inderscience Publishers;2005-ongoing;"Business and International Management; Management Science and Operations Research; Marketing; Sports Science; Strategy and Management"
235;21100322094;Internet and Information Technology in Modern Organizations: Challenges and Answers - Proceedings of the 5th International Business Information Management Association Conference, IBIMA 2005;conference and proceedings;00002005;;-;3;158;0;3550;0;0;0.0;22,47;United States;;2005;"Information Systems and Management; Management Information Systems"
236;300147003;Journal of Futures Studies;journal;10276084;;-;15;47;0;1201;0;0;0.0;25,55;Taiwan;Tamkang University;2005-ongoing;"Decision Sciences (miscellaneous); Development; History and Philosophy of Science"
237;145594;Military Operations Research;journal;02755823;;-;12;16;0;215;0;0;0.0;13,44;United States;Military Operations Research Society;2005-ongoing;"Civil and Structural Engineering; Management Science and Operations Research; Mechanical Engineering"
238;21100289432;MIPRO 2005 - 28th International Convention Proceedings: Business Intelligence Systems, Digital Economy - 2nd e-business ALADIN, Information Systems Security;conference and proceedings;00002005;;-;3;37;0;427;0;0;0.0;11,54;Croatia;;2005;"Computer Networks and Communications; Information Systems; Information Systems and Management; Management Information Systems; Software; Statistics, Probability and Uncertainty"
239;19900194819;MODSIM05 - International Congress on Modelling and Simulation: Advances and Applications for Management and Decision Making, Proceedings;conference and proceedings;00002005;;-;14;436;0;6260;0;0;0.0;14,36;United States;;2005;"Information Systems and Management; Modeling and Simulation"
240;21100230001;New Economic Windows;book series;20394128, 2039411X;;-;9;14;0;347;0;0;0.0;24,79;United States;Springer Science + Business Media;2005, 2007-2011, 2013, 2016-ongoing;"Economics, Econometrics and Finance (miscellaneous); Statistics, Probability and Uncertainty"
241;21100237423;"Proceedings - 19. Workshop Planen, Scheduling und Konfigurieren, Entwerfen"", PuK 2005""";conference and proceedings;00002005;;-;2;10;0;135;0;0;0.0;13,50;Germany;;2005;Decision Sciences (miscellaneous)
242;21100516172;Proceedings - IEEE International SOC Conference;conference and proceedings;00002005;;-;10;84;0;625;0;0;0.0;7,44;United States;;2005;"Applied Mathematics; Computer Science Applications; Management Science and Operations Research; Modeling and Simulation; Statistics and Probability"
243;21100781907;Proceedings - IEEE Workshop on Motion and Video Computing, MOTION 2005;conference and proceedings;00002005;;-;2;2;0;25;0;0;0.0;12,50;United States;;2005;"Chemical Engineering (miscellaneous); Management Science and Operations Research"
244;21100286803;Proceedings of ISSI 2005: 10th International Conference of the International Society for Scientometrics and Informetrics;conference and proceedings;00002005;;-;10;130;0;1667;0;0;0.0;12,82;Belgium;;2005;"Applied Mathematics; Computer Science Applications; Management Science and Operations Research; Modeling and Simulation; Statistics and Probability"
245;21100329894;Proceedings of the 1st International Operational Modal Analysis Conference, IOMAC 2005;conference and proceedings;00002005;;-;12;78;0;790;0;0;0.0;10,13;Denmark;;2005;Decision Sciences (miscellaneous)
246;21100322098;Proceedings of the 8th International Symposium on Operational Research in Slovenia, SOR 2005;conference and proceedings;00002005;;-;3;66;0;613;0;0;0.0;9,29;Slovenia;;2005;"Computational Theory and Mathematics; Management of Technology and Innovation; Management Science and Operations Research; Modeling and Simulation; Numerical Analysis; Strategy and Management"
247;21100203125;Proceedings of the European Conference on Knowledge Management, ECKM;conference and proceedings;00002005, 00002013;;-;9;83;0;2236;0;0;0.0;26,94;United Kingdom;;2005-2013;"Information Systems and Management; Management Science and Operations Research"
248;200147130;Sankhya: The Indian Journal of Statistics;journal;09727671;;-;15;38;0;764;0;0;0.0;20,11;India;Indian Statistical Institute;2005-ongoing;"Statistics and Probability; Statistics, Probability and Uncertainty"
249;21100244402;Studies in Classification, Data Analysis, and Knowledge Organization;conference and proceedings;00002005, 00002010, 00002013, 00002007, 00002008;;-;17;129;0;1461;0;0;0.0;11,33;Netherlands;;2005, 2007-2008, 2010-2013;"Analysis; Computer Science Applications; Information Systems; Information Systems and Management"
250;21100388712;Sulphur 2005 International Conference and Exhibition;conference and proceedings;00002005;;-;2;31;0;66;0;0;0.0;2,13;United Kingdom;;2005;"Chemical Engineering (miscellaneous); Management Science and Operations Research"
