Rank;Sourceid;Title;Type;Issn;SJR;SJR Best Quartile;H index;Total Docs. (2000);Total Docs. (3years);Total Refs.;Total Cites (3years);Citable Docs. (3years);Cites / Doc. (2years);Ref. / Doc.;Country;Publisher;Coverage;Categories
1;19434;MMWR. Recommendations and reports : Morbidity and mortality weekly report. Recommendations and reports / Centers for Disease Control;journal;10575987, 15458601;11.556;Q1;134;22;53;73;959;53;19.41;3,32;United States;Centers for Disease Control and Prevention (CDC);1990-ongoing;"Epidemiology (Q1); Health Information Management (Q1); Health (social science) (Q1); Health, Toxicology and Mutagenesis (Q1); Medicine (miscellaneous) (Q1)"
2;71056;MMWR. Surveillance summaries : Morbidity and mortality weekly report. Surveillance summaries / CDC;journal;15458636, 15460738;5.494;Q1;90;14;16;0;88;16;4.67;0,00;United States;Centers for Disease Control and Prevention (CDC);2002-ongoing;"Epidemiology (Q1); Health Information Management (Q1); Health (social science) (Q1); Health, Toxicology and Mutagenesis (Q1)"
3;110092;MMWR. Morbidity and mortality weekly report;journal;01492195, 1545861X;4.058;Q1;182;208;632;1285;2758;628;4.46;6,18;United States;US Department of Health and Human Services;1981-ongoing;"Epidemiology (Q1); Health Information Management (Q1); Health (social science) (Q1); Health, Toxicology and Mutagenesis (Q1); Medicine (miscellaneous) (Q1)"
4;16101;Human Brain Mapping;journal;10659471, 10970193;3.338;Q1;171;67;135;2981;831;134;5.80;44,49;United States;John Wiley & Sons Inc.;1993-ongoing;"Anatomy (Q1); Neurology (Q1); Neurology (clinical) (Q1); Radiological and Ultrasound Technology (Q1); Radiology, Nuclear Medicine and Imaging (Q1)"
5;12198;Journal of Bone and Joint Surgery - Series A;journal;00219355;2.927;Q1;235;285;782;6479;2009;600;2.69;22,73;United States;Lippincott Williams & Wilkins Ltd.;1946-ongoing;"Medicine (miscellaneous) (Q1); Orthopedics and Sports Medicine (Q1); Sports Science (Q1); Surgery (Q1)"
6;23478;Journal of Physiology;journal;00223751, 14697793;2.412;Q1;216;525;1811;20557;7500;1782;4.01;39,16;United Kingdom;Blackwell Publishing Inc.;1878-ongoing;"Physiology (Q1); Sports Science (Q1)"
7;19799;American Journal of Sports Medicine;journal;03635465;2.333;Q1;196;175;487;4395;1178;406;2.32;25,11;United States;SAGE Publications;1973-ongoing;"Medicine (miscellaneous) (Q1); Orthopedics and Sports Medicine (Q1); Physical Therapy, Sports Therapy and Rehabilitation (Q1); Sports Science (Q1)"
8;20088;Vital and health statistics. Ser. 1: Programs and collection procedures;journal;00832014;2.2159999999999997;Q1;15;0;4;0;18;4;3.00;0,00;United States;U.S. National Center for Health Statistics;1963-1978, 1981, 1985-1987, 1989-1990, 1992-1994, 1997, 1999-2000, 2002-2003, 2005, 2007-ongoing;"Health Information Management (Q1); Statistics and Probability (Q1)"
9;17271;Medical Image Analysis;journal;13618415;2.1069999999999998;Q1;113;26;61;966;203;61;2.94;37,15;Netherlands;Elsevier BV;1996-ongoing;"Computer Graphics and Computer-Aided Design (Q1); Computer Vision and Pattern Recognition (Q1); Health Informatics (Q1); Radiological and Ultrasound Technology (Q1); Radiology, Nuclear Medicine and Imaging (Q1)"
10;17928;Ultrasonic Imaging;journal;01617346, 10960910;2.008;Q1;44;15;50;348;97;49;2.13;23,20;United States;SAGE Publications Inc.;1979-ongoing;"Radiological and Ultrasound Technology (Q1); Radiology, Nuclear Medicine and Imaging (Q1)"
11;21100241208;Bone and Joint Journal;journal;20494408, 20494394;1.885;Q1;164;283;757;5218;1331;586;1.95;18,44;United Kingdom;British Editorial Society of Bone and Joint Surgery;2013-ongoing;"Medicine (miscellaneous) (Q1); Orthopedics and Sports Medicine (Q1); Sports Science (Q1); Surgery (Q1)"
12;38062;Exercise Immunology Review;journal;10775552;1.787;Q1;49;6;17;507;94;15;5.40;84,50;United States;Human Kinetics Publishers Inc.;1996-ongoing;"Immunology (Q1); Sports Science (Q1)"
13;15222;Arthroscopy - Journal of Arthroscopic and Related Surgery;journal;07498063, 15263231;1.709;Q1;144;168;462;2756;702;431;1.37;16,40;United Kingdom;W. B. Saunders Co., Ltd.;1985-ongoing;"Orthopedics and Sports Medicine (Q1); Sports Science (Q1)"
14;15846;Journal of Biomechanics;journal;00219290;1.516;Q1;177;226;519;5334;1015;490;1.62;23,60;Netherlands;Elsevier BV;1968-ongoing;"Biomedical Engineering (Q1); Biophysics (Q1); Orthopedics and Sports Medicine (Q1); Rehabilitation (Q1); Sports Science (Q1)"
15;16733;IEEE Transactions on Medical Imaging;journal;02780062;1.5030000000000001;Q1;195;124;326;3263;894;322;2.27;26,31;United States;Institute of Electrical and Electronics Engineers;1982-ongoing;"Computer Science Applications (Q1); Electrical and Electronic Engineering (Q1); Radiological and Ultrasound Technology (Q1); Software (Q1)"
16;19890;Knee Surgery, Sports Traumatology, Arthroscopy;journal;09422056, 14337347;1.4609999999999999;Q1;109;69;175;1630;246;162;1.15;23,62;Germany;Springer Verlag;1993-ongoing;"Orthopedics and Sports Medicine (Q1); Sports Science (Q1); Surgery (Q1)"
17;14106;Quarterly Journal of Experimental Psychology Section A: Human Experimental Psychology;journal;14640740, 02724987;1.446;Q1;82;56;129;2162;234;129;1.50;38,61;United Kingdom;Psychology Press;1981-2005;"Experimental and Cognitive Psychology (Q1); Health Professions (miscellaneous) (Q1); Psychology (miscellaneous) (Q1); Social Sciences (miscellaneous) (Q1)"
18;13068;Spine;journal;03622436;1.319;Q1;228;537;1373;13932;3382;1225;2.28;25,94;United States;Lippincott Williams & Wilkins Ltd.;1976-ongoing;"Neurology (clinical) (Q1); Orthopedics and Sports Medicine (Q1); Sports Science (Q1)"
19;29603;Clinical Orthopaedics and Related Research;journal;15281132, 0009921X;1.3;Q1;185;473;1359;13609;2321;1308;1.58;28,77;United States;Springer New York LLC;1963-ongoing;"Medicine (miscellaneous) (Q1); Orthopedics and Sports Medicine (Q1); Sports Science (Q1)"
20;19842;Exercise and Sport Sciences Reviews;journal;15383008, 00916331;1.2990000000000002;Q1;87;34;39;466;139;39;3.04;13,71;United States;Lippincott Williams & Wilkins Ltd.;1973-ongoing;"Orthopedics and Sports Medicine (Q1); Physical Therapy, Sports Therapy and Rehabilitation (Q1); Sports Science (Q1)"
21;19894;Medicine and Science in Sports and Exercise;journal;01959131;1.2919999999999998;Q1;203;348;874;11623;2375;850;2.68;33,40;United States;Lippincott Williams & Wilkins Ltd.;1973-ongoing;"Orthopedics and Sports Medicine (Q1); Physical Therapy, Sports Therapy and Rehabilitation (Q1); Sports Science (Q1)"
22;15122;Journal of Speech, Language, and Hearing Research;journal;10924388;1.2670000000000001;Q1;122;115;359;5144;746;346;1.96;44,73;United States;American Speech-Language-Hearing Association;1996-ongoing;"Language and Linguistics (Q1); Linguistics and Language (Q1); Medicine (miscellaneous) (Q1); Speech and Hearing (Q1)"
23;28645;Ultrasound in Obstetrics and Gynecology;journal;09607692, 14690705;1.212;Q1;128;274;584;4827;1079;478;2.03;17,62;United States;John Wiley & Sons Inc.;1991-ongoing;"Medicine (miscellaneous) (Q1); Obstetrics and Gynecology (Q1); Radiological and Ultrasound Technology (Q1); Radiology, Nuclear Medicine and Imaging (Q1); Reproductive Medicine (Q1)"
24;23454;Journal of Applied Physiology;journal;87507587, 15221601;1.203;Q1;211;631;1763;20709;4473;1705;2.44;32,82;United States;American Physiological Society;1948-1976, 1985-ongoing;"Medicine (miscellaneous) (Q1); Physiology (Q1); Physiology (medical) (Q1); Sports Science (Q1)"
25;22633;Learning Disability Quarterly;journal;07319487;1.193;Q1;44;21;79;894;81;71;1.02;42,57;United States;SAGE Publications Inc.;1978-ongoing;"Education (Q1); Health Professions (miscellaneous) (Q1); Behavioral Neuroscience (Q2)"
26;29203;Physics in Medicine and Biology;journal;00319155;1.165;Q1;172;306;737;7653;1298;712;1.79;25,01;United Kingdom;Institute of Physics Publishing;1956-ongoing;"Radiological and Ultrasound Technology (Q1); Radiology, Nuclear Medicine and Imaging (Q1)"
27;30091;Journal of Sport and Exercise Psychology;journal;08952779, 15432904;1.125;Q1;87;18;58;676;108;58;1.26;37,56;United States;Human Kinetics Publishers Inc.;1996-ongoing;"Applied Psychology (Q1); Sports Science (Q1)"
28;21723;Journal of Shoulder and Elbow Surgery;journal;15326500, 10582746;1.12;Q1;123;107;292;2151;360;286;1.19;20,10;United States;Mosby Inc.;1992-1993, 1995-ongoing;"Medicine (miscellaneous) (Q1); Orthopedics and Sports Medicine (Q1); Sports Science (Q1); Surgery (Q1)"
29;18548;Histochemistry and Cell Biology;journal;1432119X, 09486143;1.0659999999999998;Q1;92;109;336;4182;760;333;2.23;38,37;Germany;Springer Verlag;1995-ongoing;"Histology (Q1); Medical Laboratory Technology (Q1); Cell Biology (Q2); Molecular Biology (Q2)"
30;29904;International Journal of Radiation Biology;journal;09553002;1.055;Q1;86;182;495;6641;1251;484;2.51;36,49;United Kingdom;Taylor & Francis;1959-ongoing;"Radiological and Ultrasound Technology (Q1); Radiology, Nuclear Medicine and Imaging (Q1)"
31;12257;Journal of Orthopaedic Trauma;journal;08905339;1.016;Q1;109;124;394;2126;349;339;0.96;17,15;United States;Lippincott Williams & Wilkins Ltd.;1987-ongoing;"Medicine (miscellaneous) (Q1); Orthopedics and Sports Medicine (Q1); Sports Science (Q1); Surgery (Q1)"
32;20373;Sports Medicine;journal;01121642;1.004;Q1;159;66;196;5170;499;187;2.52;78,33;United Kingdom;Adis International Ltd.;1984-ongoing;"Medicine (miscellaneous) (Q1); Orthopedics and Sports Medicine (Q1); Physical Therapy, Sports Therapy and Rehabilitation (Q1); Sports Science (Q1)"
33;19873;Journal of Orthopaedic and Sports Physical Therapy;journal;01906011;0.997;Q1;104;94;264;1939;364;219;1.57;20,63;United States;Sports Physical Therapy Section;1979-ongoing;"Medicine (miscellaneous) (Q1); Physical Therapy, Sports Therapy and Rehabilitation (Q1); Sports Science (Q1)"
34;16916;Physical Therapy;journal;00319023;0.9690000000000001;Q1;134;111;311;3010;426;221;1.59;27,12;United States;Oxford University Press;1964-ongoing;Physical Therapy, Sports Therapy and Rehabilitation (Q1)
35;23845;Journal of Cardiovascular Magnetic Resonance;journal;1532429X, 10976647;0.955;Q1;78;39;26;882;50;23;2.17;22,62;United Kingdom;BioMed Central;1999-ongoing;"Cardiology and Cardiovascular Medicine (Q1); Family Practice (Q1); Radiological and Ultrasound Technology (Q1); Radiology, Nuclear Medicine and Imaging (Q1)"
36;19864;International Journal of Sports Medicine;journal;01724622, 14393964;0.934;Q1;92;111;323;3129;557;317;1.63;28,19;Germany;Georg Thieme Verlag;1980-ongoing;"Orthopedics and Sports Medicine (Q1); Sports Science (Q1)"
37;20934;Sport, Education and Society;journal;13573322;0.932;Q1;55;10;36;369;34;36;0.75;36,90;United Kingdom;Carfax Publishing Ltd.;1996-ongoing;"Education (Q1); Orthopedics and Sports Medicine (Q1); Physical Therapy, Sports Therapy and Rehabilitation (Q1); Sports Science (Q1)"
38;14231;Statistical Methods in Medical Research;journal;09622802;0.9279999999999999;Q2;71;36;67;1515;87;55;1.78;42,08;United States;SAGE Publications;1992-ongoing;"Epidemiology (Q2); Health Information Management (Q2); Statistics and Probability (Q2)"
39;13625;Audiology and Neuro-Otology;journal;14203030, 14219700;0.9159999999999999;Q1;70;31;97;1783;203;90;2.50;57,52;Switzerland;S. Karger AG;1996-ongoing;"Medicine (miscellaneous) (Q1); Otorhinolaryngology (Q1); Speech and Hearing (Q1); Physiology (Q2); Sensory Systems (Q2)"
40;13601;Journal of the American Academy of Audiology;journal;10500545;0.915;Q1;65;72;154;1919;150;143;1.06;26,65;United States;American Academy of Audiology;1990-ongoing;Speech and Hearing (Q1)
41;29901;International Journal of Hyperthermia;journal;02656736, 14645157;0.877;Q2;73;46;148;1164;149;133;1.05;25,30;United Kingdom;Taylor & Francis;1985-ongoing;"Medicine (miscellaneous) (Q1); Cancer Research (Q2); Physiology (Q2); Physiology (medical) (Q2); Radiological and Ultrasound Technology (Q2)"
42;13679;Ear and Hearing;journal;15384667, 01960202;0.8740000000000001;Q1;95;90;193;1909;282;187;1.55;21,21;United States;Lippincott Williams & Wilkins Ltd.;1980-ongoing;"Otorhinolaryngology (Q1); Speech and Hearing (Q1)"
43;20920;Microscopy Research and Technique;journal;1059910X;0.8590000000000001;Q1;110;223;575;15073;961;544;1.89;67,59;United States;John Wiley & Sons Inc.;1992-ongoing;"Anatomy (Q1); Histology (Q1); Instrumentation (Q1); Medical Laboratory Technology (Q1)"
44;23446;Journal of Applied Biomechanics;journal;15432688, 10658483;0.852;Q2;50;39;113;754;123;110;0.82;19,33;United States;Human Kinetics Publishers Inc.;1995-ongoing;"Orthopedics and Sports Medicine (Q1); Rehabilitation (Q1); Biophysics (Q2); Sports Science (Q2)"
45;40900;International Journal of Sport Nutrition and Exercise Metabolism;journal;1526484X, 15432742;0.847;Q2;65;43;93;1227;225;88;2.03;28,53;United States;Human Kinetics Publishers Inc.;1996-ongoing;"Medicine (miscellaneous) (Q1); Nutrition and Dietetics (Q1); Orthopedics and Sports Medicine (Q1); Sports Science (Q2)"
46;16270;Archives of Physical Medicine and Rehabilitation;journal;1532821X, 00039993;0.838;Q1;169;304;863;9250;1461;796;1.72;30,43;United Kingdom;W. B. Saunders Co., Ltd.;1945-ongoing;"Physical Therapy, Sports Therapy and Rehabilitation (Q1); Rehabilitation (Q1); Sports Science (Q2)"
47;14897;Journal of Electromyography and Kinesiology;journal;10506411;0.831;Q2;89;45;115;1560;175;108;1.37;34,67;Netherlands;Elsevier BV;1991-ongoing;"Neurology (clinical) (Q1); Biophysics (Q2); Neuroscience (miscellaneous) (Q2); Sports Science (Q2)"
48;23402;European Journal of Applied Physiology;journal;14396319, 14396327;0.807;Q2;118;228;524;7372;819;512;1.55;32,33;Germany;Springer Verlag;1973-1974, 1996-ongoing;"Medicine (miscellaneous) (Q1); Orthopedics and Sports Medicine (Q1); Public Health, Environmental and Occupational Health (Q1); Physiology (medical) (Q2); Sports Science (Q2)"
49;22609;Journal of Learning Disabilities;journal;00222194;0.777;Q1;79;22;159;1002;216;156;1.04;45,55;United States;SAGE Publications;1973-ongoing;"Education (Q1); Health Professions (miscellaneous) (Q1); Health (social science) (Q1)"
50;17622;Journal of Photochemistry and Photobiology B: Biology;journal;10111344;0.773;Q2;103;152;496;4710;924;468;1.78;30,99;Netherlands;Elsevier BV;1987-ongoing;"Radiation (Q1); Radiology, Nuclear Medicine and Imaging (Q1); Biophysics (Q2); Radiological and Ultrasound Technology (Q2)"
51;38758;Canadian Journal of Occupational Therapy;journal;00084174;0.7609999999999999;Q1;50;40;105;1271;83;98;0.82;31,78;United States;SAGE Publications Inc.;1933-ongoing;Occupational Therapy (Q1)
52;73008;Vital and health statistics. Series 2, Data evaluation and methods research;journal;00832057;0.7509999999999999;Q2;23;2;6;0;11;6;2.20;0,00;United States;U.S. National Center for Health Statistics;1965, 1970, 1977-1982, 1985-1989, 1991-1994, 1996-2001, 2003-2006, 2008, 2010-ongoing;"Medicine (miscellaneous) (Q1); Health Information Management (Q2); Statistics and Probability (Q2)"
53;28566;American Journal of Occupational Therapy;journal;02729490;0.7490000000000001;Q1;72;87;323;2254;345;301;1.19;25,91;United States;American Occupational Therapy Association;1947-ongoing;"Medicine (miscellaneous) (Q1); Occupational Therapy (Q1)"
54;21100454916;Abdominal Radiology;journal;23660058, 2366004X;0.743;Q2;67;133;402;2088;449;374;1.06;15,70;United States;Springer New York LLC;2016-ongoing;"Gastroenterology (Q1); Radiology, Nuclear Medicine and Imaging (Q1); Urology (Q1); Radiological and Ultrasound Technology (Q2)"
55;16807;Applied Immunohistochemistry and Molecular Morphology;journal;15334058, 15412016;0.74;Q1;55;38;22;1207;53;22;0.00;31,76;United States;Lippincott Williams & Wilkins Ltd.;1996-1997, 2000-ongoing;"Medical Laboratory Technology (Q1); Pathology and Forensic Medicine (Q1); Histology (Q2)"
56;13783;Journal of Voice;journal;08921997;0.726;Q1;77;63;184;1552;187;181;0.91;24,63;United States;Mosby Inc.;1987-ongoing;"LPN and LVN (Q1); Otorhinolaryngology (Q1); Speech and Hearing (Q1)"
57;16387;OTJR Occupation, Participation and Health;journal;15394492;0.72;Q1;35;30;51;797;44;47;0.68;26,57;United States;SAGE Publications Inc.;2002-ongoing;Occupational Therapy (Q1)
58;18142;Sociology of Sport Journal;journal;15432785, 07411235;0.713;Q1;49;17;55;1039;27;55;0.43;61,12;United States;Human Kinetics Publishers, Inc.;1996-ongoing;"Physical Therapy, Sports Therapy and Rehabilitation (Q1); Sociology and Political Science (Q1); Orthopedics and Sports Medicine (Q2); Sports Science (Q2)"
59;14566;American Journal of Speech-Language Pathology;journal;10580360;0.7040000000000001;Q1;62;28;107;1053;141;107;1.12;37,61;United States;American Speech-Language-Hearing Association;1996-ongoing;"Linguistics and Language (Q1); Medicine (miscellaneous) (Q1); Otorhinolaryngology (Q1); Speech and Hearing (Q1); Developmental and Educational Psychology (Q2)"
60;21170;Clinical Biomechanics;journal;02680033;0.7;Q2;115;121;287;2866;301;276;1.00;23,69;United Kingdom;Elsevier Ltd.;1986-ongoing;"Biophysics (Q2); Orthopedics and Sports Medicine (Q2); Sports Science (Q2)"
61;14654;Optometry and Vision Science;journal;15389235, 10405488;0.691;Q1;86;559;385;2218;428;331;1.13;3,97;United States;Lippincott Williams & Wilkins Ltd.;1989-ongoing;"Ophthalmology (Q1); Optometry (Q1)"
62;5800228211;European Physical Education Review;journal;1356336X, 17412749;0.684;Q1;39;14;44;435;18;37;0.39;31,07;United Kingdom;SAGE Publications;1995-ongoing;"Education (Q1); Physical Therapy, Sports Therapy and Rehabilitation (Q1); Orthopedics and Sports Medicine (Q2); Sports Science (Q2)"
63;20032;Acta Radiologica;journal;02841851, 16000455;0.6809999999999999;Q2;66;137;460;2265;522;435;0.93;16,53;United Kingdom;SAGE Publications Inc.;1921-ongoing;"Medicine (miscellaneous) (Q1); Radiology, Nuclear Medicine and Imaging (Q1); Radiological and Ultrasound Technology (Q2)"
64;13674;Dysphagia;journal;0179051X, 14320460;0.68;Q1;71;36;125;959;172;101;1.64;26,64;Germany;Springer Verlag;1986-ongoing;"Gastroenterology (Q1); Otorhinolaryngology (Q1); Speech and Hearing (Q1)"
65;12164;Brain and Language;journal;0093934X;0.679;Q1;110;162;593;4829;768;586;0.97;29,81;United States;Elsevier Inc.;1974-ongoing;"Language and Linguistics (Q1); Linguistics and Language (Q1); Speech and Hearing (Q1); Cognitive Neuroscience (Q3); Experimental and Cognitive Psychology (Q3)"
66;30014;Journal of Motor Behavior;journal;00222895;0.6779999999999999;Q2;63;36;99;1208;128;97;1.33;33,56;United States;Heldref Publications;1969-ongoing;"Biophysics (Q2); Orthopedics and Sports Medicine (Q2); Sports Science (Q2); Cognitive Neuroscience (Q3); Experimental and Cognitive Psychology (Q3)"
67;19016;Methods of Information in Medicine;journal;00261270;0.672;Q2;56;74;213;1024;198;201;1.17;13,84;Germany;Schattauer GmbH;1962-ongoing;"Advanced and Specialized Nursing (Q1); Health Informatics (Q1); Health Information Management (Q2)"
68;28846;Disability and Society;journal;13600508, 09687599;0.67;Q1;65;61;140;2347;185;140;1.21;38,48;United Kingdom;Carfax Publishing Ltd.;1994-ongoing;"Health Professions (miscellaneous) (Q1); Health (social science) (Q1); Social Sciences (miscellaneous) (Q1)"
69;14565;American Journal of Audiology;journal;10590889;0.6609999999999999;Q1;40;18;64;601;53;64;1.03;33,39;United States;American Speech-Language-Hearing Association;1996-ongoing;Speech and Hearing (Q1)
70;12272;Journal of Rehabilitation Medicine;journal;16501977;0.652;Q1;87;31;105;857;141;99;1.14;27,65;United Kingdom;Taylor & Francis;1997, 2001-ongoing;"Medicine (miscellaneous) (Q1); Physical Therapy, Sports Therapy and Rehabilitation (Q1); Rehabilitation (Q1); Sports Science (Q2)"
71;23728;Telemedicine Journal and e-Health;journal;15563669, 15305627;0.652;Q2;58;41;101;761;167;91;1.69;18,56;United States;Mary Ann Liebert Inc.;2000-ongoing;"Health Informatics (Q1); Medicine (miscellaneous) (Q1); Health Information Management (Q2)"
72;35404;Operative Techniques in Sports Medicine;journal;10601872;0.648;Q2;28;42;94;633;63;94;0.66;15,07;United Kingdom;W. B. Saunders Co., Ltd.;1994-ongoing;"Surgery (Q1); Orthopedics and Sports Medicine (Q2); Sports Science (Q2)"
73;14352;Brain Topography;journal;15736792, 08960267;0.645;Q2;63;24;76;944;132;76;1.68;39,33;United States;Kluwer Academic/Plenum Publishers;1988-ongoing;"Anatomy (Q1); Neurology (Q2); Neurology (clinical) (Q2); Radiological and Ultrasound Technology (Q2); Radiology, Nuclear Medicine and Imaging (Q2)"
74;35716;Ultrasound in Medicine and Biology;journal;03015629;0.642;Q2;122;1057;986;4807;922;974;1.90;4,55;Netherlands;Elsevier BV;1973-ongoing;"Acoustics and Ultrasonics (Q1); Biophysics (Q2); Radiological and Ultrasound Technology (Q2); Radiology, Nuclear Medicine and Imaging (Q2)"
75;22481;Journal of Phonetics;journal;00954470, 10958576;0.631;Q2;71;22;55;1162;65;55;1.09;52,82;United States;Elsevier Inc.;1995-ongoing;"Language and Linguistics (Q1); Linguistics and Language (Q1); Speech and Hearing (Q2)"
76;16263;American Journal of Physical Medicine and Rehabilitation;journal;08949115;0.626;Q1;89;97;307;1823;304;265;1.05;18,79;United States;Lippincott Williams & Wilkins Ltd.;1988-ongoing;"Physical Therapy, Sports Therapy and Rehabilitation (Q1); Rehabilitation (Q1); Sports Science (Q2)"
77;14112;Rehabilitation Psychology;journal;00905550;0.62;Q1;57;29;70;858;90;68;1.46;29,59;United States;American Psychological Association;1982-ongoing;"Physical Therapy, Sports Therapy and Rehabilitation (Q1); Rehabilitation (Q1); Clinical Psychology (Q2); Psychiatry and Mental Health (Q2)"
78;34218;Radiation Oncology Investigations;journal;10657541;0.619;Q2;29;0;133;0;184;130;1.39;0,00;United States;John Wiley & Sons Inc.;1993-1999;"Oncology (Q2); Radiation (Q2); Radiological and Ultrasound Technology (Q2); Radiology, Nuclear Medicine and Imaging (Q2)"
79;17241;Journal of Ultrasound in Medicine;journal;02784297, 15509613;0.618;Q2;81;158;466;5632;523;417;1.29;35,65;United States;John Wiley and Sons Inc.;1982-ongoing;"Medicine (miscellaneous) (Q1); Radiological and Ultrasound Technology (Q2); Radiology, Nuclear Medicine and Imaging (Q2)"
80;26550;International Journal of Clinical and Experimental Hypnosis;journal;00207144;0.617;Q1;44;30;62;982;68;61;1.12;32,73;United Kingdom;Taylor & Francis;1959-ongoing;"Complementary and Manual Therapy (Q1); Clinical Psychology (Q2)"
81;78905;Research and Practice for Persons with Severe Disabilities;journal;15407969;0.615;Q1;40;51;154;1487;118;128;0.84;29,16;United States;SAGE Publications Inc.;1975-1980, 1986, 1988, 1992-ongoing;"Health Professions (miscellaneous) (Q1); Public Health, Environmental and Occupational Health (Q1); Social Psychology (Q2)"
82;16317;Clinical Rehabilitation;journal;14770873, 02692155;0.609;Q1;97;85;234;1832;254;214;0.96;21,55;United States;SAGE Publications;1987-ongoing;"Physical Therapy, Sports Therapy and Rehabilitation (Q1); Rehabilitation (Q1)"
83;23108;Language and Speech;journal;00238309;0.609;Q2;45;18;58;693;81;57;1.11;38,50;United States;SAGE Publications;1958-ongoing;"Language and Linguistics (Q1); Linguistics and Language (Q1); Medicine (miscellaneous) (Q1); Sociology and Political Science (Q1); Speech and Hearing (Q2)"
84;147231;International Review for the Sociology of Sport;journal;10126902;0.601;Q2;51;28;95;941;54;91;0.52;33,61;United States;SAGE Publications;1966-2002, 2004-ongoing;"Social Sciences (miscellaneous) (Q1); Sociology and Political Science (Q2); Sports Science (Q2)"
85;19819;Clinics in Sports Medicine;journal;02785919;0.5920000000000001;Q1;73;50;163;2543;242;153;1.35;50,86;United Kingdom;W. B. Saunders Co., Ltd.;1982-ongoing;"Physical Therapy, Sports Therapy and Rehabilitation (Q1); Orthopedics and Sports Medicine (Q2); Sports Science (Q2)"
86;4700151731;Applied Physiology, Nutrition and Metabolism;journal;17155312;0.581;Q2;78;33;112;1540;151;111;0.96;46,67;Canada;National Research Council Canada;2006-ongoing;"Medicine (miscellaneous) (Q1); Nutrition and Dietetics (Q1); Endocrinology, Diabetes and Metabolism (Q2); Physiology (Q2); Physiology (medical) (Q2); Sports Science (Q2)"
87;13776;Journal of Medical Speech-Language Pathology;journal;10651438;0.58;Q2;29;42;67;855;43;63;0.73;20,36;United States;Delmar Learning;1996-2012;"Otorhinolaryngology (Q1); Rehabilitation (Q1); Speech and Hearing (Q2)"
88;29803;Research Quarterly for Exercise and Sport;journal;02701367, 03649857;0.574;Q1;82;69;150;2237;165;146;0.92;32,42;United Kingdom;Taylor & Francis;1980-ongoing;"Medicine (miscellaneous) (Q1); Nephrology (Q1); Physical Therapy, Sports Therapy and Rehabilitation (Q1); Orthopedics and Sports Medicine (Q2); Sports Science (Q2)"
89;19818;Clinical Journal of Sport Medicine;journal;15363724, 1050642X;0.562;Q1;94;62;183;1088;226;166;1.22;17,55;United States;Lippincott Williams & Wilkins Ltd.;1993-ongoing;"Physical Therapy, Sports Therapy and Rehabilitation (Q1); Orthopedics and Sports Medicine (Q2); Sports Science (Q2)"
90;16868;Motor Control;journal;10871640, 15432696;0.556;Q1;41;32;73;161;74;63;0.96;5,03;United States;Human Kinetics Publishers, Inc.;1997-ongoing;"Physical Therapy, Sports Therapy and Rehabilitation (Q1); Neurology (clinical) (Q2); Sports Science (Q2); Physiology (medical) (Q3)"
91;20346;Scandinavian Journal of Medicine and Science in Sports;journal;16000838, 09057188;0.5539999999999999;Q1;97;56;184;1800;210;179;0.78;32,14;United Kingdom;Blackwell Publishing Inc.;1991-ongoing;"Physical Therapy, Sports Therapy and Rehabilitation (Q1); Orthopedics and Sports Medicine (Q2); Sports Science (Q2)"
92;12218;Journal of Head Trauma Rehabilitation;journal;08859701, 1550509X;0.54;Q1;88;70;188;1971;219;164;1.44;28,16;United States;Lippincott Williams & Wilkins Ltd.;1987-ongoing;"Physical Therapy, Sports Therapy and Rehabilitation (Q1); Rehabilitation (Q1); Neurology (clinical) (Q2)"
93;17223;Journal of Digital Imaging;journal;1618727X, 08971889;0.534;Q3;46;95;320;702;248;318;0.76;7,39;Germany;Springer Verlag;1988-ongoing;"Computer Science Applications (Q2); Radiology, Nuclear Medicine and Imaging (Q2); Radiological and Ultrasound Technology (Q3)"
94;13798;Language, Speech, and Hearing Services in Schools;journal;01611461;0.534;Q2;59;33;107;1023;77;107;0.75;31,00;United States;American Speech-Language-Hearing Association;1996-ongoing;"Language and Linguistics (Q1); Linguistics and Language (Q1); Speech and Hearing (Q2)"
95;36099;Archives of Pathology and Laboratory Medicine;journal;00039985;0.528;Q1;108;397;677;5371;876;615;1.39;13,53;United States;American Medical Association;1973-ongoing;"Medical Laboratory Technology (Q1); Medicine (miscellaneous) (Q1); Pathology and Forensic Medicine (Q2)"
96;14881;Clinical Linguistics and Phonetics;journal;02699206, 14645076;0.519;Q2;44;33;75;1452;59;74;1.00;44,00;United Kingdom;Taylor & Francis;1987-ongoing;"Language and Linguistics (Q1); Linguistics and Language (Q1); Medicine (miscellaneous) (Q1); Speech and Hearing (Q2)"
97;19817;British Journal of Sports Medicine;journal;03063674, 14730480;0.506;Q1;141;167;362;2287;293;261;1.02;13,69;United Kingdom;BMJ Publishing Group;1974-ongoing;"Medicine (miscellaneous) (Q1); Physical Therapy, Sports Therapy and Rehabilitation (Q1); Orthopedics and Sports Medicine (Q2); Sports Science (Q2)"
98;15724;Pediatric Exercise Science;journal;15432920, 08998493;0.496;Q1;60;36;87;1240;60;79;0.48;34,44;United States;Human Kinetics Publishers, Inc.;1996-ongoing;"Physical Therapy, Sports Therapy and Rehabilitation (Q1); Orthopedics and Sports Medicine (Q2); Pediatrics, Perinatology and Child Health (Q2); Sports Science (Q3)"
99;19870;Journal of Applied Sport Psychology;journal;10413200;0.495;Q3;67;16;60;758;67;60;1.15;47,38;United Kingdom;Taylor & Francis;1989-ongoing;"Applied Psychology (Q2); Sports Science (Q3)"
100;19700176802;Journal of Physiotherapy;journal;18369553;0.494;Q1;61;44;110;486;55;84;0.63;11,05;Australia;Australian Physiotherapy Association;2010-ongoing;Physical Therapy, Sports Therapy and Rehabilitation (Q1)
101;29178;Ergonomics;journal;00140139, 13665847;0.48700000000000004;Q1;97;143;348;4209;420;341;1.07;29,43;United Kingdom;Taylor & Francis;1957-ongoing;"Physical Therapy, Sports Therapy and Rehabilitation (Q1); Human Factors and Ergonomics (Q2)"
102;21090;Journal of Sports Sciences;journal;1466447X, 02640414;0.479;Q1;117;346;366;2724;259;342;0.54;7,87;United Kingdom;Taylor & Francis;1983-ongoing;"Physical Therapy, Sports Therapy and Rehabilitation (Q1); Orthopedics and Sports Medicine (Q2); Sports Science (Q3)"
103;25504;Diabetes Educator;journal;01457217;0.478;Q1;64;75;186;1217;145;166;0.70;16,23;United States;SAGE Publications;1979-ongoing;"Health Professions (miscellaneous) (Q1); Endocrinology, Diabetes and Metabolism (Q2)"
104;29514;Radiation Protection Dosimetry;journal;01448420;0.467;Q3;64;323;1086;4632;611;1036;0.57;14,34;United Kingdom;Oxford University Press;1981-ongoing;"Medicine (miscellaneous) (Q1); Public Health, Environmental and Occupational Health (Q2); Radiology, Nuclear Medicine and Imaging (Q2); Radiation (Q3); Radiological and Ultrasound Technology (Q3)"
105;26785;Annals of Clinical and Laboratory Science;journal;00917370;0.462;Q1;50;51;134;1635;180;131;1.12;32,06;United States;Institute for Clinical Science;1971-ongoing;"Medical Laboratory Technology (Q1); Medicine (miscellaneous) (Q1); Hematology (Q2); Pathology and Forensic Medicine (Q2); Clinical Biochemistry (Q3); Immunology (Q3); Immunology and Allergy (Q3); Microbiology (Q3); Molecular Biology (Q4)"
106;29854;Occupational Therapy International;journal;09667903;0.457;Q2;32;23;59;23;33;59;0.46;1,00;Egypt;Hindawi Limited;1996-ongoing;"Medicine (miscellaneous) (Q1); Occupational Therapy (Q2)"
107;19889;Journal of Strength and Conditioning Research;journal;10648011, 15334287;0.452;Q2;108;75;168;2037;138;167;0.67;27,16;United States;National Strength and Conditioning Association;1996-ongoing;"Medicine (miscellaneous) (Q1); Orthopedics and Sports Medicine (Q2); Physical Therapy, Sports Therapy and Rehabilitation (Q2); Sports Science (Q3)"
108;21172;Complementary Therapies in Medicine;journal;09652299;0.451;Q1;55;53;126;738;84;104;0.85;13,92;United States;Churchill Livingstone;1993-ongoing;"Advanced and Specialized Nursing (Q1); Complementary and Alternative Medicine (Q1); Complementary and Manual Therapy (Q1)"
109;21100256982;IEEE Journal of Biomedical and Health Informatics;journal;21682208, 21682194;0.451;Q3;104;44;95;875;106;93;0.98;19,89;United States;Institute of Electrical and Electronics Engineers Inc.;2013-ongoing;"Biotechnology (Q2); Computer Science Applications (Q2); Electrical and Electronic Engineering (Q2); Health Information Management (Q3)"
110;27226;Journal of Clinical Laboratory Analysis;journal;08878013, 10982825;0.445;Q2;44;55;177;1582;217;173;1.10;28,76;United States;John Wiley & Sons Inc.;1987-ongoing;"Biochemistry (medical) (Q2); Hematology (Q2); Medical Laboratory Technology (Q2); Microbiology (medical) (Q2); Public Health, Environmental and Occupational Health (Q2); Clinical Biochemistry (Q3); Immunology and Allergy (Q3)"
111;15746;Pediatric Physical Therapy;journal;08985669, 1538005X;0.445;Q2;42;22;61;569;27;52;0.55;25,86;United States;Lippincott Williams & Wilkins Ltd.;1989-ongoing;"Medicine (miscellaneous) (Q1); Pediatrics, Perinatology and Child Health (Q2); Physical Therapy, Sports Therapy and Rehabilitation (Q2)"
112;28682;British Journal of Occupational Therapy;journal;03080226, 14776006;0.433;Q2;41;152;318;2131;185;271;0.66;14,02;United Kingdom;SAGE Publications Inc.;1974-1976, 1996-ongoing;Occupational Therapy (Q2)
113;15281;Sport Psychologist;journal;15432793, 08884781;0.428;Q3;62;23;88;812;56;88;0.61;35,30;United States;Human Kinetics Publishers, Inc.;1996-ongoing;"Applied Psychology (Q3); Sports Science (Q3)"
114;19876;Journal of Sport Rehabilitation;journal;15433072, 10566716;0.425;Q2;43;30;82;881;57;79;0.51;29,37;United States;Human Kinetics Publishers, Inc.;1992-ongoing;"Rehabilitation (Q1); Orthopedics and Sports Medicine (Q2); Physical Therapy, Sports Therapy and Rehabilitation (Q2); Biophysics (Q3); Sports Science (Q3)"
115;29283;Journal of Occupational Rehabilitation;journal;15733688, 10530487;0.41200000000000003;Q2;64;22;65;827;48;62;0.67;37,59;United States;Kluwer Academic/Plenum Publishers;1991-ongoing;"Rehabilitation (Q1); Occupational Therapy (Q2)"
116;23607;Computerized Medical Imaging and Graphics;journal;08956111;0.40700000000000003;Q3;63;48;153;928;102;151;0.58;19,33;Netherlands;Elsevier BV;1988-ongoing;"Computer Graphics and Computer-Aided Design (Q2); Computer Vision and Pattern Recognition (Q2); Health Informatics (Q2); Radiology, Nuclear Medicine and Imaging (Q2); Radiological and Ultrasound Technology (Q3)"
117;18701;Psychiatric Rehabilitation Journal;journal;1095158X;0.397;Q1;58;51;105;1097;92;105;0.92;21,51;United States;American Psychological Association Inc.;1996-ongoing;"Health Professions (miscellaneous) (Q1); Rehabilitation (Q1); Psychiatry and Mental Health (Q2)"
118;22281;Reading and Writing;journal;09224777, 15730905;0.39399999999999996;Q2;64;14;64;574;37;64;0.49;41,00;Netherlands;Kluwer Academic Publishers;1989-ongoing;"Education (Q2); Linguistics and Language (Q2); Speech and Hearing (Q2); Neuropsychology and Physiological Psychology (Q3)"
119;35330;Scandinavian Audiology;journal;01050397;0.392;Q1;30;33;97;752;70;91;0.82;22,79;Canada;B.C. Decker Inc.;1973-2001;"Health Professions (miscellaneous) (Q1); Otorhinolaryngology (Q2); Psychology (miscellaneous) (Q2); Social Sciences (miscellaneous) (Q2)"
120;22456;International Journal of Pharmacy Practice;journal;09617671;0.387;Q1;32;40;101;1160;99;96;1.03;29,00;United Kingdom;Wiley-Blackwell;1991-ongoing;"Pharmacy (Q1); Health Policy (Q2); Medicine (miscellaneous) (Q2); Pharmaceutical Science (Q2); Public Health, Environmental and Occupational Health (Q2)"
121;14018;Human Movement Science;journal;01679457;0.384;Q3;80;37;124;1492;130;124;1.01;40,32;Netherlands;Elsevier BV;1982-ongoing;"Medicine (miscellaneous) (Q2); Orthopedics and Sports Medicine (Q2); Biophysics (Q3); Experimental and Cognitive Psychology (Q3); Sports Science (Q3)"
122;16953;Physiotherapy Theory and Practice;journal;09593985;0.384;Q2;39;24;79;639;44;68;0.47;26,63;United Kingdom;Taylor & Francis;1985-ongoing;Physical Therapy, Sports Therapy and Rehabilitation (Q2)
123;28025;Gait and Posture;journal;09666362;0.38299999999999995;Q3;129;50;273;1145;175;273;0.43;22,90;Netherlands;Elsevier BV;1993-ongoing;"Orthopedics and Sports Medicine (Q2); Rehabilitation (Q2); Biophysics (Q3); Sports Science (Q3)"
124;16295;Australian Occupational Therapy Journal;journal;00450766, 14401630;0.38;Q3;37;20;55;636;29;47;0.35;31,80;United Kingdom;Blackwell Publishing Inc.;1952-1953, 1956-ongoing;Occupational Therapy (Q3)
125;40970;Magnetic Resonance Materials in Physics, Biology, and Medicine;journal;13528661, 09685243;0.379;Q3;56;67;176;1054;100;174;0.52;15,73;Germany;Springer Verlag;1984, 1993-ongoing;"Radiology, Nuclear Medicine and Imaging (Q2); Biophysics (Q3); Radiological and Ultrasound Technology (Q3)"
126;14604;Ophthalmic and Physiological Optics;journal;02755408, 14751313;0.37799999999999995;Q1;60;61;243;1661;147;220;0.58;27,23;United Kingdom;Blackwell Publishing Inc.;1981-ongoing;"Optometry (Q1); Ophthalmology (Q2); Sensory Systems (Q3)"
127;29191;Journal of Aging and Physical Activity;journal;10638652, 1543267X;0.37200000000000005;Q2;52;32;71;942;56;68;1.02;29,44;United States;Human Kinetics Publishers Inc.;1996-ongoing;"Gerontology (Q1); Geriatrics and Gerontology (Q2); Physical Therapy, Sports Therapy and Rehabilitation (Q2); Rehabilitation (Q2); Sports Science (Q3)"
128;13929;Applied Ergonomics;journal;00036870;0.36700000000000005;Q2;84;68;163;1846;188;157;1.25;27,15;United Kingdom;Elsevier Ltd.;1969-ongoing;"Engineering (miscellaneous) (Q1); Human Factors and Ergonomics (Q2); Physical Therapy, Sports Therapy and Rehabilitation (Q2); Safety, Risk, Reliability and Quality (Q2)"
129;19700182275;International Journal of Clinical Pharmacy;journal;22107711, 22107703;0.366;Q1;52;36;139;643;155;134;1.07;17,86;Germany;Springer Verlag;2010-ongoing;"Pharmacy (Q1); Pharmaceutical Science (Q2); Pharmacology (Q2); Pharmacology (medical) (Q2); Toxicology (Q3)"
130;21472;Journal of Teaching in Physical Education;journal;02735024, 15432769;0.36200000000000004;Q2;48;16;76;702;47;76;0.60;43,88;United States;Human Kinetics Publishers Inc.;1996-ongoing;"Education (Q2); Orthopedics and Sports Medicine (Q2); Physical Therapy, Sports Therapy and Rehabilitation (Q2); Sports Science (Q3)"
131;19887;Journal of Sports Medicine and Physical Fitness;journal;00224707;0.361;Q2;58;52;156;1550;118;152;0.47;29,81;Italy;Edizioni Minerva Medica;1962-ongoing;"Orthopedics and Sports Medicine (Q2); Physical Therapy, Sports Therapy and Rehabilitation (Q2); Sports Science (Q3)"
132;35480;Applied Immunohistochemistry;journal;10623345;0.36;Q2;20;12;107;425;87;95;0.72;35,42;United States;Lippincott Williams & Wilkins Ltd.;1995-2000;"Anatomy (Q2); Medical Laboratory Technology (Q2)"
133;15216;Journal of the American Podiatric Medical Association;journal;87507315;0.36;Q1;52;81;270;1037;128;226;0.46;12,80;United States;American Podiatric Medical Association;1985-ongoing;"Podiatry (Q1); Medicine (miscellaneous) (Q2); Orthopedics and Sports Medicine (Q2)"
134;12982;Prosthetics and Orthotics International;journal;03093646;0.36;Q1;45;36;115;559;44;105;0.23;15,53;United States;SAGE Publications Inc.;1977-ongoing;"Health Professions (miscellaneous) (Q1); Rehabilitation (Q2)"
135;17270;Medical Dosimetry;journal;09583947;0.359;Q3;34;37;142;435;69;140;0.38;11,76;Netherlands;Elsevier BV;1988-ongoing;"Radiology, Nuclear Medicine and Imaging (Q2); Oncology (Q3); Radiological and Ultrasound Technology (Q3)"
136;35303;Journal of Manipulative and Physiological Therapeutics;journal;01614754, 15326586;0.354;Q1;65;105;315;2960;165;226;0.64;28,19;United States;Mosby Inc.;1982-ongoing;Chiropractics (Q1)
137;19871;Journal of Athletic Training;journal;10626050, 1938162X;0.35;Q2;96;61;139;2434;77;139;0.43;39,90;United States;National Athletic Trainers Association, Inc.;1996-ongoing;"Medicine (miscellaneous) (Q2); Orthopedics and Sports Medicine (Q2); Physical Therapy, Sports Therapy and Rehabilitation (Q2); Sports Science (Q3)"
138;13073;Sports Medicine and Arthroscopy Review;journal;10628592;0.34600000000000003;Q2;43;41;107;2068;39;107;0.27;50,44;United States;Lippincott Williams & Wilkins Ltd.;1996-ongoing;"Orthopedics and Sports Medicine (Q2); Physical Therapy, Sports Therapy and Rehabilitation (Q2); Sports Science (Q3)"
139;15428;Journal of Communication Disorders;journal;00219924;0.341;Q2;56;28;87;1175;56;82;0.52;41,96;Netherlands;Elsevier BV;1967-ongoing;"LPN and LVN (Q1); Linguistics and Language (Q2); Speech and Hearing (Q2); Experimental and Cognitive Psychology (Q3); Cognitive Neuroscience (Q4)"
140;19874;Journal of Science and Medicine in Sport;journal;14402440;0.34;Q2;85;49;79;1569;50;76;0.57;32,02;Netherlands;Elsevier BV;1998-ongoing;"Physical Therapy, Sports Therapy and Rehabilitation (Q2); Orthopedics and Sports Medicine (Q3); Sports Science (Q3)"
141;13701;Folia Phoniatrica et Logopaedica;journal;14219972, 10217762;0.337;Q2;42;29;85;838;53;84;0.51;28,90;Switzerland;S. Karger AG;1994-ongoing;"Language and Linguistics (Q2); Linguistics and Language (Q2); LPN and LVN (Q2); Speech and Hearing (Q2)"
142;26766;ATLA Alternatives to Laboratory Animals;journal;02611929;0.331;Q2;55;72;164;1473;134;143;0.98;20,46;United Kingdom;Fund for the Replacement of Animals in Medical Experiments;1982, 1985-1986, 1988-1989, 1994-ongoing;"Biochemistry, Genetics and Molecular Biology (miscellaneous) (Q2); Medical Laboratory Technology (Q2); Medicine (miscellaneous) (Q2); Toxicology (Q3)"
143;30004;Health information and libraries journal;journal;14711842, 14711834;0.324;Q3;34;19;74;0;20;74;0.22;0,00;United Kingdom;Blackwell Publishing Inc.;2001-ongoing;"Health Informatics (Q2); Library and Information Sciences (Q2); Health Information Management (Q3)"
144;19543;Health Care for Women International;journal;07399332, 10964665;0.322;Q2;47;59;158;1622;96;135;0.60;27,49;United Kingdom;Taylor & Francis;1984-ongoing;Health Professions (miscellaneous) (Q2)
145;24041;Journal of Immunoassay and Immunochemistry;journal;15321819, 15324230;0.318;Q2;24;22;55;208;40;55;0.68;9,45;United States;Marcel Dekker Inc.;2001-ongoing;"Medical Laboratory Technology (Q2); Clinical Biochemistry (Q3); Immunology (Q3); Immunology and Allergy (Q3)"
146;32874;American Journal of Art Therapy;journal;00074764;0.317;Q2;8;10;15;287;4;15;0.25;28,70;United States;American Art Therapy Association, Inc.;1973-1983, 1985, 1987, 1989-2001;"Health Professions (miscellaneous) (Q2); Clinical Biochemistry (Q3)"
147;23800;Adolescence;journal;00018449;0.312;Q2;66;55;228;1880;142;228;0.40;34,18;United States;Libra Publishing Ltd.;1973-2009;"Education (Q2); Health Professions (miscellaneous) (Q2); Psychology (miscellaneous) (Q2); Social Sciences (miscellaneous) (Q2); Developmental and Educational Psychology (Q3)"
148;14564;American Annals of the Deaf;journal;15430375, 0002726X;0.312;Q2;36;39;133;835;48;121;0.44;21,41;United States;Gallaudet University Press;1948-1951, 1961, 1965-ongoing;"Education (Q2); Speech and Hearing (Q2); Developmental and Educational Psychology (Q3)"
149;23289;Topics in Language Disorders;journal;15503259, 02718294;0.307;Q3;39;22;69;1118;45;69;0.63;50,82;United States;Lippincott Williams & Wilkins Ltd.;1996-ongoing;"Language and Linguistics (Q2); Linguistics and Language (Q2); Speech and Hearing (Q3)"
150;16800;Journal of Hand Therapy;journal;1545004X, 08941130;0.302;Q2;56;39;133;902;70;120;0.52;23,13;United States;Hanley and Belfus, Inc.;1993-ongoing;"Physical Therapy, Sports Therapy and Rehabilitation (Q2); Rehabilitation (Q2)"
151;21316;AIDS and Public Policy Journal;journal;08873852;0.301;Q2;12;10;39;591;20;36;0.20;59,10;United States;University Publishing Group, Inc.;1987-2005;"Health Professions (miscellaneous) (Q2); Health (social science) (Q2); Public Health, Environmental and Occupational Health (Q2); Social Sciences (miscellaneous) (Q2)"
152;13739;International Journal of Language and Communication Disorders;journal;13682822, 14606984;0.301;Q3;58;35;252;1205;82;240;0.25;34,43;United States;Wiley-Blackwell;1966-1995, 1998-ongoing;"Language and Linguistics (Q2); Linguistics and Language (Q2); Speech and Hearing (Q3)"
153;17227;Journal of Neuroradiology;journal;01509861;0.295;Q3;36;42;136;752;78;128;0.39;17,90;France;Elsevier Masson;1977-ongoing;"Neurology (clinical) (Q3); Radiological and Ultrasound Technology (Q3); Radiology, Nuclear Medicine and Imaging (Q3)"
154;21601;Annals of Dyslexia;journal;07369387;0.28800000000000003;Q3;45;12;38;112;20;38;0.48;9,33;United States;Springer New York LLC;1982-ongoing;"Education (Q2); Speech and Hearing (Q3)"
155;15456;Journal of Emotional Abuse;journal;15404714, 10926798;0.28600000000000003;Q2;27;0;21;0;16;21;0.20;0,00;United States;The Haworth Maltreatment & Trauma Press;1998-2001, 2003-2008;"Health Professions (miscellaneous) (Q2); Social Sciences (miscellaneous) (Q2); Clinical Psychology (Q3); Psychiatry and Mental Health (Q3)"
156;16802;Journal of Manual and Manipulative Therapy;journal;10669817;0.285;Q2;32;19;65;463;17;58;0.18;24,37;United States;Maney Publishing;1993-ongoing;Physical Therapy, Sports Therapy and Rehabilitation (Q2)
157;19530;Sportverletzung Sportschaden;journal;09320555;0.284;Q3;19;27;101;641;49;99;0.53;23,74;Germany;Georg Thieme Verlag;1987-ongoing;"Medicine (miscellaneous) (Q2); Orthopedics and Sports Medicine (Q3); Sports Science (Q3)"
158;12400154722;Informatics for health & social care;journal;17538157;0.28300000000000003;Q3;31;27;121;590;68;112;0.58;21,85;United Kingdom;Informa Healthcare;1976-1995, 2008-ongoing;"Nursing (miscellaneous) (Q2); Health Informatics (Q3); Health Information Management (Q3)"
159;17478;Topics in Spinal Cord Injury Rehabilitation;journal;10820744;0.28;Q2;30;27;79;764;24;66;0.36;28,30;United States;Thomas Land Publishers Inc.;1998-ongoing;"Physical Therapy, Sports Therapy and Rehabilitation (Q2); Rehabilitation (Q2); Neurology (clinical) (Q3)"
160;16938;Physiotherapy;journal;00319406;0.276;Q2;47;100;327;1643;111;243;0.46;16,43;United Kingdom;Elsevier Ltd;1945-ongoing;Physical Therapy, Sports Therapy and Rehabilitation (Q2)
161;13795;Contact Lens and Anterior Eye;journal;13670484;0.275;Q2;43;15;57;429;18;57;0.37;28,60;Netherlands;Elsevier BV;1997-ongoing;"Medicine (miscellaneous) (Q2); Optometry (Q2); Ophthalmology (Q3)"
162;12054;Arts in Psychotherapy;journal;01974556;0.27399999999999997;Q2;29;26;90;589;28;90;0.36;22,65;United Kingdom;Elsevier Ltd.;1973, 1975-ongoing;"Health Professions (miscellaneous) (Q2); Clinical Psychology (Q3); Psychiatry and Mental Health (Q3)"
163;16949;Physiotherapy research international : the journal for researchers and clinicians in physical therapy;journal;13582267;0.271;Q2;44;26;90;0;42;69;0.46;0,00;United States;Wiley-Blackwell;1996-ongoing;Physical Therapy, Sports Therapy and Rehabilitation (Q2)
164;21595;Adapted Physical Activity Quarterly;journal;15432777, 07365829;0.27;Q2;47;29;76;1077;69;72;1.12;37,14;United States;Human Kinetics Publishers Inc.;1988-ongoing;"Physical Therapy, Sports Therapy and Rehabilitation (Q2); Sports Science (Q3)"
165;16320;Critical Reviews in Physical and Rehabilitation Medicine;journal;08962960;0.27;Q2;16;17;43;1930;36;43;0.71;113,53;United States;Begell House;1995-ongoing;"Physical Therapy, Sports Therapy and Rehabilitation (Q2); Rehabilitation (Q2)"
166;21078;Journal of Sport Management;journal;1543270X, 08884773;0.26899999999999996;Q2;57;16;53;648;18;53;0.36;40,50;United States;Human Kinetics Publishers Inc.;1996-ongoing;"Physical Therapy, Sports Therapy and Rehabilitation (Q2); Decision Sciences (miscellaneous) (Q3); Organizational Behavior and Human Resource Management (Q3); Orthopedics and Sports Medicine (Q3); Sports Science (Q3)"
167;29890;Strength and Conditioning Journal;journal;15334295, 15241602;0.26899999999999996;Q2;32;36;138;674;41;138;0.31;18,72;United States;Lippincott Williams & Wilkins Ltd.;1996-ongoing;"Physical Therapy, Sports Therapy and Rehabilitation (Q2); Orthopedics and Sports Medicine (Q3); Sports Science (Q3)"
168;21100801200;Musculoskeletal Science and Practice;journal;24687812, 24688630;0.267;Q2;78;37;84;1010;34;74;0.38;27,30;United Kingdom;Elsevier BV;2017-ongoing;Physical Therapy, Sports Therapy and Rehabilitation (Q2)
169;26548;Contemporary Hypnosis;journal;09605290;0.258;Q1;22;17;65;509;18;65;0.31;29,94;United Kingdom;Whurr Publishers Ltd.;1996-2009;"Complementary and Manual Therapy (Q1); Clinical Psychology (Q3)"
170;28033;AAC: Augmentative and Alternative Communication;journal;14773848, 07434618;0.257;Q3;45;27;86;772;35;86;0.34;28,59;United Kingdom;Informa Healthcare;1985-ongoing;"Medicine (miscellaneous) (Q2); Rehabilitation (Q2); Speech and Hearing (Q3)"
171;22015;Child Language Teaching and Therapy;journal;02656590;0.256;Q3;29;17;49;443;14;45;0.34;26,06;United States;SAGE Publications;1985-ongoing;"Language and Linguistics (Q2); Linguistics and Language (Q2); Clinical Psychology (Q3); Education (Q3); Speech and Hearing (Q3); Developmental and Educational Psychology (Q4)"
172;5800207714;Communication Disorders Quarterly;journal;15257401;0.256;Q3;23;26;50;885;17;46;0.48;34,04;United States;SAGE Publications Inc.;1976, 1978-1990, 1992-1995, 1997-ongoing;"Linguistics and Language (Q2); Speech and Hearing (Q3)"
173;14655;Optometry;journal;15291839;0.251;Q2;34;106;58;1417;42;58;0.72;13,37;United States;American Optometric Association;1999-2012;"Medicine (miscellaneous) (Q2); Optometry (Q2)"
174;145406;Art Therapy;journal;07421656;0.249;Q2;27;41;109;702;39;109;0.47;17,12;United Kingdom;Taylor & Francis;1983-ongoing;"Complementary and Manual Therapy (Q2); Clinical Psychology (Q3)"
175;16780;International Journal of Rehabilitation Research;journal;03425282;0.24600000000000002;Q2;45;45;143;1050;51;142;0.34;23,33;United States;Lippincott Williams & Wilkins Ltd.;1978-ongoing;"Medicine (miscellaneous) (Q2); Physical Therapy, Sports Therapy and Rehabilitation (Q2); Rehabilitation (Q2)"
176;15373;Journal of Aggression, Maltreatment and Trauma;journal;10926771, 1545083X;0.245;Q2;40;59;56;2140;23;56;0.44;36,27;United States;The Haworth Maltreatment & Trauma Press;1997-1998, 2000-ongoing;"Health Professions (miscellaneous) (Q2); Clinical Psychology (Q3); Psychiatry and Mental Health (Q3)"
177;56502;Journal of Audiological Medicine;journal;09637133;0.245;Q2;9;17;53;490;15;46;0.29;28,82;United Kingdom;Whurr Publishers Ltd.;1992-2002;"Health Professions (miscellaneous) (Q2); Otorhinolaryngology (Q3); Psychology (miscellaneous) (Q3)"
178;23710;Journal of Medical Systems;journal;01485598, 1573689X;0.245;Q4;63;33;124;455;62;121;0.45;13,79;United States;Kluwer Academic/Plenum Publishers;1977-ongoing;"Medicine (miscellaneous) (Q2); Health Informatics (Q3); Information Systems (Q3); Health Information Management (Q4)"
179;14315;Journal of Developmental and Physical Disabilities;journal;1056263X, 15733580;0.244;Q2;38;24;73;827;19;73;0.12;34,46;United States;Kluwer Academic/Plenum Publishers;1991-ongoing;"Physical Therapy, Sports Therapy and Rehabilitation (Q2); Developmental and Educational Psychology (Q4)"
180;16805;Journal of Music Therapy;journal;00222917;0.24100000000000002;Q2;43;17;48;717;27;48;0.39;42,18;United States;American Music Therapy Association;1973-1974, 1977-1987, 1989, 1991-1992, 1996-ongoing;"Music (Q1); Complementary and Manual Therapy (Q2); Medicine (miscellaneous) (Q2)"
181;29285;Journal of Vocational Rehabilitation;journal;10522263;0.24100000000000002;Q3;32;26;172;538;38;145;0.24;20,69;Netherlands;IOS Press;1995-ongoing;"Rehabilitation (Q2); Occupational Therapy (Q3)"
182;15538;Journal of Human Movement Studies;journal;03067297;0.237;Q2;22;42;92;611;19;92;0.22;14,55;United Kingdom;Teviot Scientific Publications Ltd.;1976-1989, 1996-2007;"Physical Therapy, Sports Therapy and Rehabilitation (Q2); Orthopedics and Sports Medicine (Q3); Experimental and Cognitive Psychology (Q4)"
183;13742;International Tinnitus Journal;journal;09465448;0.235;Q3;27;33;60;602;17;56;0.30;18,24;United States;State University of New York, Health Science Center at Brooklyn;1998-ongoing;"Otorhinolaryngology (Q3); Speech and Hearing (Q3); Sensory Systems (Q4)"
184;21100202751;The Neurodiagnostic journal;journal;21646821;0.23399999999999999;Q2;16;23;54;399;7;52;0.14;17,35;United Kingdom;Taylor & Francis;1996-ongoing;"Medical Laboratory Technology (Q2); Neurology (clinical) (Q3)"
185;28615;Biomedical Sciences Instrumentation;journal;00678856;0.23;Q3;30;70;248;617;81;246;0.23;8,81;United States;Instrument Society of America;1963-1964, 1967-1972, 1974-2013;"Biophysics (Q3); Medical Laboratory Technology (Q3)"
186;19867;Isokinetics and Exercise Science;journal;09593020;0.22899999999999998;Q3;24;24;31;704;14;31;0.67;29,33;Netherlands;IOS Press;1995-1998, 2000-ongoing;"Orthopedics and Sports Medicine (Q3); Physical Therapy, Sports Therapy and Rehabilitation (Q3); Sports Science (Q3); Biophysics (Q4)"
187;15900;Journal of Extra-Corporeal Technology;journal;00221058;0.22899999999999998;Q2;28;35;92;563;25;85;0.27;16,09;United States;American Society of Extra-Corporeal Technology;1975-ongoing;"Health Professions (miscellaneous) (Q2); Medicine (miscellaneous) (Q2); Cardiology and Cardiovascular Medicine (Q3)"
188;4700152769;Pharmacopeial Forum;journal;03634655;0.22899999999999998;Q1;16;12;50;175;13;50;0.24;14,58;United States;Pharmacopeia;1996-1998, 2000-2017 (cancelled);"Pharmacy (Q1); Drug Guides (Q2); Pharmacology (Q3)"
189;23483;Knee;journal;09680160;0.22699999999999998;Q3;69;51;132;745;33;131;0.24;14,61;Netherlands;Elsevier BV;1994-ongoing;"Orthopedics and Sports Medicine (Q3); Sports Science (Q3)"
190;19582;Studies in Health Technology and Informatics;book series;09269630;0.22699999999999998;Q4;53;493;1847;5932;538;1799;0.37;12,03;Netherlands;IOS Press;1991, 1993-ongoing;"Biomedical Engineering (Q3); Health Informatics (Q3); Health Information Management (Q4)"
191;17231;Journal of Nuclear Medicine Technology;journal;00914916;0.223;Q3;37;57;140;557;36;124;0.26;9,77;United States;Society of Nuclear Medicine;1976, 1993-ongoing;"Medicine (miscellaneous) (Q2); Radiological and Ultrasound Technology (Q3); Radiology, Nuclear Medicine and Imaging (Q3)"
192;144939;Journal of Intellectual Disabilities;journal;17446295, 17446309;0.22;Q3;42;49;105;2028;41;79;0.45;41,39;United States;SAGE Publications;2005-ongoing;"Health Professions (miscellaneous) (Q3); Psychiatry and Mental Health (Q3)"
193;21100837274;Physical Therapy Reviews;journal;10833196, 1743288X;0.217;Q3;30;30;85;1385;39;65;0.50;46,17;United Kingdom;Taylor and Francis Ltd.;1996, 1998-ongoing;"Rehabilitation (Q2); Orthopedics and Sports Medicine (Q3); Physical Therapy, Sports Therapy and Rehabilitation (Q3)"
194;21100219304;International Journal of Therapy and Rehabilitation;journal;17411645;0.21600000000000003;Q3;21;87;360;1338;62;288;0.26;15,38;United Kingdom;Mark Allen Publishing Ltd.;2011-ongoing;"Rehabilitation (Q2); Physical Therapy, Sports Therapy and Rehabilitation (Q3)"
195;20908;Biotechnic and Histochemistry;journal;10520295;0.212;Q3;38;42;148;890;78;145;0.46;21,19;United Kingdom;Taylor & Francis;1926-ongoing;"Medicine (miscellaneous) (Q2); Medical Laboratory Technology (Q3); Histology (Q4)"
196;18019;NeuroRehabilitation;journal;10538135;0.21;Q3;56;36;138;1478;53;125;0.42;41,06;Netherlands;IOS Press;1995-ongoing;"Rehabilitation (Q2); Neurology (clinical) (Q3); Physical Therapy, Sports Therapy and Rehabilitation (Q3)"
197;17048;Physikalische Medizin Rehabilitationsmedizin Kurortmedizin;journal;09406689;0.209;Q3;15;34;114;819;21;113;0.15;24,09;Germany;Georg Thieme Verlag;1991-ongoing;"Rehabilitation (Q2); Physical Therapy, Sports Therapy and Rehabilitation (Q3); Sports Science (Q4)"
198;5300152517;International Journal on Disability and Human Development;journal;21910367, 21911231;0.207;Q3;22;40;26;1330;14;25;0.56;33,25;Germany;Walter de Gruyter GmbH;2006-ongoing;"Advanced and Specialized Nursing (Q2); Geriatrics and Gerontology (Q3); Psychiatry and Mental Health (Q3); Rehabilitation (Q3); Speech and Hearing (Q3); Sensory Systems (Q4)"
199;12100156754;Sport Management Review;journal;14413523;0.20600000000000002;Q4;45;10;14;481;4;14;0.29;48,10;Netherlands;Elsevier BV;1998-ongoing;"Business and International Management (Q2); Marketing (Q3); Organizational Behavior and Human Resource Management (Q3); Strategy and Management (Q3); Tourism, Leisure and Hospitality Management (Q3); Management Science and Operations Research (Q4); Sports Science (Q4)"
200;16851;Manuelle Medizin;journal;14330466, 00252514;0.205;Q2;15;71;130;980;37;118;0.33;13,80;Germany;Springer Verlag;1973-ongoing;"Complementary and Alternative Medicine (Q2); Complementary and Manual Therapy (Q2); Physical Therapy, Sports Therapy and Rehabilitation (Q3)"
201;16262;Advances in Physiotherapy;journal;16511948, 14038196;0.204;Q3;21;21;11;663;11;11;1.00;31,57;United Kingdom;Taylor & Francis;1999-2012;Physical Therapy, Sports Therapy and Rehabilitation (Q3)
202;5700154403;Australian Journal of Emergency Management;journal;22042288, 13241540;0.203;Q1;22;48;116;670;21;110;0.19;13,96;Australia;Australian Emergency Management Institute;2009-ongoing;"Emergency Medical Services (Q1); Health Professions (miscellaneous) (Q3); Safety Research (Q3)"
203;19816;Biology of Sport;journal;0860021X;0.203;Q3;20;25;96;560;21;96;0.18;22,40;Poland;Instytut Sportu/Institute of Sport;1996-ongoing;"Orthopedics and Sports Medicine (Q3); Physical Therapy, Sports Therapy and Rehabilitation (Q3); Physiology (medical) (Q4); Sports Science (Q4)"
204;92771;European Journal of Sports Traumatology and Related Research;journal;15923894;0.20199999999999999;Q3;8;0;66;0;15;66;0.28;0,00;Italy;Editrice Kurtis srl;1996-2001;"Orthopedics and Sports Medicine (Q3); Physical Therapy, Sports Therapy and Rehabilitation (Q3); Surgery (Q3)"
205;68900;Journal of the American Optometric Association;journal;00030244;0.20199999999999999;Q3;22;6;241;0;82;169;0.49;0,00;United States;American Optometric Association;1949, 1965-1971, 1973-2000;"Medicine (miscellaneous) (Q2); Health Professions (miscellaneous) (Q3)"
206;29442;Quest;journal;15432750, 00336297;0.19899999999999998;Q4;45;30;109;1179;41;109;0.37;39,30;United Kingdom;Taylor & Francis;1963-ongoing;"Education (Q3); Sports Science (Q4)"
207;16788;Journal of Bodywork and Movement Therapies;journal;13608592;0.196;Q3;43;51;117;743;17;56;0.26;14,57;United States;Churchill Livingstone;1996-ongoing;"Complementary and Alternative Medicine (Q2); Complementary and Manual Therapy (Q3); Physical Therapy, Sports Therapy and Rehabilitation (Q3); Rehabilitation (Q3)"
208;17285;MedicaMundi;journal;00257664;0.196;Q4;11;0;36;0;10;33;0.38;0,00;Netherlands;Philips Medical Systems International B.V.;1956-1965, 1973-1976, 1988-1995, 1997-1998, 2003-2011;"Radiology, Nuclear Medicine and Imaging (Q3); Radiological and Ultrasound Technology (Q4)"
209;65917;Clinical Kinesiology;journal;08969620;0.19399999999999998;Q3;12;12;37;355;7;36;0.04;29,58;United States;American Kinesiotherapy Association;1988-ongoing;"Physical Therapy, Sports Therapy and Rehabilitation (Q3); Rehabilitation (Q3)"
210;13383;Health Care Management Science;journal;13869620, 15729389;0.193;Q3;50;30;43;524;20;43;0.47;17,47;Netherlands;Kluwer Academic Publishers;1998-ongoing;"Medicine (miscellaneous) (Q2); Health Professions (miscellaneous) (Q3)"
211;22053;European Journal of Special Needs Education;journal;08856257, 1469591X;0.192;Q3;37;27;66;659;10;64;0.09;24,41;United Kingdom;Routledge;1986-ongoing;"Education (Q3); Health Professions (miscellaneous) (Q3); Developmental and Educational Psychology (Q4)"
212;18886;Sexuality and Disability;journal;15736717, 01461044;0.191;Q3;34;33;71;628;12;60;0.18;19,03;Netherlands;Kluwer Academic Publishers;1978-1987, 1991-ongoing;"Physical Therapy, Sports Therapy and Rehabilitation (Q3); Rehabilitation (Q3)"
213;19447;Journal of the American Pharmacists Association : JAPhA;journal;15443191, 15443450;0.19;Q2;58;141;298;801;165;270;0.66;5,68;United States;Elsevier Inc.;2003-ongoing;"Pharmacology (nursing) (Q2); Pharmacy (Q2); Pharmacology (Q3)"
214;21100332425;Australian Journal of Rehabilitation Counselling;journal;13238922, 18386059;0.188;Q3;10;11;41;252;18;41;0.48;22,91;United Kingdom;Cambridge University Press;1995-ongoing;"Physical Therapy, Sports Therapy and Rehabilitation (Q3); Rehabilitation (Q3)"
215;15506;Journal of Fluency Disorders;journal;0094730X;0.184;Q3;47;20;55;622;15;47;0.26;31,10;Netherlands;Elsevier BV;1974, 1977-ongoing;"LPN and LVN (Q2); Language and Linguistics (Q3); Linguistics and Language (Q3); Speech and Hearing (Q3); Cognitive Neuroscience (Q4); Experimental and Cognitive Psychology (Q4)"
216;14000155897;International Journal of Speech-Language Pathology;journal;17549507, 17549515;0.182;Q4;35;21;25;549;4;18;0.22;26,14;United Kingdom;Informa Healthcare;2009-ongoing, 2017-ongoing;"Research and Theory (Q1); Language and Linguistics (Q3); LPN and LVN (Q3); Otorhinolaryngology (Q3); Speech and Hearing (Q4)"
217;19737;Rehabilitace a Fyzikalni Lekarstvi;journal;18054552, 12112658;0.18100000000000002;Q3;9;33;27;564;5;27;0.19;17,09;Czech Republic;Nakladatelske Stredisko CLSJE Purkyne;1999-ongoing;"Physical Therapy, Sports Therapy and Rehabilitation (Q3); Rehabilitation (Q3)"
218;16915;Physical Medicine and Rehabilitation Clinics of North America;journal;10479651;0.179;Q3;50;60;175;2698;61;163;0.29;44,97;United Kingdom;W. B. Saunders Co., Ltd.;1995-ongoing;"Physical Therapy, Sports Therapy and Rehabilitation (Q3); Rehabilitation (Q3)"
219;20901;Wilderness and Environmental Medicine;journal;10806032, 15451534;0.17800000000000002;Q4;37;64;147;632;26;106;0.23;9,88;United States;Elsevier Ltd;1995-ongoing;"Emergency Medicine (Q2); Public Health, Environmental and Occupational Health (Q3); Sports Science (Q4)"
220;36262;Journal of Case Management;journal;10613706;0.177;Q3;9;0;51;0;22;44;0.29;0,00;Germany;Springer Verlag;1992-1998;"Leadership and Management (Q2); Health Professions (miscellaneous) (Q3); Psychology (miscellaneous) (Q3); Social Sciences (miscellaneous) (Q3)"
221;21993;Assistive Technology;journal;10400435;0.17600000000000002;Q3;38;17;56;533;12;52;0.17;31,35;United Kingdom;Taylor & Francis;1989-ongoing;"Physical Therapy, Sports Therapy and Rehabilitation (Q3); Rehabilitation (Q3)"
222;21300;Health Marketing Quarterly;journal;15450864, 07359683;0.174;Q3;24;21;88;515;12;86;0.13;24,52;United States;Haworth Press Inc.;1983-ongoing;"Health Professions (miscellaneous) (Q3); Marketing (Q3)"
223;28781;Japanese Journal of Physical Fitness and Sports Medicine;journal;0039906X;0.17300000000000001;Q3;9;52;168;1210;19;168;0.14;23,27;Japan;Japanese Society of Physical Fitness and Sports Medicine;1973-1991, 1996-ongoing;"Orthopedics and Sports Medicine (Q3); Physical Therapy, Sports Therapy and Rehabilitation (Q3); Sports Science (Q4)"
224;40126;Journal of Social Distress and the Homeless;journal;10530789;0.171;Q3;18;22;56;691;12;56;0.15;31,41;United Kingdom;Maney Publishing;1992-2002, 2015-ongoing;"Health Professions (miscellaneous) (Q3); Psychology (miscellaneous) (Q3); Social Sciences (miscellaneous) (Q3)"
225;15770;Physical and Occupational Therapy in Pediatrics;journal;01942638, 15413144;0.17;Q3;39;9;64;169;18;61;0.31;18,78;United States;Haworth Press Inc.;1980-ongoing;"Medicine (miscellaneous) (Q2); Occupational Therapy (Q3); Pediatrics, Perinatology and Child Health (Q3); Physical Therapy, Sports Therapy and Rehabilitation (Q3); Rehabilitation (Q3)"
226;5100153505;Occupational Ergonomics;journal;13599364;0.16899999999999998;Q3;15;13;22;310;9;22;0.41;23,85;Netherlands;IOS Press;1998, 2000-2002, 2004-2011, 2013, 2015-2016, 2018-ongoing;"Advanced and Specialized Nursing (Q2); Physical Therapy, Sports Therapy and Rehabilitation (Q3); Public Health, Environmental and Occupational Health (Q3); Rehabilitation (Q3)"
227;14366;Seminars in Hearing;journal;07340451, 10988955;0.16899999999999998;Q4;23;35;97;1020;29;92;0.45;29,14;United States;Thieme Medical Publishers;1986-ongoing;Speech and Hearing (Q4)
228;14367;Seminars in Speech and Language;journal;10989056, 07340478;0.168;Q4;34;27;87;1155;30;87;0.37;42,78;United States;Thieme Medical Publishers;1984-1991, 1995-ongoing;"LPN and LVN (Q3); Speech and Hearing (Q4)"
229;17208;Journal de Radiologie;journal;02210363;0.166;Q4;29;218;536;2422;167;473;0.34;11,11;France;Masson Publishing;1973-2011;"Radiology, Nuclear Medicine and Imaging (Q3); Radiological and Ultrasound Technology (Q4)"
230;18568;Journal of Histotechnology;journal;01478885;0.166;Q3;21;48;142;875;44;123;0.32;18,23;United Kingdom;Maney Publishing;1977-ongoing;"Anatomy (Q3); Medical Laboratory Technology (Q3); Histology (Q4)"
231;27566;ACSM's Health and Fitness Journal;journal;10915397;0.165;Q3;15;16;28;145;5;28;0.18;9,06;United States;Lippincott Williams & Wilkins Ltd.;1998-ongoing;"Physical Therapy, Sports Therapy and Rehabilitation (Q3); Public Health, Environmental and Occupational Health (Q3); Orthopedics and Sports Medicine (Q4); Sports Science (Q4)"
232;19915;Physician and Sportsmedicine;journal;00913847;0.162;Q3;37;213;638;1089;92;546;0.15;5,11;United Kingdom;Taylor & Francis;1978-2005, 2008-ongoing;"Physical Therapy, Sports Therapy and Rehabilitation (Q3); Orthopedics and Sports Medicine (Q4); Sports Science (Q4)"
233;29774;Physical and Occupational Therapy in Geriatrics;journal;02703181, 15413152;0.155;Q4;18;37;36;980;9;35;0.11;26,49;United States;Haworth Press Inc.;1980-ongoing;"Geriatrics and Gerontology (Q3); Gerontology (Q3); Rehabilitation (Q3); Occupational Therapy (Q4)"
234;19700201601;Journal of Laboratory Automation;journal;22110682;0.154;Q3;35;57;39;448;13;39;0.33;7,86;United States;SAGE Publications Inc.;1999-2002, 2004-ongoing;"Medicine (miscellaneous) (Q2); Medical Laboratory Technology (Q3); Computer Science Applications (Q4)"
235;19700186276;The Australasian journal of optometry;journal;0817881X;0.151;Q3;0;0;0;0;0;0;0.00;0,00;Australia;Optometrists Association Australia;1948;"Ophthalmology (Q3); Optometry (Q3)"
236;20127;Canadian Journal of Hospital Pharmacy;journal;00084123;0.15;Q2;15;47;127;516;22;92;0.30;10,98;Canada;Canadian Society of Hospital Pharmacists;1973-ongoing;"Pharmacy (Q2); Pharmacology (medical) (Q3)"
237;29735;Foot;journal;09582592;0.15;Q2;27;56;147;931;14;141;0.03;16,63;United States;Churchill Livingstone;1991-ongoing;"Medicine (miscellaneous) (Q2); Podiatry (Q2); Orthopedics and Sports Medicine (Q4)"
238;13805;Logopedics Phoniatrics Vocology;journal;14015439;0.149;Q4;31;26;77;452;14;76;0.19;17,38;United Kingdom;Taylor & Francis;1991-1996, 1998-ongoing;"Medicine (miscellaneous) (Q2); Arts and Humanities (miscellaneous) (Q3); LPN and LVN (Q4); Speech and Hearing (Q4)"
239;2000147401;Journal of the International Phonetic Association;journal;00251003;0.14800000000000002;Q4;29;8;28;180;4;28;0.00;22,50;United Kingdom;Cambridge University Press;1971-1985, 1987-ongoing;"Anthropology (Q3); Language and Linguistics (Q3); Linguistics and Language (Q3); Speech and Hearing (Q4)"
240;20347;Schweizerische Zeitschrift fr Sportmedizin und Sporttraumatologie;journal;14220644;0.14800000000000002;Q3;12;48;88;580;11;80;0.15;12,08;Switzerland;Paul Haupt AG;1996-ongoing;"Physical Therapy, Sports Therapy and Rehabilitation (Q3); Orthopedics and Sports Medicine (Q4)"
241;19838;Deutsche Zeitschrift fr Sportmedizin;journal;03445925;0.147;Q3;18;73;84;1691;21;84;0.24;23,16;Germany;W W F Verlagsgesellschaft mbH;1996-ongoing;"Physical Therapy, Sports Therapy and Rehabilitation (Q3); Orthopedics and Sports Medicine (Q4); Sports Science (Q4)"
242;4000148601;Journal of visual communication in medicine;journal;17453062, 17453054;0.147;Q3;12;44;132;245;8;113;0.08;5,57;United Kingdom;Taylor & Francis;1978-ongoing;"Visual Arts and Performing Arts (Q1); Health Professions (miscellaneous) (Q3)"
243;12412;Topics in Geriatric Rehabilitation;journal;15502414, 08827524;0.146;Q3;24;39;102;1006;26;90;0.34;25,79;United States;Lippincott Williams & Wilkins Ltd.;1988-ongoing;"Physical Therapy, Sports Therapy and Rehabilitation (Q3); Rehabilitation (Q3); Geriatrics and Gerontology (Q4)"
244;29380;Rehabilitation Nursing;journal;02784807;0.145;Q4;33;14;143;115;29;136;0.20;8,21;United States;Lippincott Williams & Wilkins Ltd.;1981-ongoing;"Medicine (miscellaneous) (Q3); Nursing (miscellaneous) (Q3); Rehabilitation (Q3); Physical Therapy, Sports Therapy and Rehabilitation (Q4)"
245;25545;Diabetes Technology and Therapeutics;journal;15209156;0.14400000000000002;Q3;79;91;65;1878;15;52;0.29;20,64;United States;Mary Ann Liebert Inc.;1999-ongoing;"Medical Laboratory Technology (Q3); Medicine (miscellaneous) (Q3); Endocrinology (Q4); Endocrinology, Diabetes and Metabolism (Q4)"
246;12192;Journal of Back and Musculoskeletal Rehabilitation;journal;10538127;0.14400000000000002;Q4;25;30;133;762;23;119;0.16;25,40;Netherlands;IOS Press;1995-2000, 2002-ongoing;"Orthopedics and Sports Medicine (Q4); Physical Therapy, Sports Therapy and Rehabilitation (Q4); Rehabilitation (Q4)"
247;16981;Rehabilitacia;journal;03750922;0.14400000000000002;Q4;8;30;110;299;9;110;0.11;9,97;Slovakia;Vydavatelsvo Liecreh Guth;1980-1990, 1995-ongoing;"Physical Therapy, Sports Therapy and Rehabilitation (Q4); Rehabilitation (Q4)"
248;15033;Deafness and Education International;journal;14643154;0.141;Q4;20;12;14;327;3;14;0.21;27,25;United Kingdom;Maney Publishing;1999-ongoing;"Education (Q4); Speech and Hearing (Q4)"
249;22338;Hospital Pharmacy;journal;00185787;0.139;Q2;21;173;484;2262;78;396;0.17;13,08;United States;Thomas Land Publishers Inc.;1973-ongoing;"Pharmacy (Q2); Pharmacology (medical) (Q3); Pharmacology (Q4)"
250;21100199851;International Journal of Athletic Therapy and Training;journal;21577285;0.138;Q4;14;96;281;404;17;263;0.08;4,21;United States;Human Kinetics Publishers Inc.;2012-ongoing;"Orthopedics and Sports Medicine (Q4); Physical Therapy, Sports Therapy and Rehabilitation (Q4); Rehabilitation (Q4); Sports Science (Q4)"
251;20349;Science and Sports;journal;07651597;0.138;Q4;20;42;159;865;18;157;0.05;20,60;France;Elsevier Masson;1986-ongoing;"Orthopedics and Sports Medicine (Q4); Sports Science (Q4)"
252;75220;Therapeutic Communities;journal;09641866;0.138;Q4;15;26;73;320;9;63;0.12;12,31;United Kingdom;Emerald Group Publishing Ltd.;1992-ongoing;"Clinical Psychology (Q4); Health Professions (miscellaneous) (Q4); Psychiatric Mental Health (Q4); Psychiatry and Mental Health (Q4)"
253;5800207553;Linguistics in the Netherlands;journal;09297332;0.134;Q4;13;19;52;172;7;52;0.09;9,05;Netherlands;John Benjamins Publishing Company;2014-ongoing;"Language and Linguistics (Q3); Linguistics and Language (Q3); Multidisciplinary (Q3); Social Sciences (miscellaneous) (Q3); Health Professions (miscellaneous) (Q4); Psychology (miscellaneous) (Q4)"
254;27234;Laboratoriums Medizin;journal;14390477, 03423026;0.133;Q4;15;62;289;1407;39;286;0.13;22,69;Germany;Walter de Gruyter GmbH;1985-ongoing;"Biochemistry (medical) (Q4); Clinical Biochemistry (Q4); Medical Laboratory Technology (Q4)"
255;21218;JNMS - Journal of the Neuromusculoskeletal System;journal;10678239;0.131;Q4;8;14;49;383;8;49;0.22;27,36;United States;Data Trace Publishing Co.;1996-2002;"Neurology (clinical) (Q4); Physical Therapy, Sports Therapy and Rehabilitation (Q4)"
256;17211;Journal of Diagnostic Medical Sonography;journal;87564793;0.131;Q4;14;58;189;329;7;165;0.01;5,67;United States;Sage Science Press;1985-ongoing;"Radiological and Ultrasound Technology (Q4); Radiology, Nuclear Medicine and Imaging (Q4)"
257;17133;Pravention und Rehabilitation;journal;0937552X;0.129;Q4;7;21;72;452;15;70;0.23;21,52;Germany;Dustri-Verlag Dr. Karl Feistle;1993-2016 (cancelled);"Physical Therapy, Sports Therapy and Rehabilitation (Q4); Rehabilitation (Q4)"
258;11700154353;European Journal of Physical and Rehabilitation Medicine;journal;19739095, 19739087;0.128;Q4;48;31;82;571;5;78;0.06;18,42;Italy;Edizioni Minerva Medica;2008-ongoing;"Physical Therapy, Sports Therapy and Rehabilitation (Q4); Rehabilitation (Q4)"
259;16952;Physiotherapy Singapore;journal;02191091;0.128;Q4;6;12;21;426;1;14;0.07;35,50;Singapore;Singapore Physiotherapy Association;1999-2008, 2010;Physical Therapy, Sports Therapy and Rehabilitation (Q4)
260;67922;Orthopaedic Physical Therapy Clinics of North America;journal;10591516;0.127;Q4;10;38;90;1649;8;80;0.04;43,39;United Kingdom;W. B. Saunders Co., Ltd.;1995-2002;"Surgery (Q3); Physical Therapy, Sports Therapy and Rehabilitation (Q4)"
261;28054;Australian Journal of Medical Science;journal;10381643;0.126;Q4;5;233;129;361;9;117;0.12;1,55;Australia;Australian Institute of Medical Scientists;1992-2015;"Biochemistry (medical) (Q4); Clinical Biochemistry (Q4); Hematology (Q4); Immunology and Allergy (Q4); Medical Laboratory Technology (Q4); Microbiology (medical) (Q4)"
262;145693;Canadian Pharmacists Journal;journal;17151635;0.126;Q3;18;126;282;446;14;186;0.06;3,54;Canada;Canadian Pharmacists Association;2005-ongoing;"Pharmaceutical Science (Q3); Pharmacy (Q3)"
263;21100327967;Trends in hearing;journal;23312165;0.126;Q4;41;1;36;0;4;29;0.09;0,00;United States;SAGE Publications Inc.;2013-ongoing;"Otorhinolaryngology (Q4); Speech and Hearing (Q4)"
264;78263;Journal of Sports Chiropractic and Rehabilitation;journal;10841288;0.125;Q4;5;30;75;369;7;69;0.06;12,30;United States;Atwood Publishing;1996-2001;"Complementary and Alternative Medicine (Q3); Orthopedics and Sports Medicine (Q4); Physical Therapy, Sports Therapy and Rehabilitation (Q4); Public Health, Environmental and Occupational Health (Q4); Rehabilitation (Q4)"
265;13779;Clinical and Refractive Optometry;journal;17054850;0.124;Q4;3;36;48;314;1;37;0.03;8,72;Canada;Mediaconcept, Inc.;2003-2013, 2015-ongoing;"Ophthalmology (Q4); Optometry (Q4)"
266;4700152294;Activities, Adaptation and Aging;journal;01924788;0.12300000000000001;Q4;20;0;62;0;11;62;0.07;0,00;United States;Haworth Press Inc.;1981-1999, 2001-ongoing;"Geriatrics and Gerontology (Q4); Gerontology (Q4); Health Professions (miscellaneous) (Q4)"
267;17268;Medecine Nucleaire;journal;09281258;0.122;Q4;9;70;164;1446;25;161;0.21;20,66;France;Elsevier Masson;1993-ongoing;"Biophysics (Q4); Radiological and Ultrasound Technology (Q4); Radiology, Nuclear Medicine and Imaging (Q4)"
268;11300153731;Ultrasound;journal;1742271X;0.122;Q4;12;62;163;461;9;146;0.04;7,44;United States;SAGE Publications Inc.;1993-ongoing;"Radiological and Ultrasound Technology (Q4); Radiology, Nuclear Medicine and Imaging (Q4)"
269;5800169164;American Journal of Chinese Studies;journal;07425929;0.121;Q4;0;0;1;0;0;1;0.00;0,00;United States;American Association for Chinese Studies;1999;"Medicine (miscellaneous) (Q3); Health Professions (miscellaneous) (Q4); Social Sciences (miscellaneous) (Q4)"
270;23104;Journal of Pharmacy Practice and Research;journal;1445937X;0.12;Q3;20;43;85;729;10;72;0.15;16,95;United States;Wiley-Blackwell;2002-ongoing;"Pharmacy (Q3); Pharmacology (medical) (Q4)"
271;19892;Medicina dello Sport;journal;00257826;0.11800000000000001;Q4;11;40;119;992;11;115;0.14;24,80;Italy;Edizioni Minerva Medica;1965, 1973-1982, 1996-ongoing;"Orthopedics and Sports Medicine (Q4); Physical Therapy, Sports Therapy and Rehabilitation (Q4); Sports Science (Q4)"
272;19916;Research in Sports Medicine;journal;15438635, 15438627;0.11800000000000001;Q4;29;17;76;282;7;76;0.12;16,59;United Kingdom;Taylor & Francis;2003-ongoing;"Medicine (miscellaneous) (Q3); Orthopedics and Sports Medicine (Q4); Physical Therapy, Sports Therapy and Rehabilitation (Q4); Sports Science (Q4)"
273;144916;Journal of the Japanese Physical Therapy Association;journal;13441272;0.11699999999999999;Q4;7;6;10;98;2;10;0.20;16,33;Japan;Japanese Physical Therapy Association;1998-2015;Physical Therapy, Sports Therapy and Rehabilitation (Q4)
274;23263;Sprache Stimme Gehor;journal;03420477, 14391260;0.11699999999999999;Q4;11;26;108;699;9;103;0.06;26,88;Germany;Georg Thieme Verlag;1980-ongoing;"Applied Psychology (Q4); Psychiatry and Mental Health (Q4); Speech and Hearing (Q4)"
275;12110;Behavioral Healthcare Tomorrow;journal;10638490;0.114;Q4;8;59;218;4;14;215;0.04;0,07;United States;Manisses Communications Group Inc.;1994-2005;"Clinical Psychology (Q4); Health Professions (miscellaneous) (Q4); Health (social science) (Q4); Psychology (miscellaneous) (Q4)"
276;16739;Annals of the ICRP (International Commission on Radiological Protection);journal;01466453;0.113;Q4;39;36;61;248;7;39;0.07;6,89;United States;SAGE Publications;1976-1989, 1991, 1993-2010, 2012-ongoing;"Public Health, Environmental and Occupational Health (Q4); Radiological and Ultrasound Technology (Q4); Radiology, Nuclear Medicine and Imaging (Q4)"
277;4000148206;Journal of Neurologic Physical Therapy;journal;15570584, 15570576;0.113;Q4;44;23;50;631;2;50;0.06;27,43;United States;Lippincott Williams & Wilkins Ltd.;2005-ongoing;"Medicine (miscellaneous) (Q3); Geriatrics and Gerontology (Q4); Neurology (clinical) (Q4); Physical Therapy, Sports Therapy and Rehabilitation (Q4); Rehabilitation (Q4)"
278;19812;Archivos de Medicina del Deporte;journal;02128799;0.11199999999999999;Q4;9;56;182;1244;8;172;0.06;22,21;Spain;Federacion Espanola De Medicina Del Deporte;1997-ongoing;"Orthopedics and Sports Medicine (Q4); Physical Therapy, Sports Therapy and Rehabilitation (Q4); Sports Science (Q4)"
279;29134;Case Manager;journal;15326527, 10619259;0.111;Q4;9;76;82;132;8;82;0.10;1,74;United States;Mosby Inc.;1995, 1999-2006;"Medicine (miscellaneous) (Q3); Health Professions (miscellaneous) (Q4)"
280;21823;Farmatsija;journal;04280296;0.111;Q3;5;11;54;397;2;54;0.00;36,09;Bulgaria;Meditsinski Universitet - Sofia;1945, 1954-1955, 1987-1991, 1997-ongoing;"Pharmacy (Q3); Pharmaceutical Science (Q4); Pharmacology (medical) (Q4)"
281;13829;Japan Journal of Logopedics and Phoniatrics;journal;00302813;0.111;Q4;5;38;109;656;2;109;0.00;17,26;Japan;Japan Society of Logopedics and Phoniatrics;2000-2001, 2003-ongoing;"LPN and LVN (Q4); Speech and Hearing (Q4)"
282;17700156741;International Journal of Play Therapy;journal;15556824;0.11;Q3;25;8;29;0;2;28;0.06;0,00;United States;American Psychological Association;1992-ongoing;"Complementary and Manual Therapy (Q3); Clinical Psychology (Q4)"
283;8300153134;Laboratory Techniques in Biochemistry and Molecular Biology;book series;00757535;0.10800000000000001;Q4;7;9;30;0;3;22;0.14;0,00;Netherlands;North-Holland Publ Co;1969-1970, 1972, 1976, 1978-1979, 1981, 1983-1985, 1988, 1990-1991, 1993, 1998-2000, 2003, 2007, 2009;"Biochemistry (Q4); Medical Laboratory Technology (Q4); Molecular Biology (Q4)"
284;21227;Pharmacy in Practice;journal;13581538;0.10800000000000001;Q4;5;21;86;70;5;49;0.00;3,33;United Kingdom;Medicom Publishing;1995-2009;"Health Policy (Q4); Pharmacology (Q4); Pharmacology (medical) (Q4); Pharmacy (Q4)"
285;16407;Occupational Therapy in Health Care;journal;07380577, 15413098;0.107;Q4;20;22;34;555;2;34;0.07;25,23;United States;Haworth Press Inc.;1984-1993, 1995-ongoing;"Medicine (miscellaneous) (Q3); Occupational Therapy (Q4)"
286;17860;Radiologic Technology;journal;00338397;0.107;Q4;17;60;194;643;14;176;0.10;10,72;United States;American Society of Radiologic Technologists;1963-ongoing;"Radiological and Ultrasound Technology (Q4); Radiology, Nuclear Medicine and Imaging (Q4)"
287;26096;Australian Journal of Clinical and Experimental Hypnosis;journal;01560417;0.105;Q4;10;15;53;265;5;52;0.09;17,67;Australia;Australian Society of Hypnosis;1978-1985, 1987-2013, 2016-ongoing;"Clinical Psychology (Q4); Complementary and Manual Therapy (Q4)"
288;21075;Journal of sport history;journal;00941700;0.105;Q4;9;2;4;0;0;4;0.00;0,00;United States;North American Society for Sport History;1977-1979, 1981-1984, 1987, 1989, 2000-2002, 2010-ongoing;"Cultural Studies (Q3); History (Q3); Sports Science (Q4)"
289;19900192008;Sport History Review;journal;10871659, 15432947;0.10300000000000001;Q4;6;0;6;0;0;6;0.00;0,00;United States;Human Kinetics Publishers Inc.;2002, 2009-ongoing;"History (Q3); Physical Therapy, Sports Therapy and Rehabilitation (Q4); Sports Science (Q4)"
290;4900152807;British Journal of Chiropractic (United Kingdom);journal;14662108;0.102;Q2;3;7;13;167;0;13;0.00;23,86;United Kingdom;College of Chiropractors;1997-2002;Chiropractics (Q2)
291;19700201335;Scandinavian Journal of Disability Research;journal;17453011, 15017419;0.102;Q4;18;11;10;378;0;10;0.00;34,36;Sweden;Taylor and Francis AS;1999-ongoing;"Physical Therapy, Sports Therapy and Rehabilitation (Q4); Rehabilitation (Q4)"
292;12100155715;Assessment for Effective Intervention;journal;15345084;0.10099999999999999;Q4;22;24;15;679;0;15;0.00;28,29;United States;SAGE Publications Inc.;1988-1993, 1995, 1997, 1999-ongoing;"Developmental and Educational Psychology (Q4); Education (Q4); Health Professions (miscellaneous) (Q4)"
293;26097;Australian Journal of Clinical Hypnotherapy and Hypnosis;journal;08100713;0.10099999999999999;Q4;5;11;28;146;2;26;0.13;13,27;Australia;Australian Academic Press Pty Ltd.;1982-2015;"Clinical Psychology (Q4); Complementary and Manual Therapy (Q4)"
294;20005;Australian Journal of Pharmacy;journal;03118002;0.10099999999999999;Q4;5;8;123;40;1;123;0.01;5,00;Australia;Australian Pharmaceutical Publishing Co., Ltd.;1974-1976, 1978-1985, 1996-ongoing;"Pharmacology (medical) (Q4); Pharmacy (Q4)"
295;18029;Canadian Journal of Respiratory Therapy;journal;12059838;0.10099999999999999;Q4;5;12;19;48;0;19;0.00;4,00;Canada;Canadian Society of Respiratory Therapists;1996-ongoing;"Health Professions (miscellaneous) (Q4); Pulmonary and Respiratory Medicine (Q4)"
296;19700175258;Journal of Chiropractic Humanities;journal;15563499;0.10099999999999999;Q3;7;0;45;0;1;30;0.05;0,00;Netherlands;Elsevier BV;2010-ongoing;"Chiropractics (Q3); Complementary and Alternative Medicine (Q4)"
297;15901;Journal of Japanese Association of Physical Medicine Balneology and Climatology;journal;00290343;0.10099999999999999;Q4;3;0;85;0;4;85;0.04;0,00;Japan;Nihon Onsen Kiko Butsuri Igakkai;1976-1999;Physical Therapy, Sports Therapy and Rehabilitation (Q4)
298;4700151608;Journal of the Philosophy of Sport;journal;00948705;0.10099999999999999;Q4;24;11;32;158;14;14;1.00;14,36;United Kingdom;Taylor & Francis;1974-1993, 1995-ongoing;"Health (social science) (Q4); Social Sciences (miscellaneous) (Q4); Sports Science (Q4)"
299;27231;Klinichescheskaya Laboratornaya Diagnostika;journal;08692084;0.10099999999999999;Q4;9;126;391;513;10;391;0.03;4,07;Russian Federation;Izdatel'stvo Meditsina Publishers;1993-ongoing;"Biochemistry (medical) (Q4); Medical Laboratory Technology (Q4); Medicine (miscellaneous) (Q4)"
300;29204;Measurement in Physical Education and Exercise Science;journal;15327841, 1091367X;0.10099999999999999;Q4;35;20;16;179;1;16;0.06;8,95;United States;Lawrence Erlbaum Associates Inc.;1999-ongoing;"Orthopedics and Sports Medicine (Q4); Physical Therapy, Sports Therapy and Rehabilitation (Q4); Sports Science (Q4)"
301;5000158801;Physiotherapy in Sport;journal;09540741;0.10099999999999999;Q4;2;0;27;0;1;27;0.05;0,00;United Kingdom;Physiotherapy in Sport;1996-1999;Physical Therapy, Sports Therapy and Rehabilitation (Q4)
302;17460;South African Journal of Physiotherapy;journal;24108219, 03796175;0.10099999999999999;Q4;3;0;21;0;0;17;0.00;0,00;South Africa;OpenJournals Publishing AOSIS (Pty) Ltd;1987-1989, 1991-1998;Physical Therapy, Sports Therapy and Rehabilitation (Q4)
303;15341;The International journal of the history of sport;journal;09523367;0.10099999999999999;Q4;17;1;26;0;2;26;0.08;0,00;United Kingdom;Frank Cass Publishers;1984-1995, 1998-2002, 2010-ongoing;"History (Q4); Social Sciences (miscellaneous) (Q4); Sports Science (Q4)"
304;28203;Bio-Medical Engineering;journal;00063398, 15738256;0.1;Q4;11;77;256;745;0;256;0.00;9,68;Netherlands;Kluwer Academic Publishers;1967-ongoing;"Biomedical Engineering (Q4); Medical Laboratory Technology (Q4); Medicine (miscellaneous) (Q4)"
305;21100823451;German Journal of Exercise and Sport Research;journal;25093150, 25093142;0.1;Q4;8;26;86;109;0;86;0.00;4,19;Germany;Springer Berlin;2017-ongoing;"Orthopedics and Sports Medicine (Q4); Physical Therapy, Sports Therapy and Rehabilitation (Q4)"
306;144942;Journal of Physical Therapy Science;journal;21875626, 09155287;0.1;Q4;23;11;51;158;2;51;0.03;14,36;Japan;Society Of Physical Therapy Science;1996-2002, 2004-2017 (cancelled);Physical Therapy, Sports Therapy and Rehabilitation (Q4)
307;4700152778;Journal of the American Association for Medical Transcription;journal;07452624;0.1;Q1;2;0;102;0;0;101;0.00;0,00;United States;Lippincott Williams & Wilkins Ltd.;2006-2007;"Medical Assisting and Transcription (Q1); Medical Terminology (Q1)"
308;21828;Revista Cubana de Farmacia;journal;00347515, 15612988;0.1;Q4;8;9;54;166;0;54;0.00;18,44;Cuba;Editorial Ciencias Medicas;1980-1991, 1996-2000, 2002, 2004-ongoing;"Pharmaceutical Science (Q4); Pharmacology (Q4); Pharmacy (Q4)"
309;21100312401;Revista Cubana de Informacion en Ciencias de la Salud;journal;23072113;0.1;Q4;8;16;82;151;2;82;0.04;9,44;Cuba;Centro Nacional De Informacion De Ciencias Medicas;2013-ongoing;"Health Information Management (Q4); Health Policy (Q4); Library and Information Sciences (Q4)"
310;145431;Rigakuryoho Kagaku;journal;13411667;0.1;Q4;6;28;93;147;0;93;0.00;5,25;Japan;Undo Seiri Kenkyukai;2001-2002, 2004-ongoing;Physical Therapy, Sports Therapy and Rehabilitation (Q4)
311;26767;Altex;journal;1868596X, 18688551;;-;45;29;0;233;0;0;0.00;8,03;Germany;Spektrum Akademischer Verlag GmbH;2000-ongoing;"Medical Laboratory Technology; Medicine (miscellaneous); Pharmacology"
312;40596;Australian and New Zealand Journal of Audiology;journal;14434873;;-;12;5;0;141;0;0;0.00;28,20;Australia;Australian Academic Press Pty Ltd.;2000-2010;Speech and Hearing
313;4000149001;Cancer Imaging;journal;17405025, 14707330;;-;40;13;0;337;0;0;0.00;25,92;United Kingdom;BioMed Central;2000-ongoing;"Medicine (miscellaneous); Oncology; Radiological and Ultrasound Technology; Radiology, Nuclear Medicine and Imaging"
314;13777;Clinical and Experimental Optometry;journal;08164622;;-;48;48;123;1133;22;101;0.13;23,60;United States;Wiley-Blackwell;1986-1995, 2002-ongoing;"Ophthalmology; Optometry"
315;20500195133;Clinical Pharmacist;journal;17589061;;-;12;39;0;510;0;0;0.00;13,08;United Kingdom;Pharmaceutical Press;2009-2012, 2014-ongoing;"Pharmacology (medical); Pharmacy"
316;19700180734;Elsevier Ergonomics Book Series;book series;1572347X;;-;7;38;0;1717;0;0;0.00;45,18;Netherlands;Elsevier BV;2000, 2002, 2005;"Orthopedics and Sports Medicine; Physical Therapy, Sports Therapy and Rehabilitation"
317;13921;High Altitude Medicine and Biology;journal;15270297;;-;46;28;0;686;0;0;0.00;24,50;United States;Mary Ann Liebert Inc.;2000-ongoing;"Medicine (miscellaneous); Physiology; Public Health, Environmental and Occupational Health; Sports Science"
318;16373;Hong Kong Physiotherapy Journal;journal;10137025, 1876441X;;-;11;11;0;87;0;0;0.00;7,91;Hong Kong;Hong Kong Physiotherapy Association;2000-ongoing;Physical Therapy, Sports Therapy and Rehabilitation
319;88845;Journal of Psychotherapy in Independent Practice;journal;15229580;;-;8;30;0;634;0;0;0.00;21,13;United States;Haworth Press Inc.;2000-2001;"Health Professions (miscellaneous); Psychiatry and Mental Health; Psychology (miscellaneous); Social Sciences (miscellaneous)"
320;11800154592;Journal of Sports Economics;journal;15270025;;-;42;26;0;445;0;0;0.00;17,12;United States;SAGE Publications;2000-ongoing;"Economics, Econometrics and Finance (miscellaneous); Sports Science"
321;19912;Physical Therapy in Sport;journal;15329321, 1466853X;;-;39;15;0;423;0;0;0.00;28,20;United States;Churchill Livingstone;2000-ongoing;"Medicine (miscellaneous); Orthopedics and Sports Medicine; Physical Therapy, Sports Therapy and Rehabilitation; Sports Science"
322;14033;Psychology of Sport and Exercise;journal;14690292;;-;74;8;0;353;0;0;0.00;44,13;Netherlands;Elsevier BV;2000-ongoing;"Applied Psychology; Sports Science"
323;4700153007;Rivista Italiana della Medicina di Laboratorio;journal;1825859X;;-;9;85;0;796;0;0;0.00;9,36;Italy;Springer-Verlag Italia;2005-ongoing;"Biochemistry (medical); Medical Laboratory Technology"
324;17483;Zeitschrift fr Medizinische Physik;journal;09393889;;-;27;34;0;445;0;0;0.00;13,09;Germany;Urban & Fischer Verlag;2000-ongoing;"Biophysics; Radiological and Ultrasound Technology; Radiology, Nuclear Medicine and Imaging"
325;21416;Zentralsterilisation - Central Service;journal;09426086;;-;8;53;0;91;0;0;0.00;1,72;Germany;MHP verlag GmbH;2000-2016 (cancelled);"Medical Laboratory Technology; Microbiology (medical)"
