Rank;Sourceid;Title;Type;Issn;SJR;SJR Best Quartile;H index;Total Docs. (2001);Total Docs. (3years);Total Refs.;Total Cites (3years);Citable Docs. (3years);Cites / Doc. (2years);Ref. / Doc.;Country;Region;Publisher;Coverage;Categories
1;14181;Annual Review of Neuroscience;journal;0147006X, 15454126;20.785;Q1;248;41;62;6572;1765;62;27.61;160.29;United States;Northern America;Annual Reviews Inc.;1978-2021;Neuroscience (miscellaneous) (Q1)
2;17435;EMBO Journal;journal;02614189, 14602075;11.787;Q1;405;702;2048;34303;27040;2048;12.35;48.86;Germany;Western Europe;Wiley-Blackwell;1982-2021;"Biochemistry, Genetics and Molecular Biology (miscellaneous) (Q1); Immunology and Microbiology (miscellaneous)  (Q1); Medicine (miscellaneous) (Q1); Molecular Biology (Q1); Neuroscience (miscellaneous) (Q1)"
3;17978;Neuron;journal;10974199, 08966273;11.383;Q1;493;379;895;17223;12199;812;12.31;45.44;United States;Northern America;Cell Press;1988-2021;Neuroscience (miscellaneous) (Q1)
4;19939;Trends in Neurosciences;journal;03785912, 01662236, 1878108X;7.82;Q1;301;223;370;6532;4046;284;10.3;29.29;United Kingdom;Western Europe;Elsevier Ltd.;1978-2021;Neuroscience (miscellaneous) (Q1)
5;17436;Nature Neuroscience;journal;10976256, 15461726;7.803;Q1;437;275;659;8111;6753;587;10.25;29.49;United Kingdom;Western Europe;Nature Publishing Group;1998-2021;Neuroscience (miscellaneous) (Q1)
6;14992;Current Opinion in Neurobiology;journal;09594388, 18736882;6.81;Q1;235;105;326;5794;2868;293;8.97;55.18;United Kingdom;Western Europe;Elsevier Ltd.;1991-2022;Neuroscience (miscellaneous) (Q1)
7;17437;Nature Reviews Neuroscience;journal;14710048, 1471003X;6.57;Q1;434;247;31;8926;253;31;8.16;36.14;United Kingdom;Western Europe;Nature Publishing Group;2000-2021;Neuroscience (miscellaneous) (Q1)
8;15537;Current Biology;journal;18790445, 09609822;6.524;-;331;624;1693;13902;11309;1487;6.26;22.28;United States;Northern America;Cell Press;1991-2021;"Agricultural and Biological Sciences (miscellaneous) (Q1); Biochemistry, Genetics and Molecular Biology (miscellaneous) (Q1)"
9;16764;Journal of Neuroscience;journal;02706474, 15292401;5.802;Q1;471;1087;3142;52188;27294;3136;8.12;48.01;United States;Northern America;Society for Neuroscience;1981-2021;Neuroscience (miscellaneous) (Q1)
10;24025;Progress in Neurobiology;journal;18735118, 03010082;4.966;Q1;239;63;208;15709;2227;206;9.88;249.35;United Kingdom;Western Europe;Elsevier Ltd.;1959, 1962, 1973-2021;Neuroscience (miscellaneous) (Q1)
11;26111;Frontiers in Neuroendocrinology;journal;00913022, 10956808;4.764;Q1;138;14;38;1818;514;35;14.23;129.86;United States;Northern America;Academic Press Inc.;1973, 1990-2021;Endocrine and Autonomic Systems (Q1)
12;14351;Brain Research Reviews;journal;01650173, 18726321;4.431;Q1;202;85;209;10539;1886;207;8.71;123.99;Netherlands;Western Europe;Elsevier;1979-2011;"Neurology (clinical) (Q1); Neuroscience (miscellaneous) (Q1)"
13;14179;Annals of Neurology;journal;15318249, 03645134;4.04;Q1;308;294;927;7605;6730;745;7.01;25.87;United States;Northern America;"John Wiley &amp; Sons Inc.";1977-2021;"Neurology (Q1); Neurology (clinical) (Q1)"
14;14855;Cerebral Cortex;journal;10473211, 14602199;3.968;Q1;262;111;271;6873;1739;269;6.38;61.92;United Kingdom;Western Europe;Oxford University Press;1991-2021;"Cellular and Molecular Neuroscience (Q1); Cognitive Neuroscience (Q1)"
15;16688;Journal of Cognitive Neuroscience;journal;0898929X, 15308898;3.613;Q1;221;88;217;4547;1397;208;5.93;51.67;United States;Northern America;MIT Press Journals;1989-2021;Cognitive Neuroscience (Q1)
16;29443;Advances in the Study of Behavior;book series;00653454;3.612;Q1;71;7;26;1079;110;6;3.07;154.14;United States;Northern America;Academic Press Inc.;1965, 1969, 1971-1972, 1974, 1976, 1978-1980, 1982-1988, 1990-2021;"Animal Science and Zoology (Q1); Behavioral Neuroscience (Q1); Neuropsychology and Physiological Psychology (Q1)"
17;17379;Molecular and Cellular Neurosciences;journal;10959327, 10447431;3.597;Q1;140;138;240;6517;1384;240;5.65;47.22;United States;Northern America;Academic Press Inc.;1990-2021;"Cell Biology (Q1); Cellular and Molecular Neuroscience (Q1); Molecular Biology (Q1)"
18;14959;Critical Reviews in Neurobiology;journal;08920915;3.475;Q1;61;2;37;379;285;37;5.3;189.5;United States;Northern America;Begell House Inc.;1987-2001, 2003-2008;"Neurology (clinical) (Q1); Neuroscience (miscellaneous) (Q1); Physiology (Q1); Physiology (medical) (Q1)"
19;15359;Trends in Cognitive Sciences;journal;1879307X, 13646613;3.359;Q1;326;160;255;3130;1308;219;4.78;19.56;United Kingdom;Western Europe;Elsevier Ltd.;1997-2021;"Cognitive Neuroscience (Q1); Experimental and Cognitive Psychology (Q1); Neuropsychology and Physiological Psychology (Q1)"
20;17282;Learning and Memory;journal;10720502, 15495485;3.083;Q1;142;39;150;1908;620;143;3.14;48.92;United States;Northern America;Cold Spring Harbor Laboratory Press;1994-2021;"Cellular and Molecular Neuroscience (Q1); Cognitive Neuroscience (Q1); Neuropsychology and Physiological Psychology (Q1)"
21;20618;Stroke;journal;15244628, 00392499;3.022;Q1;330;574;1415;15106;7471;1191;4.77;26.32;United States;Northern America;Lippincott Williams and Wilkins Ltd.;1970-2021;"Advanced and Specialized Nursing (Q1); Cardiology and Cardiovascular Medicine (Q1); Medicine (miscellaneous) (Q1); Neurology (clinical) (Q1); Neuroscience (miscellaneous) (Q1)"
22;14308;Biological Psychiatry;journal;00063223, 18732402;2.896;Q1;333;259;1045;12752;5737;947;5.52;49.24;United States;Northern America;Elsevier USA;1969-2021;Biological Psychiatry (Q1)
23;16101;Human Brain Mapping;journal;10659471, 10970193;2.85;Q1;199;53;153;2627;928;152;5.34;49.57;United States;Northern America;Wiley-Liss Inc.;1993-2021;"Anatomy (Q1); Neurology (Q1); Neurology (clinical) (Q1); Radiological and Ultrasound Technology (Q1); Radiology, Nuclear Medicine and Imaging (Q1)"
24;15478;Journal of Experimental Psychology: General;journal;00963445, 19392222;2.805;Q1;168;43;81;2891;332;78;3.79;67.23;United States;Northern America;American Psychological Association;1975-2021;"Developmental Neuroscience (Q1); Experimental and Cognitive Psychology (Q1); Medicine (miscellaneous) (Q1); Psychology (miscellaneous) (Q1)"
25;15370;Journal of Abnormal Psychology;journal;1939843X, 0021843X;2.789;Q1;204;67;236;3420;858;236;2.88;51.04;United States;Northern America;American Psychological Association;1946-1959, 1963-2021;"Biological Psychiatry (Q1); Clinical Psychology (Q1); Developmental and Educational Psychology (Q1); Psychiatry and Mental Health (Q1)"
26;15481;Journal of Experimental Psychology: Human Perception and Performance;journal;00961523, 19391277;2.677;Q1;152;99;336;4790;1083;336;2.77;48.38;United States;Northern America;American Psychological Association;1975-2021;"Arts and Humanities (miscellaneous) (Q1); Behavioral Neuroscience (Q1); Experimental and Cognitive Psychology (Q1); Medicine (miscellaneous) (Q1)"
27;23475;Journal of Neurophysiology;journal;15221598, 00223077;2.645;Q1;252;532;1837;26262;7302;1836;3.55;49.36;United States;Northern America;American Physiological Society;1945-2021;"Neuroscience (miscellaneous) (Q1); Physiology (Q1)"
28;13923;Hippocampus;journal;10981063, 10509631;2.643;Q1;160;82;203;4360;887;189;3.96;53.17;United States;Northern America;Wiley-Liss Inc.;1991-2021;Cognitive Neuroscience (Q1)
29;14344;Brain Pathology;journal;10156305, 17503639;2.642;Q1;139;53;223;2676;1354;218;7.29;50.49;United States;Northern America;Wiley-Blackwell;1990-2021;"Neurology (clinical) (Q1); Neuroscience (miscellaneous) (Q1); Pathology and Forensic Medicine (Q1)"
30;17466;Neurobiology of Disease;journal;1095953X, 09699961;2.582;Q1;175;96;166;4793;837;162;4.5;49.93;United States;Northern America;Academic Press Inc.;1994-2021;Neurology (Q1)
31;16761;Journal of Neuropathology and Experimental Neurology;journal;15546578, 00223069;2.578;Q1;169;117;356;5638;1983;349;5.45;48.19;United Kingdom;Western Europe;Oxford University Press;1942-2021;"Cellular and Molecular Neuroscience (Q1); Medicine (miscellaneous) (Q1); Neurology (Q1); Neurology (clinical) (Q1); Pathology and Forensic Medicine (Q1)"
32;13903;Cellular and Molecular Life Sciences;journal;1420682X, 14209071;2.575;Q1;233;183;547;16769;2341;533;4.39;91.63;Switzerland;Western Europe;Birkhauser Verlag Basel;1952, 1997-2021;"Cell Biology (Q1); Cellular and Molecular Neuroscience (Q1); Molecular Biology (Q1); Molecular Medicine (Q1); Pharmacology (Q1)"
33;16667;Journal of Cerebral Blood Flow and Metabolism;journal;0271678X, 15597016;2.537;Q1;200;152;467;7071;2720;461;5.52;46.52;United States;Northern America;SAGE Publications Inc.;1981-2021;"Cardiology and Cardiovascular Medicine (Q1); Neurology (Q1); Neurology (clinical) (Q1)"
34;14160;Molecular Neurobiology;journal;08937648, 15591182;2.396;Q1;121;24;74;2933;319;74;2.57;122.21;United States;Northern America;Humana Press;1987-2021;"Cellular and Molecular Neuroscience (Q1); Neurology (Q1); Neuroscience (miscellaneous) (Q1)"
35;17620;Journal of Neurochemistry;journal;14714159, 00223042;2.366;Q1;240;650;1798;31309;8773;1791;4.91;48.17;United Kingdom;Western Europe;Wiley-Blackwell Publishing Ltd;1956-2021;"Biochemistry (Q1); Cellular and Molecular Neuroscience (Q1)"
36;15090;Progress in Retinal and Eye Research;journal;13509462, 18731635;2.348;Q1;164;27;79;5848;469;76;6.28;216.59;United Kingdom;Western Europe;Elsevier Ltd.;1990-1991, 1993-2021;"Ophthalmology (Q1); Sensory Systems (Q1)"
37;6000195389;Developmental Neurobiology;journal;1932846X, 19328451;2.243;Q1;135;96;479;5230;1750;477;3.38;54.48;United States;Northern America;"John Wiley &amp; Sons Inc.";2007-2021;"Cellular and Molecular Neuroscience (Q1); Developmental Neuroscience (Q1)"
38;16689;Journal of Comparative Neurology;journal;10969861, 00219967;2.183;Q1;216;447;1515;27368;5669;1504;3.54;61.23;United States;Northern America;Wiley-Liss Inc.;1911-2021;Neuroscience (miscellaneous) (Q1)
39;15550;European Journal of Neuroscience;journal;14609568, 0953816X;2.174;Q1;213;473;1338;21933;5370;1338;3.88;46.37;United Kingdom;Western Europe;Wiley-Blackwell Publishing Ltd;1989-2021;Neuroscience (miscellaneous) (Q1)
40;17382;Molecular Psychiatry;journal;14765578, 13594184;2.166;Q1;225;123;352;4417;1671;298;4.4;35.91;United Kingdom;Western Europe;Nature Publishing Group;1996-2021;"Cellular and Molecular Neuroscience (Q1); Molecular Biology (Q1); Psychiatry and Mental Health (Q1)"
41;15686;GLIA;journal;08941491, 10981136;2.107;Q1;172;126;384;6810;1733;383;4.56;54.05;United States;Northern America;"John Wiley &amp; Sons Inc.";1988-2021;"Cellular and Molecular Neuroscience (Q1); Neurology (Q1)"
42;18148;Pain;journal;18726623, 03043959;2.08;Q1;269;223;748;9056;3737;683;4.88;40.61;United States;Northern America;Lippincott Williams and Wilkins Ltd.;1975-2021;"Anesthesiology and Pain Medicine (Q1); Neurology (Q1); Neurology (clinical) (Q1); Pharmacology (Q1)"
43;18009;Neuropsychologia;journal;18733514, 00283932;2.033;Q1;214;142;427;6424;1552;425;3.3;45.24;United Kingdom;Western Europe;Elsevier Ltd.;1963-2021;"Behavioral Neuroscience (Q1); Cognitive Neuroscience (Q1); Experimental and Cognitive Psychology (Q1)"
44;18045;Neuroscience and Biobehavioral Reviews;journal;18737528, 01497634;1.935;Q1;255;60;218;5517;1072;212;5.47;91.95;United Kingdom;Western Europe;Elsevier Ltd.;1978-2021;"Behavioral Neuroscience (Q1); Cognitive Neuroscience (Q1); Neuropsychology and Physiological Psychology (Q1)"
45;12857;Cognition;journal;18737838, 00100277;1.924;Q1;200;76;188;3564;564;174;2.44;46.89;Netherlands;Western Europe;Elsevier;1972-1974, 1976-2022;"Cognitive Neuroscience (Q1); Developmental and Educational Psychology (Q1); Experimental and Cognitive Psychology (Q1); Linguistics and Language (Q1)"
46;20435;Neuropharmacology;journal;00283908, 18737064;1.9;Q1;176;229;631;9109;2510;629;3.97;39.78;United Kingdom;Western Europe;Elsevier Ltd.;1962-2021;"Cellular and Molecular Neuroscience (Q1); Pharmacology (Q1)"
47;14916;Cognitive Neuropsychology;journal;14640627, 02643294;1.898;Q1;91;32;96;1721;313;94;3.24;53.78;United Kingdom;Western Europe;Taylor and Francis Ltd.;1984-2021;"Arts and Humanities (miscellaneous) (Q1); Cognitive Neuroscience (Q1); Developmental and Educational Psychology (Q1); Experimental and Cognitive Psychology (Q1); Neuropsychology and Physiological Psychology (Q1)"
48;24782;Neural Computation;journal;08997667, 1530888X;1.842;Q1;167;114;326;4002;1186;326;3.33;35.11;United States;Northern America;MIT Press Journals;1995-2021;"Arts and Humanities (miscellaneous) (Q1); Cognitive Neuroscience (Q1)"
49;19239;Reviews in the Neurosciences;journal;21910200, 03341763;1.824;Q1;78;20;52;3253;208;52;3.97;162.65;Germany;Western Europe;Walter de Gruyter GmbH;1986-1990, 1992-2021;Neuroscience (miscellaneous) (Q1)
50;18042;Neuroscience;journal;03064522, 18737544;1.816;Q1;229;574;2082;31095;7333;2062;3.27;54.17;United Kingdom;Western Europe;Elsevier Ltd.;1976-2021;Neuroscience (miscellaneous) (Q1)
51;16690;Journal of Computational Neuroscience;journal;09295313, 15736873;1.798;Q1;77;34;81;1577;237;81;2.74;46.38;Netherlands;Western Europe;Springer Netherlands;1994-2021;"Cellular and Molecular Neuroscience (Q1); Sensory Systems (Q1); Cognitive Neuroscience (Q2)"
52;15407;Visual Cognition;journal;13506285, 14640716;1.785;Q2;85;40;81;1666;227;81;2.73;41.65;United Kingdom;Western Europe;Taylor and Francis Ltd.;1994-2021;"Arts and Humanities (miscellaneous) (Q1); Experimental and Cognitive Psychology (Q1); Cognitive Neuroscience (Q2)"
53;16766;Journal of Neuroscience Research;journal;10974547, 03604012;1.745;Q2;166;344;993;15466;3633;987;3.54;44.96;United States;Northern America;Wiley-Liss Inc.;1975-2021;Cellular and Molecular Neuroscience (Q2)
54;18747;Psychophysiology;journal;15405958, 00485772, 14698986;1.737;-;165;106;254;5077;861;253;2.76;47.9;United Kingdom;Western Europe;Wiley-Blackwell Publishing Ltd;1964-2021;"Developmental and Educational Psychology (Q1); Experimental and Cognitive Psychology (Q1); Neuropsychology and Physiological Psychology (Q1); Physiology (Q1); Physiology (medical) (Q1)"
55;15598;Experimental Neurology;journal;00144886, 10902430;1.724;Q1;195;265;798;13055;3087;794;3.83;49.26;United States;Northern America;Academic Press Inc.;1959-2022;"Developmental Neuroscience (Q1); Neurology (Q1)"
56;13945;Investigative Ophthalmology and Visual Science;journal;01460404, 15525783;1.719;Q1;229;474;1399;18279;5024;1383;3.49;38.56;United States;Northern America;Association for Research in Vision and Ophthalmology Inc.;1976-2021;"Ophthalmology (Q1); Sensory Systems (Q1); Cellular and Molecular Neuroscience (Q2)"
57;18992;Neurogenetics;journal;13646753, 13646745;1.708;Q2;63;25;70;878;204;59;2.61;35.12;Germany;Western Europe;Springer Verlag;1997-2021;"Genetics (clinical) (Q1); Cellular and Molecular Neuroscience (Q2); Genetics (Q2)"
58;19355;Schizophrenia Research;journal;09209964, 15732509;1.689;Q1;185;180;441;7217;1253;413;2.71;40.09;Netherlands;Western Europe;Elsevier BV;1988-2021;"Biological Psychiatry (Q1); Psychiatry and Mental Health (Q1)"
59;18730;Psychiatry Research - Neuroimaging;journal;18727506, 09254927;1.628;Q1;112;48;127;2160;397;127;2.94;45;Ireland;Western Europe;Elsevier Ireland Ltd;1990-2021;"Neuroscience (miscellaneous) (Q1); Psychiatry and Mental Health (Q1); Radiology, Nuclear Medicine and Imaging (Q1)"
60;16202;International Review of Neurobiology;journal;00747742;1.62;Q2;83;50;31;4962;97;31;2.29;99.24;United States;Northern America;Academic Press Inc.;1959-1972, 1974-1977, 1979, 1981-1986, 1988-1990, 1992-2021;"Neurology (clinical) (Q1); Cellular and Molecular Neuroscience (Q2)"
61;19959;Visual Neuroscience;journal;14698714, 09525238;1.555;Q1;83;94;295;4446;789;295;2.79;47.3;United Kingdom;Western Europe;Cambridge University Press;1988-2021;"Physiology (Q1); Sensory Systems (Q1)"
62;14478;Journal of Cataract and Refractive Surgery;journal;18734502, 08863350;1.55;Q1;148;418;1124;6008;2123;864;1.74;14.37;United States;Northern America;Wolters Kluwer Health;1986-2021;"Ophthalmology (Q1); Sensory Systems (Q1); Surgery (Q1)"
63;12874;Cognitive Science;journal;03640213, 15516709;1.547;Q2;120;29;55;2047;159;55;2.55;70.59;United States;Northern America;Wiley-Blackwell;1977-2021;"Artificial Intelligence (Q1); Experimental and Cognitive Psychology (Q1); Cognitive Neuroscience (Q2)"
64;14914;Cognitive Brain Research;journal;09266410;1.546;Q1;143;101;161;4631;523;161;3.16;45.85;Netherlands;Western Europe;Elsevier BV;1992-2005;"Behavioral Neuroscience (Q1); Experimental and Cognitive Psychology (Q1); Cognitive Neuroscience (Q2)"
65;17380;Molecular Brain Research;journal;0169328X;1.534;Q2;124;271;1008;10937;3174;1008;3.04;40.36;Netherlands;Western Europe;Elsevier BV;1986-2005;"Cellular and Molecular Neuroscience (Q2); Molecular Biology (Q2)"
66;12122;Behavioral Neuroscience;journal;19390084, 07357044;1.523;Q1;143;124;368;6175;1108;368;2.9;49.8;United States;Northern America;American Psychological Association;1983-2021;Behavioral Neuroscience (Q1)
67;34676;Perspectives on Developmental Neurobiology;journal;10640517;1.478;Q1;34;0;28;0;104;27;0;0;Switzerland;Western Europe;Gordon and Breach Science Publishers;1992-1998;"Developmental Biology (Q1); Neuroscience (miscellaneous) (Q1)"
68;15165;Vision Research;journal;18785646, 00426989;1.47;Q1;171;322;1042;12939;2515;1030;2.26;40.18;United Kingdom;Western Europe;Elsevier Ltd.;1961-2021;"Ophthalmology (Q1); Sensory Systems (Q1)"
69;23985;Neurobiology of Aging;journal;01974580, 15581497;1.453;Q1;196;122;316;5872;1031;254;3.12;48.13;United States;Northern America;Elsevier Inc.;1980-2021;"Aging (Q1); Developmental Biology (Q1); Geriatrics and Gerontology (Q1); Neurology (clinical) (Q1); Neuroscience (miscellaneous) (Q1)"
70;18745;Psychoneuroendocrinology;journal;03064530, 18733360;1.439;Q1;180;59;182;2572;742;181;3.83;43.59;United Kingdom;Western Europe;Elsevier Ltd.;1975-2021;"Biological Psychiatry (Q1); Endocrine and Autonomic Systems (Q1); Endocrinology (Q1); Endocrinology, Diabetes and Metabolism (Q1); Psychiatry and Mental Health (Q1)"
71;16812;Journal of Psychiatric Research;journal;18791379, 00223956;1.406;Q1;144;41;169;1657;548;164;3.26;40.41;United Kingdom;Western Europe;Elsevier Ltd.;1961-1982, 1984-2021;"Biological Psychiatry (Q1); Psychiatry and Mental Health (Q1)"
72;15510;Epilepsia;journal;15281167, 00139580;1.39;Q1;202;339;1012;8951;3297;940;2.95;26.4;United Kingdom;Western Europe;Wiley-Blackwell Publishing Ltd;1909-1915, 1937-1950, 1952-1955, 1959-2021;"Neurology (Q1); Neurology (clinical) (Q1)"
73;17467;Neurobiology of Learning and Memory;journal;10959564, 10747427;1.352;Q1;125;57;141;2352;362;141;1.8;41.26;United States;Northern America;Academic Press Inc.;1995-2021;"Behavioral Neuroscience (Q1); Experimental and Cognitive Psychology (Q1); Cognitive Neuroscience (Q2)"
74;15433;Developmental Neuroscience;journal;03785866, 14219859;1.335;Q1;84;53;167;2103;452;162;2;39.68;Switzerland;Western Europe;S. Karger AG;1978-1983, 1985-2021;"Developmental Neuroscience (Q1); Neurology (Q1)"
75;15585;Experimental Brain Research;journal;14321106, 00144819;1.323;Q1;177;339;1030;13333;2543;1028;2.31;39.33;Germany;Western Europe;Springer Verlag;1966-2021;Neuroscience (miscellaneous) (Q1)
76;16749;Journal of Neuroimmunology;journal;18728421, 01655728;1.319;Q1;145;253;810;10738;2992;802;3.55;42.44;Netherlands;Western Europe;Elsevier;1981-2021;"Immunology (Q1); Immunology and Allergy (Q1); Neurology (Q1); Neurology (clinical) (Q1)"
77;17407;Movement Disorders;journal;08853185, 15318257;1.311;Q1;209;224;704;5592;1834;616;2.07;24.96;United States;Northern America;"John Wiley &amp; Sons Inc.";1986-2021;"Neurology (Q1); Neurology (clinical) (Q1)"
78;18022;NeuroReport;journal;09594965, 1473558X;1.307;Q1;192;872;2321;18811;6325;2310;2.41;21.57;United States;Northern America;Lippincott Williams and Wilkins Ltd.;1990-2021;Neuroscience (miscellaneous) (Q1)
79;13736;British Journal of Ophthalmology;journal;14682079, 00071161;1.26;Q1;162;424;1188;8733;1880;758;1.47;20.6;United Kingdom;Western Europe;BMJ Publishing Group;1941-2021;"Ophthalmology (Q1); Sensory Systems (Q1); Cellular and Molecular Neuroscience (Q2)"
80;19906;Synapse;journal;08874476, 10982396;1.256;Q2;109;148;419;6980;1193;415;2.68;47.16;United States;Northern America;Wiley-Liss Inc.;1987-2021;Cellular and Molecular Neuroscience (Q2)
81;17990;Neuropathology and Applied Neurobiology;journal;03051846, 13652990;1.25;Q1;99;46;183;1843;471;165;2.64;40.07;United Kingdom;Western Europe;Wiley-Blackwell Publishing Ltd;1975-2021;"Histology (Q1); Neurology (Q1); Neurology (clinical) (Q1); Pathology and Forensic Medicine (Q1); Physiology (medical) (Q1)"
82;14346;Brain Research;journal;18726240, 00068993;1.241;Q1;212;1187;4240;45916;11300;4240;2.6;38.68;Netherlands;Western Europe;Elsevier;1966-2021;"Neurology (clinical) (Q1); Neuroscience (miscellaneous) (Q1); Developmental Biology (Q2); Molecular Biology (Q2)"
83;16746;Journal of Neurogenetics;journal;15635260, 01677063;1.241;Q2;38;13;38;449;57;38;1.16;34.54;United Kingdom;Western Europe;Informa Healthcare;1983-1987, 1989-2021;"Cellular and Molecular Neuroscience (Q2); Genetics (Q2)"
84;26133;Hormones and Behavior;journal;0018506X, 10956867;1.223;Q1;149;90;175;4277;566;171;2.68;47.52;United States;Northern America;Academic Press Inc.;1969-2021;"Behavioral Neuroscience (Q1); Endocrine and Autonomic Systems (Q1); Endocrinology (Q1)"
85;14314;Otology and Neurotology;journal;15374505, 15317129;1.216;Q1;110;184;456;3544;638;416;1.23;19.26;United States;Northern America;Lippincott Williams and Wilkins Ltd.;1982, 1988-1989, 1992-1993, 2001-2021;"Medicine (miscellaneous) (Q1); Neurology (clinical) (Q1); Otorhinolaryngology (Q1); Sensory Systems (Q1)"
86;14285;Behavioural Brain Research;journal;18727549, 01664328;1.213;Q1;178;226;597;11928;1610;590;2.55;52.78;Netherlands;Western Europe;Elsevier;1980-2022;Behavioral Neuroscience (Q1)
87;17500155126;Attention, Perception, and Psychophysics;journal;1943393X, 19433921;1.2;Q1;122;111;370;4293;636;368;1.66;38.68;United States;Northern America;Springer New York;2009-2021;"Linguistics and Language (Q1); Sensory Systems (Q1); Experimental and Cognitive Psychology (Q2)"
88;37028;Electroencephalography and Clinical Neurophysiology;journal;00134694, 18726380;1.177;Q1;82;0;134;0;479;131;0;0;Netherlands;Western Europe;Elsevier BV;1949-1998;"Neurology (clinical) (Q1); Neuroscience (miscellaneous) (Q1)"
89;17486;Neurochemistry International;journal;18729754, 01970186;1.17;Q2;125;119;345;5901;972;337;3.05;49.59;United Kingdom;Western Europe;Elsevier Ltd.;1980-2021;"Cell Biology (Q2); Cellular and Molecular Neuroscience (Q2)"
90;13625;Audiology and Neuro-Otology;journal;14203030, 14219700;1.147;Q2;81;42;93;2168;238;90;2.42;51.62;Switzerland;Western Europe;S. Karger AG;1996-2021;"Medicine (miscellaneous) (Q1); Otorhinolaryngology (Q1); Physiology (Q1); Speech and Hearing (Q1); Sensory Systems (Q2)"
91;16785;Journal of NeuroVirology;journal;15382443, 13550284;1.1;Q1;87;75;254;2756;731;246;2.76;36.75;United Kingdom;Western Europe;Taylor and Francis Ltd.;1995-2021;"Neurology (Q1); Neurology (clinical) (Q1); Cellular and Molecular Neuroscience (Q2); Virology (Q2)"
92;23456;Journal of Comparative Physiology A: Neuroethology, Sensory, Neural, and Behavioral Physiology;journal;14321351, 03407594;1.086;Q2;95;97;362;4081;672;359;1.84;42.07;Germany;Western Europe;Springer Verlag;1974-2021;"Animal Science and Zoology (Q1); Ecology, Evolution, Behavior and Systematics (Q1); Behavioral Neuroscience (Q2); Physiology (Q2)"
93;15514;Epilepsy Research;journal;09201211, 18726844;1.082;Q1;117;146;334;3727;962;330;2.63;25.53;Netherlands;Western Europe;Elsevier;1987-2021;"Neurology (Q1); Neurology (clinical) (Q1)"
94;17552;Acta Neuropathologica;journal;00016322, 14320533;1.062;Q2;184;171;555;6230;1288;545;2.2;36.43;Germany;Western Europe;Springer Verlag;1961-2021;"Neurology (clinical) (Q1); Pathology and Forensic Medicine (Q1); Cellular and Molecular Neuroscience (Q2)"
95;83831;Electroencephalography and Clinical Neurophysiology - Evoked Potentials;journal;01685597;1.062;Q2;49;0;56;0;192;56;0;0;Netherlands;Western Europe;Elsevier BV;1984-1998;"Neurology (clinical) (Q1); Neuroscience (miscellaneous) (Q2)"
96;12030;Learning and Behavior;journal;15434508, 15434494;1.033;Q2;59;30;120;1146;166;120;1.26;38.2;United States;Northern America;Springer New York;2003-2021;"Behavioral Neuroscience (Q2); Cognitive Neuroscience (Q2); Experimental and Cognitive Psychology (Q2)"
97;16745;Journal of Neuroendocrinology;journal;13652826, 09538194;1.03;Q1;120;126;375;5908;1089;367;2.91;46.89;United Kingdom;Western Europe;Wiley-Blackwell Publishing Ltd;1989-2021;"Endocrine and Autonomic Systems (Q1); Endocrinology (Q1); Endocrinology, Diabetes and Metabolism (Q1); Cellular and Molecular Neuroscience (Q3)"
98;18046;Neuroscience Letters;journal;18727972, 03043940;1.011;Q2;177;959;2852;17477;6233;2852;2.1;18.22;Ireland;Western Europe;Elsevier Ireland Ltd;1975-2021;Neuroscience (miscellaneous) (Q2)
99;13707;Hearing Research;journal;18785891, 03785955;1.01;Q2;122;190;634;7844;1168;634;1.79;41.28;Netherlands;Western Europe;Elsevier;1978-2021;Sensory Systems (Q2)
100;18632;Progress in Brain Research;journal;18757855, 00796123;1.006;Q2;150;191;472;14402;967;454;1.69;75.4;Netherlands;Western Europe;Elsevier;1963-1980, 1982-2021;Neuroscience (miscellaneous) (Q2)
101;18573;Journal of Neurocytology;journal;15737381, 03004864;1.003;Q2;73;52;218;2580;405;216;1.77;49.62;Netherlands;Western Europe;Kluwer Academic Publishers;1972-2006;"Anatomy (Q1); Histology (Q1); Cell Biology (Q2); Neuroscience (miscellaneous) (Q2)"
102;16726;Journal of Intellectual Disability Research;journal;09642633, 13652788;1.001;Q1;109;59;183;1787;309;171;1.29;30.29;United Kingdom;Western Europe;Wiley-Blackwell Publishing Ltd;1957-1960, 1962-2021;"Arts and Humanities (miscellaneous) (Q1); Neurology (Q1); Neurology (clinical) (Q1); Psychiatry and Mental Health (Q1); Rehabilitation (Q1)"
103;17976;Neuromuscular Disorders;journal;18732364, 09608966;0.994;Q1;105;95;291;2393;619;288;2.15;25.19;United Kingdom;Western Europe;Elsevier Ltd.;1991-2021;"Neurology (Q1); Neurology (clinical) (Q1); Pediatrics, Perinatology and Child Health (Q1); Genetics (clinical) (Q2)"
104;24713;Behaviour;journal;00057959, 1568539X;0.992;Q2;80;83;231;3502;295;231;1.04;42.19;Netherlands;Western Europe;Brill Academic Publishers;1948, 1950-1951, 1953, 1955-1958, 1960-2021;"Animal Science and Zoology (Q1); Behavioral Neuroscience (Q2)"
105;16765;Journal of Neuroscience Methods;journal;1872678X, 01650270;0.979;Q2;160;164;534;4706;911;527;1.66;28.7;Netherlands;Western Europe;Elsevier;1979-2021;Neuroscience (miscellaneous) (Q2)
106;13866;Experimental Eye Research;journal;00144835, 10960007;0.974;Q2;133;161;476;6395;1080;441;2.17;39.72;United States;Northern America;Academic Press Inc.;1961-2021;"Ophthalmology (Q1); Sensory Systems (Q2); Cellular and Molecular Neuroscience (Q3)"
107;16188;Journal of the International Neuropsychological Society;journal;13556177, 14697661;0.967;Q2;132;71;187;3057;384;178;1.87;43.06;United Kingdom;Western Europe;Cambridge University Press;1995-2021;"Clinical Psychology (Q1); Neurology (clinical) (Q1); Psychiatry and Mental Health (Q1); Neuroscience (miscellaneous) (Q2)"
108;16005;Journal of Sleep Research;journal;13652869, 09621105;0.966;Q2;125;39;151;1567;369;140;2.41;40.18;United Kingdom;Western Europe;Wiley-Blackwell Publishing Ltd;1992-2021;"Medicine (miscellaneous) (Q1); Behavioral Neuroscience (Q2); Cognitive Neuroscience (Q2)"
109;40862;Clinical Neuroscience;journal;10656766;0.956;Q2;30;0;24;0;58;23;0;0;United States;Northern America;Wiley-Liss Inc.;1993-1995, 1997-1998;"Neuropsychology and Physiological Psychology (Q1); Neuroscience (miscellaneous) (Q2)"
110;24804;Neural Networks;journal;08936080, 18792782;0.954;Q2;154;105;326;3532;647;320;1.87;33.64;United Kingdom;Western Europe;Elsevier Ltd.;1988-2021;"Artificial Intelligence (Q1); Cognitive Neuroscience (Q2)"
111;16147;International Journal of Developmental Neuroscience;journal;07365748, 1873474X;0.953;Q1;91;75;245;3781;566;238;2.2;50.41;United Kingdom;Western Europe;"John Wiley &amp; Sons Inc.";1983-2021;"Developmental Neuroscience (Q1); Developmental Biology (Q2)"
112;16760;Journal of Neurology, Supplement;journal;09391517;0.952;Q1;56;19;83;655;200;80;2.36;34.47;Germany;Western Europe;Springer Verlag;1991-1992, 1994, 1996-2005;"Neurology (Q1); Neurology (clinical) (Q1)"
113;18054;Neuroscience Research;journal;18728111, 01680102;0.948;Q2;102;132;351;5041;629;350;1.77;38.19;Ireland;Western Europe;Elsevier Ireland Ltd;1984-2021;"Medicine (miscellaneous) (Q1); Neuroscience (miscellaneous) (Q2)"
114;15034;Developmental Brain Research;journal;01653806;0.944;Q2;92;164;563;6265;1138;563;1.96;38.2;Netherlands;Western Europe;Elsevier BV;1981-2005;"Developmental Biology (Q2); Developmental Neuroscience (Q2)"
115;15029;Dementia and Geriatric Cognitive Disorders;journal;14219824, 14208008;0.939;Q2;116;57;241;1978;597;236;2.65;34.7;Switzerland;Western Europe;S. Karger AG;1990-1992, 1994-2021;"Geriatrics and Gerontology (Q1); Psychiatry and Mental Health (Q1); Cognitive Neuroscience (Q2)"
116;16820;Journal of the Neurological Sciences;journal;0022510X, 18785883;0.933;Q1;144;217;846;6101;1804;802;1.96;28.12;Netherlands;Western Europe;Elsevier;1964-2021;"Neurology (Q1); Neurology (clinical) (Q1)"
117;16737;Journal of Neural Transmission, Supplement;journal;03036995;0.931;Q1;70;31;244;1325;573;239;2.22;42.74;Austria;Western Europe;Springer-Verlag Wien;1978-1980, 1983, 1986-2007, 2009;"Neurology (Q1); Neurology (clinical) (Q1); Psychiatry and Mental Health (Q1); Biological Psychiatry (Q2)"
118;16751;Journal of Neurology;journal;03405354, 14321459;0.929;Q1;144;261;589;5468;1008;388;1.63;20.95;Germany;Western Europe;D. Steinkopff-Verlag;1974-2021;"Neurology (Q1); Neurology (clinical) (Q1)"
119;14840;Cellular and Molecular Neurobiology;journal;02724340, 15736830;0.927;Q3;95;53;168;2397;397;163;2.26;45.23;United States;Northern America;Springer New York;1981-2021;"Medicine (miscellaneous) (Q1); Cell Biology (Q2); Cellular and Molecular Neuroscience (Q3)"
120;26649;Neuroendocrinology;journal;00283835, 14230194;0.923;Q2;105;91;294;4055;795;291;2.32;44.56;Switzerland;Western Europe;S. Karger AG;1965, 1967-2021;"Endocrinology, Diabetes and Metabolism (Q1); Endocrine and Autonomic Systems (Q2); Endocrinology (Q2); Cellular and Molecular Neuroscience (Q3)"
121;14319;Regulatory Peptides;journal;18731686, 01670115;0.923;Q3;102;108;359;3963;957;356;2.83;36.69;Netherlands;Western Europe;Elsevier;1980-2014;"Clinical Biochemistry (Q1); Biochemistry (Q2); Endocrinology (Q2); Physiology (Q2); Cellular and Molecular Neuroscience (Q3)"
122;6600153204;Brain Structure and Function;journal;18632653, 18632661;0.896;Q2;101;87;286;4244;560;286;1.92;48.78;Germany;Western Europe;Springer Verlag;2007-2021;"Anatomy (Q1); Histology (Q1); Neuroscience (miscellaneous) (Q2)"
123;23377;Chemical Senses;journal;0379864X, 14643553;0.893;Q2;104;101;206;3806;437;204;2.2;37.68;United Kingdom;Western Europe;Oxford University Press;1974-2021;"Behavioral Neuroscience (Q2); Physiology (Q2); Physiology (medical) (Q2); Sensory Systems (Q2)"
124;16670;Journal of Chemical Neuroanatomy;journal;18736300, 08910618;0.893;Q3;82;40;142;2305;272;136;1.62;57.63;Netherlands;Western Europe;Elsevier;1988-2021;Cellular and Molecular Neuroscience (Q3)
125;27318;Network: Computation in Neural Systems;journal;0954898X, 13616536;0.886;Q2;58;28;79;1104;111;78;1.55;39.43;United Kingdom;Western Europe;Informa Healthcare;1990-2021;Neuroscience (miscellaneous) (Q2)
126;14347;Brain Research Bulletin;journal;03619230, 18732747;0.885;Q2;135;267;705;13265;1424;697;1.84;49.68;United States;Northern America;Elsevier Inc.;1976-2021;Neuroscience (miscellaneous) (Q2)
127;14945;Cortex;journal;19738102, 00109452;0.881;Q2;122;70;161;1823;264;161;1.34;26.04;Italy;Western Europe;Masson SpA;1964-1965, 1968-2021;"Developmental and Educational Psychology (Q1); Neurology (clinical) (Q1); Cognitive Neuroscience (Q2); Experimental and Cognitive Psychology (Q2); Neurology (Q2); Neuropsychology and Physiological Psychology (Q2)"
128;16006;Journal of Sleep Research, Supplement;journal;09666826;0.881;Q2;0;0;1;0;0;0;0;0;United Kingdom;Western Europe;;;"Neuroscience (miscellaneous) (Q2); Physiology (Q2)"
129;15546;European Archives of Psychiatry and Clinical Neuroscience;journal;14338491, 09401334;0.873;Q2;102;73;175;2535;369;168;2.18;34.73;Germany;Western Europe;D. Steinkopff-Verlag;1990-2021;"Medicine (miscellaneous) (Q1); Pharmacology (medical) (Q1); Psychiatry and Mental Health (Q1); Biological Psychiatry (Q2)"
130;14993;Current Opinion in Neurology;journal;14736551, 13507540;0.871;Q2;123;111;296;5503;679;275;2.43;49.58;United States;Northern America;Lippincott Williams and Wilkins Ltd.;1993-2021;"Neurology (clinical) (Q1); Neurology (Q2)"
131;14987;Developmental Medicine and Child Neurology;journal;14698749, 00121622;0.868;Q2;151;185;450;4624;871;368;1.82;24.99;United States;Northern America;Wiley-Blackwell;1958-2021;"Neurology (clinical) (Q1); Pediatrics, Perinatology and Child Health (Q1); Developmental Neuroscience (Q2)"
132;13845;Bulletin of Mathematical Biology;journal;00928240, 15229602;0.867;Q2;90;49;146;1422;211;146;1.39;29.02;United States;Northern America;Springer New York;1973-2021;"Agricultural and Biological Sciences (miscellaneous) (Q1); Biochemistry, Genetics and Molecular Biology (miscellaneous) (Q1); Environmental Science (miscellaneous) (Q1); Pharmacology (Q1); Computational Theory and Mathematics (Q2); Immunology (Q2); Mathematics (miscellaneous) (Q2); Neuroscience (miscellaneous) (Q2)"
133;25678;Journal of Research on Adolescence;journal;10508392, 15327795;0.863;Q2;101;19;61;984;94;61;1.22;51.79;United Kingdom;Western Europe;Wiley-Blackwell Publishing Ltd;1993, 1996-2021;"Cultural Studies (Q1); Developmental and Educational Psychology (Q1); Social Sciences (miscellaneous) (Q1); Behavioral Neuroscience (Q2)"
134;16321;IEEE Transactions on Neural Systems and Rehabilitation Engineering;journal;15344320, 15580210;0.858;Q2;148;44;175;1167;327;172;1.62;26.52;United States;Northern America;Institute of Electrical and Electronics Engineers Inc.;2001-2021;"Biomedical Engineering (Q1); Medicine (miscellaneous) (Q1); Computer Science Applications (Q2); Neuroscience (miscellaneous) (Q2)"
135;18729;Psychiatry Research;journal;01651781, 18727123;0.858;Q2;147;132;409;5126;810;405;1.94;38.83;Ireland;Western Europe;Elsevier Ireland Ltd;1979-2021;"Psychiatry and Mental Health (Q1); Biological Psychiatry (Q2)"
136;12164;Brain and Language;journal;10902155, 0093934X;0.855;Q3;129;166;475;5575;639;469;1;33.58;United States;Northern America;Academic Press Inc.;1974-2021;"Linguistics and Language (Q1); Speech and Hearing (Q1); Experimental and Cognitive Psychology (Q2); Cognitive Neuroscience (Q3)"
137;13503;Developmental Science;journal;14677687, 1363755X;0.852;Q3;135;37;94;1988;154;94;1.46;53.73;United Kingdom;Western Europe;Wiley-Blackwell Publishing Ltd;1998-2021;"Developmental and Educational Psychology (Q1); Cognitive Neuroscience (Q3)"
138;13904;Graefe's Archive for Clinical and Experimental Ophthalmology;journal;0721832X, 1435702X;0.852;Q2;105;154;477;3912;708;467;1.38;25.4;Germany;Western Europe;Springer Verlag;1870-1944, 1947-1965, 1982-2021;"Ophthalmology (Q1); Sensory Systems (Q2); Cellular and Molecular Neuroscience (Q3)"
139;16075;Headache;journal;00178748, 15264610;0.85;Q2;126;180;386;1409;758;313;1.61;7.83;United Kingdom;Western Europe;Wiley-Blackwell Publishing Ltd;1961-2021;"Neurology (clinical) (Q1); Neurology (Q2)"
140;12866;Cognitive, Affective and Behavioral Neuroscience;journal;15307026, 1531135X;0.849;Q2;104;35;152;1922;218;148;1.56;54.91;United States;Northern America;Springer New York;2001-2021;"Behavioral Neuroscience (Q2); Cognitive Neuroscience (Q3)"
141;29755;Human Factors;journal;00187208, 15478181;0.844;Q2;124;51;159;1507;265;156;1.45;29.55;United States;Northern America;SAGE Publications Inc.;1958-2021;"Applied Psychology (Q1); Human Factors and Ergonomics (Q1); Behavioral Neuroscience (Q2)"
142;30014;Journal of Motor Behavior;journal;00222895, 19401027;0.833;Q3;75;35;101;1211;132;100;1.18;34.6;United States;Northern America;Routledge;1969-2021;"Orthopedics and Sports Medicine (Q1); Sports Science (Q1); Biophysics (Q2); Experimental and Cognitive Psychology (Q2); Cognitive Neuroscience (Q3)"
143;16732;Journal of Molecular Neuroscience;journal;08958696, 15591166;0.832;Q3;90;76;124;3337;252;124;1.87;43.91;United States;Northern America;Humana Press;1989-2021;"Medicine (miscellaneous) (Q1); Cellular and Molecular Neuroscience (Q3)"
144;21100243801;Multisensory Research;journal;22134808, 22134794;0.829;Q2;52;14;67;623;92;65;1.48;44.5;Netherlands;Western Europe;Brill Academic Publishers;2013-2021;"Ophthalmology (Q1); Computer Vision and Pattern Recognition (Q2); Experimental and Cognitive Psychology (Q2); Sensory Systems (Q2); Cognitive Neuroscience (Q3)"
145;14897;Journal of Electromyography and Kinesiology;journal;18735711, 10506411;0.827;Q2;104;45;132;1780;217;125;1.43;39.56;United Kingdom;Western Europe;Elsevier Ltd.;1991-2021;"Neurology (clinical) (Q1); Biophysics (Q2); Neuroscience (miscellaneous) (Q2); Sports Science (Q2)"
146;18075;Neurotoxicology and Teratology;journal;08920362, 18729738;0.826;Q2;103;64;226;2622;453;225;2.13;40.97;United States;Northern America;Elsevier Inc.;1987-2021;"Toxicology (Q1); Developmental Neuroscience (Q2); Cellular and Molecular Neuroscience (Q3)"
147;20695;Brain, Behavior, and Immunity;journal;10902139, 08891591;0.822;Q2;170;23;73;1580;217;67;2.37;68.7;United States;Northern America;Academic Press Inc.;1987-2022;"Behavioral Neuroscience (Q2); Endocrine and Autonomic Systems (Q2); Immunology (Q2)"
148;15771;Muscle and Nerve;journal;10974598, 0148639X;0.817;Q3;150;228;924;8368;1801;782;1.98;36.7;United States;Northern America;"John Wiley &amp; Sons Inc.";1978-2021;"Neurology (clinical) (Q1); Physiology (Q2); Physiology (medical) (Q2); Cellular and Molecular Neuroscience (Q3)"
149;21100386521;Language, Cognition and Neuroscience;journal;23273801, 23273798;0.814;Q3;84;33;68;1201;111;68;1.48;36.39;United States;Northern America;Taylor and Francis Inc.;2013-2021;"Linguistics and Language (Q1); Experimental and Cognitive Psychology (Q2); Cognitive Neuroscience (Q3)"
150;19884;Spinal Cord;journal;14765624, 13624393;0.806;Q2;114;117;443;2902;620;402;1.21;24.8;United Kingdom;Western Europe;Nature Publishing Group;1996-2021;"Medicine (miscellaneous) (Q1); Neurology (clinical) (Q1); Neurology (Q2)"
151;14313;Bipolar Disorders;journal;13995618, 13985647;0.789;Q2;132;42;67;1852;154;54;2.3;44.1;Denmark;Western Europe;Blackwell Munksgaard;1999-2021;"Psychiatry and Mental Health (Q1); Biological Psychiatry (Q2)"
152;14900;Clinical Neurophysiology;journal;13882457, 18728952;0.789;Q2;191;280;575;9419;1165;561;2.03;33.64;Ireland;Western Europe;Elsevier Ireland Ltd;1999-2021;"Neurology (clinical) (Q1); Neurology (Q2); Physiology (medical) (Q2); Sensory Systems (Q2)"
153;14350;Brain Research Protocols;journal;1385299X;0.781;Q2;57;76;173;1415;253;173;1.37;18.62;Netherlands;Western Europe;Elsevier BV;1997-2005;Neuroscience (miscellaneous) (Q2)
154;17408;Multiple Sclerosis Journal;journal;13524585, 14770970;0.777;Q2;139;68;229;1801;517;220;2.16;26.49;United Kingdom;Western Europe;SAGE Publications Ltd;1995-2021;"Neurology (clinical) (Q1); Neurology (Q2)"
155;15300154855;Journal of Neural Transmission;journal;03009564, 14351463;0.773;Q2;116;127;331;4544;657;326;1.85;35.78;Germany;Western Europe;Springer Verlag;1972-2021;"Neurology (clinical) (Q1); Psychiatry and Mental Health (Q1); Biological Psychiatry (Q2); Neurology (Q2)"
156;14352;Brain Topography;journal;15736792, 08960267;0.77;Q2;76;24;73;918;137;73;1.85;38.25;United States;Northern America;Kluwer Academic/Human Sciences Press Inc.;1988-2021;"Anatomy (Q1); Neurology (clinical) (Q1); Radiology, Nuclear Medicine and Imaging (Q1); Neurology (Q2); Radiological and Ultrasound Technology (Q2)"
157;24030;Respiratory Physiology and Neurobiology;journal;18781519, 15699048;0.77;Q2;102;135;318;5436;666;312;2.16;40.27;Netherlands;Western Europe;Elsevier;2002-2022;"Pulmonary and Respiratory Medicine (Q1); Neuroscience (miscellaneous) (Q2); Physiology (Q2)"
158;17484;Neurochemical Research;journal;03643190, 15736903;0.767;Q3;122;160;573;6852;1022;564;1.77;42.83;United States;Northern America;Springer New York;1976-2021;"Medicine (miscellaneous) (Q1); Biochemistry (Q2); Cellular and Molecular Neuroscience (Q3)"
159;21197;Pharmacology Biochemistry and Behavior;journal;00913057, 18735177;0.761;Q3;139;243;936;10486;1721;931;1.74;43.15;United States;Northern America;Elsevier Inc.;1973-2021;"Clinical Biochemistry (Q1); Pharmacology (Q1); Toxicology (Q1); Biochemistry (Q2); Behavioral Neuroscience (Q3); Biological Psychiatry (Q3)"
160;14255;Autonomic Neuroscience: Basic and Clinical;journal;15660702, 18727484;0.754;Q2;86;150;443;4963;798;441;1.84;33.09;Netherlands;Western Europe;Elsevier;2000-2021;"Neurology (clinical) (Q1); Endocrine and Autonomic Systems (Q2); Cellular and Molecular Neuroscience (Q4)"
161;16675;Journal of Clinical Neurophysiology;journal;15371603, 07360258;0.742;Q2;102;65;192;2602;470;162;2.45;40.03;United States;Northern America;Lippincott Williams and Wilkins Ltd.;1984-2021;"Medicine (miscellaneous) (Q1); Neurology (Q2); Neurology (clinical) (Q2); Physiology (Q2); Physiology (medical) (Q2)"
162;14340;Brain Injury;journal;1362301X, 02699052;0.741;Q2;109;100;283;2792;401;277;1.09;27.92;United Kingdom;Western Europe;Informa Healthcare;1987-2021;"Developmental and Educational Psychology (Q2); Neurology (clinical) (Q2); Neuroscience (miscellaneous) (Q2)"
163;13820;Current Eye Research;journal;14602202, 02713683;0.739;Q2;83;124;414;4024;710;412;1.5;32.45;United Kingdom;Western Europe;Taylor and Francis Ltd.;1981-2021;"Ophthalmology (Q1); Sensory Systems (Q2); Cellular and Molecular Neuroscience (Q4)"
164;12768;British Journal of Developmental Psychology;journal;2044835X, 0261510X;0.738;Q2;82;37;107;1501;128;107;0.95;40.57;United States;Northern America;Wiley-Blackwell;1996-2021;"Developmental and Educational Psychology (Q2); Developmental Neuroscience (Q2)"
165;16816;Journal of Psychiatry and Neuroscience;journal;14882434, 11804882;0.735;Q3;104;56;142;1975;230;101;1.92;35.27;Canada;Northern America;Canadian Medical Association;1991-2021;"Medicine (miscellaneous) (Q1); Pharmacology (medical) (Q1); Psychiatry and Mental Health (Q1); Biological Psychiatry (Q3)"
166;14323;Brain, Behavior and Evolution;journal;14219743, 00068977;0.733;Q3;79;56;156;3454;279;153;1.68;61.68;Switzerland;Western Europe;S. Karger AG;1968-2021;"Behavioral Neuroscience (Q3); Developmental Neuroscience (Q3)"
167;12795;Perception;journal;14684233, 03010066;0.727;Q2;94;127;351;3546;358;316;0.96;27.92;United States;Northern America;SAGE Publications Inc.;1972-2021;"Ophthalmology (Q1); Artificial Intelligence (Q2); Experimental and Cognitive Psychology (Q2); Sensory Systems (Q2)"
168;14180;Neuropeptides;journal;15322785, 01434179;0.725;Q2;72;37;194;1562;374;194;2.01;42.22;United States;Northern America;Churchill Livingstone;1980-2021;"Medicine (miscellaneous) (Q1); Endocrine and Autonomic Systems (Q2); Endocrinology (Q2); Neurology (Q2); Cellular and Molecular Neuroscience (Q4)"
169;21754;Annals of the New York Academy of Sciences;journal;17496632, 00778923;0.723;Q2;261;969;4713;31839;7600;4657;1.63;32.86;United States;Northern America;Wiley-Blackwell;1879, 1882-1883, 1889-1890, 1892-1894, 1896-1901, 1904-1906, 1908-1909, 1911-1912, 1914-1916, 1918, 1920, 1927, 1929-1933, 1936-1937, 1939-2021;"History and Philosophy of Science (Q1); Biochemistry, Genetics and Molecular Biology (miscellaneous) (Q2); Neuroscience (miscellaneous) (Q2)"
170;12001;Journal of the Experimental Analysis of Behavior;journal;00225002, 19383711;0.723;Q3;64;43;149;1519;183;148;1.3;35.33;United States;Northern America;Wiley-Blackwell;1958-2021;"Experimental and Cognitive Psychology (Q2); Behavioral Neuroscience (Q3)"
171;14183;Aphasiology;journal;14645041, 02687038;0.707;Q2;74;78;223;3042;238;203;1.08;39;United Kingdom;Western Europe;Taylor and Francis Ltd.;1987-2021;"Linguistics and Language (Q1); LPN and LVN (Q1); Otorhinolaryngology (Q1); Developmental and Educational Psychology (Q2); Neurology (Q2); Neurology (clinical) (Q2)"
172;14857;Cerebrovascular Diseases;journal;14219786, 10159770;0.704;Q2;108;145;296;4248;475;258;1.41;29.3;Switzerland;Western Europe;S. Karger AG;1987-1988, 1991-2021;"Cardiology and Cardiovascular Medicine (Q1); Medicine (miscellaneous) (Q1); Neurology (Q2); Neurology (clinical) (Q2)"
173;25337;Neurogastroenterology and Motility;journal;13652982, 13501925;0.704;Q3;112;57;142;2082;272;139;1.87;36.53;United Kingdom;Western Europe;Wiley-Blackwell Publishing Ltd;1989-2021;"Gastroenterology (Q1); Physiology (Q2); Endocrine and Autonomic Systems (Q3)"
174;14907;Cognitive and Behavioral Neurology;journal;15433633, 15433641;0.702;Q3;69;37;116;1312;181;111;1.48;35.46;United States;Northern America;Lippincott Williams and Wilkins Ltd.;2003-2021;"Medicine (miscellaneous) (Q1); Neuropsychology and Physiological Psychology (Q2); Psychiatry and Mental Health (Q2); Cognitive Neuroscience (Q3)"
175;12145;Biological Psychology;journal;03010511, 18736246;0.7;Q2;132;43;123;2316;182;120;1.48;53.86;Netherlands;Western Europe;Elsevier;1973-2021;"Neuropsychology and Physiological Psychology (Q2); Neuroscience (miscellaneous) (Q2)"
176;21336;NeuroImmunoModulation;journal;14230216, 10217401;0.694;Q2;68;42;124;1973;279;122;1.89;46.98;Switzerland;Western Europe;S. Karger AG;1994-2002, 2004-2021;"Endocrinology (Q2); Neurology (Q2); Endocrine and Autonomic Systems (Q3); Immunology (Q3)"
177;14902;International Journal of Psychophysiology;journal;18727697, 01678760;0.693;Q2;135;88;249;3634;428;237;1.63;41.3;Netherlands;Western Europe;Elsevier;1983-2021;"Neuropsychology and Physiological Psychology (Q2); Neuroscience (miscellaneous) (Q2); Physiology (medical) (Q2)"
178;31713;Molecular and Chemical Neuropathology;journal;10447393, 15591166;0.691;Q2;36;0;49;0;84;49;0;0;United States;Northern America;Humana Press;1983-1999;"Neurology (clinical) (Q2); Neuroscience (miscellaneous) (Q2); Molecular Biology (Q3)"
179;19380;Seizure : the journal of the British Epilepsy Association;journal;10591311, 15322688;0.691;Q2;89;101;288;2713;434;284;1.43;26.86;United Kingdom;Western Europe;W.B. Saunders Ltd;1992-2021;"Medicine (miscellaneous) (Q1); Neurology (Q2); Neurology (clinical) (Q2)"
180;16704;Journal of ECT;journal;10950680, 15334112;0.689;Q2;62;67;149;1422;221;108;1.54;21.22;United States;Northern America;Lippincott Williams and Wilkins Ltd.;1998-2021;"Medicine (miscellaneous) (Q1); Neuroscience (miscellaneous) (Q2); Psychiatry and Mental Health (Q2)"
181;19384;Seminars in Neurology;journal;10989021, 02718235;0.685;Q2;75;48;146;2498;249;131;1.39;52.04;United States;Northern America;Thieme Medical Publishers Inc.;1984, 1986-2021;"Neurology (Q2); Neurology (clinical) (Q2)"
182;22633;Learning Disability Quarterly;journal;07319487, 2168376X;0.681;Q3;52;24;75;1101;67;69;0.85;45.88;United States;Northern America;SAGE Publications Inc.;1978-2021;"Education (Q1); Health Professions (miscellaneous) (Q1); Behavioral Neuroscience (Q3)"
183;18073;NeuroToxicology;journal;18729711, 0161813X;0.677;Q2;122;80;287;3079;522;284;1.73;38.49;Netherlands;Western Europe;Elsevier;1979-2021;"Neuroscience (miscellaneous) (Q2); Toxicology (Q2)"
184;145178;American Journal of Medical Genetics, Part B: Neuropsychiatric Genetics;journal;15524841, 1552485X;0.674;Q4;130;398;1121;4194;1537;1098;1.48;10.54;United States;Northern America;Wiley-Liss Inc.;1993, 1995-2021;"Psychiatry and Mental Health (Q2); Genetics (clinical) (Q3); Cellular and Molecular Neuroscience (Q4)"
185;13744;JARO - Journal of the Association for Research in Otolaryngology;journal;14387573, 15253961;0.672;Q3;77;33;26;1410;33;25;1.27;42.73;United States;Northern America;Springer New York;2000-2021;"Otorhinolaryngology (Q1); Sensory Systems (Q3)"
186;14222;Peptides;journal;18735169, 01969781;0.67;Q4;127;274;651;12095;1390;649;2.14;44.14;United States;Northern America;Elsevier Inc.;1980-2021;"Biochemistry (Q2); Endocrinology (Q2); Physiology (Q2); Cellular and Molecular Neuroscience (Q4)"
187;18001;Neuropsychobiology;journal;0302282X, 14230224;0.665;Q3;86;86;207;2776;414;205;1.88;32.28;Switzerland;Western Europe;S. Karger AG;1975-1990, 1992-2021;"Neuropsychology and Physiological Psychology (Q2); Psychiatry and Mental Health (Q2); Biological Psychiatry (Q3)"
188;13867;Eye;journal;0950222X, 14765454;0.66;Q3;106;273;811;4071;663;453;0.7;14.91;United Kingdom;Western Europe;Nature Publishing Group;1987-2021;"Arts and Humanities (miscellaneous) (Q1); Medicine (miscellaneous) (Q1); Ophthalmology (Q1); Sensory Systems (Q3)"
189;19006;Psychiatric Genetics;journal;14735873, 09558829;0.657;Q3;61;41;118;1076;196;116;1.36;26.24;United States;Northern America;Lippincott Williams and Wilkins Ltd.;1990-2021;"Psychiatry and Mental Health (Q2); Biological Psychiatry (Q3); Genetics (Q3); Genetics (clinical) (Q3)"
190;15576;European Neuropsychopharmacology;journal;0924977X, 18737862;0.64;Q2;118;72;236;2827;446;215;1.86;39.26;Netherlands;Western Europe;Elsevier;1990-2021;"Pharmacology (medical) (Q1); Neurology (Q2); Neurology (clinical) (Q2); Pharmacology (Q2); Psychiatry and Mental Health (Q2); Biological Psychiatry (Q3)"
191;17700156422;Handbook of Chemical Neuroanatomy;book series;09248196;0.634;Q4;20;0;46;0;53;31;1.18;0;Netherlands;Western Europe;Elsevier;1996-2000, 2002, 2005;Cellular and Molecular Neuroscience (Q4)
192;15987;Journal of Pain;journal;15265900, 15288447;0.634;Q2;136;43;112;1539;149;92;1.44;35.79;United States;Northern America;Churchill Livingstone;2000-2021;"Anesthesiology and Pain Medicine (Q1); Neurology (Q2); Neurology (clinical) (Q2)"
193;69309;Electroencephalography and Clinical Neurophysiology - Electromyography and Motor Control;journal;0924980X;0.631;Q2;56;0;72;0;148;72;0;0;Netherlands;Western Europe;Elsevier BV;1991-1998;"Neurology (clinical) (Q2); Neuroscience (miscellaneous) (Q2)"
194;16793;Journal of Physiology Paris;journal;09284257, 17697115;0.625;Q2;78;70;192;2477;258;189;1.01;35.39;France;Western Europe;Elsevier Masson s.r.l.;1992-2004, 2006-2016;"Neuroscience (miscellaneous) (Q2); Physiology (medical) (Q2)"
195;12108;Behavioral and Brain Sciences;journal;14691825, 0140525X;0.614;Q3;165;508;699;7181;718;686;0.79;14.14;United Kingdom;Western Europe;Cambridge University Press;1978-2021;"Neuropsychology and Physiological Psychology (Q2); Physiology (Q2); Behavioral Neuroscience (Q3)"
196;17548;Acta Neurologica Scandinavica;journal;16000404, 00016314;0.601;Q2;100;142;447;3710;679;432;1.3;26.13;United Kingdom;Western Europe;Wiley-Blackwell Publishing Ltd;1961-2021;"Medicine (miscellaneous) (Q1); Neurology (Q2); Neurology (clinical) (Q2)"
197;5700155920;Focus on Autism and Other Developmental Disabilities;journal;10883576, 15384829;0.599;Q2;71;35;101;1247;78;94;0.77;35.63;United States;Northern America;SAGE Publications Inc.;1986-2021;"Pediatrics, Perinatology and Child Health (Q1); Neurology (Q2); Neurology (clinical) (Q2); Psychiatry and Mental Health (Q2); Cognitive Neuroscience (Q3)"
198;14871;International Journal of Behavioral Development;journal;01650254, 14640651;0.592;-;96;61;151;2935;134;145;0.56;48.11;United Kingdom;Western Europe;SAGE Publications Ltd;1978-2021;Developmental and Educational Psychology (Q2)
199;19387;Seminars in the Neurosciences;journal;10981284, 10445765;0.589;Q3;24;0;7;0;5;6;0;0;United States;Northern America;Academic Press Inc.;1991-1998;Neuroscience (miscellaneous) (Q3)
200;16818;Journal of Sensory Studies;journal;1745459X, 08878250;0.582;Q3;56;39;86;995;100;86;0.82;25.51;United States;Northern America;Wiley-Blackwell;1986-2021;"Food Science (Q1); Sensory Systems (Q3)"
201;19560;Stress;journal;16078888, 10253890;0.579;Q3;88;29;44;1771;69;43;1.27;61.07;United Kingdom;Western Europe;Informa Healthcare;1996-2021;"Neuropsychology and Physiological Psychology (Q2); Psychiatry and Mental Health (Q2); Behavioral Neuroscience (Q3); Endocrine and Autonomic Systems (Q3); Physiology (Q3)"
202;17940;Neurological Research;journal;17431328, 01616412;0.577;Q2;81;130;414;4719;565;413;1.33;36.3;United Kingdom;Western Europe;Maney Publishing;1979-2021;"Medicine (miscellaneous) (Q1); Neurology (Q2); Neurology (clinical) (Q2)"
203;29954;Journal of Neuro-Oncology;journal;15737373, 0167594X;0.574;Q2;121;143;462;6399;773;452;1.53;44.75;Netherlands;Western Europe;Kluwer Academic Publishers;1983-2021;"Cancer Research (Q2); Neurology (Q2); Neurology (clinical) (Q2); Oncology (Q2)"
204;24785;Alcohol;journal;07418329;0.57;Q2;83;75;285;2747;406;279;1.29;36.63;United States;Northern America;Elsevier Inc.;1984-2021;"Health (social science) (Q1); Medicine (miscellaneous) (Q1); Neurology (Q2); Toxicology (Q2); Behavioral Neuroscience (Q3); Biochemistry (Q3)"
205;12736;Journal of Clinical and Experimental Neuropsychology;journal;1744411X, 13803395;0.568;Q3;113;68;234;2976;311;231;1.18;43.76;United Kingdom;Western Europe;Taylor and Francis Ltd.;1985-2021;"Clinical Psychology (Q2); Neurology (clinical) (Q2); Neurology (Q3)"
206;14539;Developmental Psychobiology;journal;00121630, 10982302;0.567;Q3;98;55;172;2310;223;168;1.27;42;United States;Northern America;"John Wiley &amp; Sons Inc.";1968-2021;"Developmental and Educational Psychology (Q2); Behavioral Neuroscience (Q3); Developmental Biology (Q3); Developmental Neuroscience (Q3)"
207;19015;Metabolic Brain Disease;journal;15737365, 08857490;0.567;Q4;71;24;90;854;132;87;1.03;35.58;United States;Northern America;Springer New York;1986-2021;"Neurology (clinical) (Q2); Biochemistry (Q3); Cellular and Molecular Neuroscience (Q4)"
208;24007;Physiology and Behavior;journal;1873507X, 00319384;0.567;Q3;170;284;880;11874;1342;880;1.37;41.81;United States;Northern America;Elsevier Inc.;1966-2021;"Philosophy (Q1); Behavioral Neuroscience (Q3); Experimental and Cognitive Psychology (Q3)"
209;5700152857;Mind, Culture, and Activity;journal;10749039, 15327884;0.565;Q3;55;23;61;533;47;54;0.53;23.17;United Kingdom;Western Europe;Taylor and Francis Ltd.;1994-2021;"Anthropology (Q1); Cultural Studies (Q1); Education (Q1); Linguistics and Language (Q1); Developmental and Educational Psychology (Q2); Social Psychology (Q2); Cognitive Neuroscience (Q3)"
210;12870;Cognitive Neuropsychiatry;journal;14640619, 13546805;0.563;Q3;63;15;53;730;57;53;0.89;48.67;United Kingdom;Western Europe;Taylor and Francis Ltd.;1996-2021;"Psychiatry and Mental Health (Q2); Cognitive Neuroscience (Q3)"
211;14182;NeuroSignals;journal;14248638, 1424862X;0.561;Q3;68;32;104;2440;234;101;2.36;76.25;Switzerland;Western Europe;Cell Physiol Biochem Press (Germany);1992-2021;"Developmental Neuroscience (Q3); Neurology (Q3); Cellular and Molecular Neuroscience (Q4)"
212;21767;Progress in Neuro-Psychopharmacology and Biological Psychiatry;journal;18784216, 02785846;0.552;Q4;134;102;291;5448;384;291;1.22;53.41;United States;Northern America;Elsevier Inc.;1982-2022;"Pharmacology (Q2); Biological Psychiatry (Q4)"
213;23481;Journal of Vestibular Research: Equilibrium and Orientation;journal;09574271, 18786464;0.548;Q3;57;22;123;560;135;121;0.91;25.45;Netherlands;Western Europe;IOS Press BV;1990, 1992-2021;"Neurology (clinical) (Q2); Otorhinolaryngology (Q2); Neuroscience (miscellaneous) (Q3); Sensory Systems (Q3)"
214;14836;Canadian Journal of Neurological Sciences;journal;03171671, 20570155;0.532;Q3;70;79;255;3334;374;231;1.21;42.2;United Kingdom;Western Europe;Cambridge University Press;1974-2021;"Medicine (miscellaneous) (Q1); Neurology (clinical) (Q2); Neurology (Q3)"
215;32816;Neural Plasticity;journal;16875443, 20905904;0.532;Q3;75;19;40;865;59;39;1.06;45.53;United States;Northern America;Hindawi Publishing Corporation;1998-2005, 2007-2021;"Neurology (clinical) (Q2); Neurology (Q3)"
216;17495;NeuroImage;journal;10959572, 10538119;0.528;Q3;381;278;2887;11762;2521;2880;0.95;42.31;United States;Northern America;Academic Press Inc.;1970, 1992-2021;"Neurology (Q3); Cognitive Neuroscience (Q4)"
217;19382;Seminars in Clinical Neuropsychiatry;journal;10843612;0.528;Q3;47;27;65;2367;99;63;1.52;87.67;United Kingdom;Western Europe;W.B. Saunders Ltd;1999-2003;"Neuropsychology and Physiological Psychology (Q2); Neuroscience (miscellaneous) (Q3)"
218;29439;Advances in Child Development and Behavior;journal;00652407;0.525;Q4;45;0;7;0;10;6;1.43;0;United States;Northern America;Academic Press Inc.;1964-1965, 1967, 1969-1976, 1978-1980, 1982, 1984-1985, 1987, 1989, 1991, 1993-1994, 1996, 1999, 2001-2021;"Developmental and Educational Psychology (Q2); Pediatrics, Perinatology and Child Health (Q2); Behavioral Neuroscience (Q4)"
219;14320;Brain and Development;journal;18727131, 03877604;0.524;Q3;89;190;294;4439;404;279;1.25;23.36;Netherlands;Western Europe;Elsevier;1979-2021;"Medicine (miscellaneous) (Q1); Neurology (clinical) (Q2); Pediatrics, Perinatology and Child Health (Q2); Developmental Neuroscience (Q3)"
220;16750;Journal of Neurolinguistics;journal;18738052, 09116044;0.52;Q4;62;19;50;538;58;49;1.44;28.32;United Kingdom;Western Europe;Elsevier BV;1985-1986, 1988-1992, 1994-2022;"Linguistics and Language (Q1); Arts and Humanities (miscellaneous) (Q2); Experimental and Cognitive Psychology (Q3); Cognitive Neuroscience (Q4)"
221;12163;Brain and Cognition;journal;10902147, 02782626;0.514;Q4;131;231;465;3729;397;461;0.78;16.14;United States;Northern America;Academic Press Inc.;1982-2021;"Arts and Humanities (miscellaneous) (Q2); Developmental and Educational Psychology (Q2); Neuropsychology and Physiological Psychology (Q2); Experimental and Cognitive Psychology (Q3); Cognitive Neuroscience (Q4)"
222;15575;European Neurology;journal;14219913, 00143022;0.501;Q3;82;136;343;2400;463;338;1.21;17.65;Switzerland;Western Europe;S. Karger AG;1897-2021;"Neurology (clinical) (Q2); Neurology (Q3)"
223;15741;Pediatric Neurology;journal;18735150, 08878994;0.489;Q3;96;144;449;3517;606;433;1.2;24.42;United States;Northern America;Elsevier Inc.;1985-2021;"Neurology (clinical) (Q2); Pediatrics, Perinatology and Child Health (Q2); Neurology (Q3); Developmental Neuroscience (Q4)"
224;14635;Ophthalmologica;journal;00303755, 14230267;0.487;Q3;63;98;282;2033;258;275;1.05;20.74;Switzerland;Western Europe;S. Karger AG;1899-2021;"Medicine (miscellaneous) (Q1); Ophthalmology (Q2); Sensory Systems (Q3)"
225;19228;Restorative Neurology and Neuroscience;journal;18783627, 09226028;0.471;Q3;79;33;134;2029;138;130;1.01;61.48;Netherlands;Western Europe;IOS Press BV;1989-2021;"Neurology (clinical) (Q2); Neurology (Q3); Developmental Neuroscience (Q4)"
226;19837;Sleep Medicine Reviews;journal;15322955, 10870792;0.469;Q3;155;42;80;2330;116;66;1.38;55.48;United Kingdom;Western Europe;Elsevier BV;1997-2021;"Neurology (clinical) (Q2); Pulmonary and Respiratory Medicine (Q2); Neurology (Q3); Physiology (medical) (Q3)"
227;15549;European Journal of Neurology;journal;14681331, 13515101;0.462;Q3;130;148;411;3396;472;368;1.16;22.95;United Kingdom;Western Europe;Wiley-Blackwell Publishing Ltd;1994-2021;"Neurology (clinical) (Q2); Neurology (Q3)"
228;18059;Neuroscientist;journal;10738584, 10894098;0.453;Q3;131;119;336;3175;225;249;0.59;26.68;United States;Northern America;SAGE Publications Inc.;1995-2021;"Neurology (clinical) (Q2); Neuroscience (miscellaneous) (Q3)"
229;29306;Clinical Autonomic Research;journal;09599851, 16191560;0.451;Q3;61;52;105;1673;128;102;1.07;32.17;Germany;Western Europe;D. Steinkopff-Verlag;1991-2021;"Medicine (miscellaneous) (Q1); Neurology (clinical) (Q2); Endocrine and Autonomic Systems (Q3)"
230;24806;Neural Processing Letters;journal;13704621, 1573773X;0.444;Q3;58;39;139;704;95;139;0.73;18.05;Netherlands;Western Europe;Springer Netherlands;1994-2021;"Artificial Intelligence (Q2); Computer Networks and Communications (Q2); Software (Q2); Neuroscience (miscellaneous) (Q3)"
231;16246;Journal of Alzheimer's Disease;journal;13872877, 18758908;0.441;Q3;151;65;62;3762;58;54;0.91;57.88;Netherlands;Western Europe;IOS Press BV;1998-2021;"Medicine (miscellaneous) (Q1); Clinical Psychology (Q2); Geriatrics and Gerontology (Q2); Psychiatry and Mental Health (Q2); Neuroscience (miscellaneous) (Q3)"
232;39759;Journal of Substance Abuse;journal;08993289;0.441;Q3;52;42;88;1653;73;88;0.47;39.36;United States;Northern America;Ablex Pub. Corp;1988-1998, 2000-2001;"Psychiatry and Mental Health (Q2); Public Health, Environmental and Occupational Health (Q2); Neuroscience (miscellaneous) (Q3)"
233;16834;Journal of the Peripheral Nervous System;journal;10859489, 15298027;0.429;Q3;70;23;79;708;80;74;1.06;30.78;United Kingdom;Western Europe;Wiley-Blackwell Publishing Ltd;1996-2021;"Medicine (miscellaneous) (Q1); Neurology (clinical) (Q2); Neuroscience (miscellaneous) (Q3)"
234;14604;Ophthalmic and Physiological Optics;journal;02755408, 14751313;0.426;Q3;70;61;219;1616;165;201;0.9;26.49;United Kingdom;Western Europe;Wiley-Blackwell Publishing Ltd;1981-2021;"Optometry (Q1); Ophthalmology (Q2); Sensory Systems (Q3)"
235;24807;Neurocomputing;journal;09252312;0.418;Q4;157;257;510;3665;400;493;0.64;14.26;Netherlands;Western Europe;Elsevier;1989-2021;"Artificial Intelligence (Q3); Computer Science Applications (Q3); Cognitive Neuroscience (Q4)"
236;14288;Behavioural Processes;journal;18728308, 03766357;0.416;Q4;83;68;210;2202;155;206;0.63;32.38;Netherlands;Western Europe;Elsevier;1976-2021;"Animal Science and Zoology (Q2); Medicine (miscellaneous) (Q2); Behavioral Neuroscience (Q4)"
237;13844;Documenta Ophthalmologica;journal;15732622, 00124486;0.416;Q3;57;39;192;1101;145;185;0.52;28.23;Netherlands;Western Europe;Springer Netherlands;1938, 1948-1951, 1954-2021;"Ophthalmology (Q2); Physiology (medical) (Q3); Sensory Systems (Q3)"
238;14630;Ophthalmic Research;journal;14230259, 00303747;0.415;Q3;57;59;166;1513;156;161;1.03;25.64;Switzerland;Western Europe;S. Karger AG;1970-2021;"Medicine (miscellaneous) (Q2); Ophthalmology (Q2); Sensory Systems (Q3); Cellular and Molecular Neuroscience (Q4)"
239;99805;Journal fur Hirnforschung;journal;00218359;0.403;Q3;2;0;2;0;5;2;5;0;Germany;Western Europe;Akademie Verlag GMBH;1956-1959, 1962-1971, 1973-1999;Neuroscience (miscellaneous) (Q3)
240;23635;Adaptive Behavior;journal;17412633, 10597123;0.391;Q4;54;14;45;297;45;43;0.97;21.21;United Kingdom;Western Europe;SAGE Publications Ltd;1992-2021;"Experimental and Cognitive Psychology (Q3); Behavioral Neuroscience (Q4)"
241;24051;Somatosensory and Motor Research (discontinued);journal;13691651, 08990220;0.38;Q3;50;29;142;1129;89;142;0.79;38.93;United Kingdom;Western Europe;Informa Healthcare;1983-2017, 2021;"Physiology (Q3); Sensory Systems (Q3)"
242;28675;Brazilian Journal of Medical and Biological Research;journal;0100879X, 1414431X;0.373;Q3;91;202;595;5977;532;594;0.89;29.59;Brazil;Latin America;Associacao Brasileira de Divulgacao Cientifica;1973-2021;"Medicine (miscellaneous) (Q2); Pharmacology, Toxicology and Pharmaceutics (miscellaneous) (Q2); Biochemistry (Q3); Biophysics (Q3); Immunology (Q3); Neuroscience (miscellaneous) (Q3); Physiology (Q3); Cell Biology (Q4)"
243;15518;Epileptic Disorders;journal;19506945, 12949361;0.371;Q3;55;58;94;1896;96;87;1.02;32.69;United States;Northern America;Wiley-Blackwell;1999-2021;"Medicine (miscellaneous) (Q2); Neurology (Q3); Neurology (clinical) (Q3)"
244;145007;Clinical EEG and Neuroscience;journal;15500594;0.369;Q3;57;30;109;775;104;99;0.96;25.83;United States;Northern America;SAGE Publications Inc.;1970-1985, 1988-2021;"Medicine (miscellaneous) (Q2); Neurology (Q3); Neurology (clinical) (Q3)"
245;14899;Clinical Neuropathology;journal;07225091;0.363;Q3;44;41;138;924;127;135;0.61;22.54;Germany;Western Europe;Dustri-Verlag Dr. Karl Feistle;1982-2021;"Medicine (miscellaneous) (Q2); Pathology and Forensic Medicine (Q2); Neurology (Q3); Neurology (clinical) (Q3)"
246;22507;Invertebrate Neuroscience;journal;13542516, 14391104;0.357;Q4;37;5;14;204;9;14;0.86;40.8;Germany;Western Europe;Springer Verlag;1995-1999, 2001-2020;"Cellular and Molecular Neuroscience (Q4); Developmental Neuroscience (Q4)"
247;16102;Human Psychopharmacology;journal;10991077, 08856222;0.351;Q3;80;85;239;3396;241;206;0.91;39.95;United Kingdom;Western Europe;John Wiley and Sons Ltd;1986-2021;"Pharmacology (medical) (Q2); Psychiatry and Mental Health (Q2); Neurology (Q3); Neurology (clinical) (Q3)"
248;18712;Psychiatry and Clinical Neurosciences;journal;14401819, 13231316;0.335;Q3;82;146;534;2232;356;528;0.64;15.29;United Kingdom;Western Europe;Wiley-Blackwell Publishing Ltd;1933, 1947-2021;"Medicine (miscellaneous) (Q2); Psychiatry and Mental Health (Q2); Neurology (Q3); Neurology (clinical) (Q3); Neuroscience (miscellaneous) (Q3)"
249;17540;Acta Neurobiologiae Experimentalis;journal;00651400, 16890035;0.334;Q3;56;30;121;925;92;120;0.75;30.83;Poland;Eastern Europe;Nencki Institute of Experimental Biology;1970-2021;"Medicine (miscellaneous) (Q2); Neuroscience (miscellaneous) (Q3)"
250;15127;Bulletin de la Societe Belge d'Ophtalmologie;journal;00810746;0.33;Q4;23;42;131;403;55;131;0.34;9.6;Belgium;Western Europe;Societe Belge d'Ophtalmologie;1945, 1951-2013;"Ophthalmology (Q2); Sensory Systems (Q4)"
251;15428;Journal of Communication Disorders;journal;00219924, 18737994;0.322;Q4;70;30;84;1122;63;79;0.69;37.4;United States;Northern America;Elsevier Inc.;1967-2021;"Linguistics and Language (Q2); LPN and LVN (Q2); Speech and Hearing (Q2); Cognitive Neuroscience (Q4); Experimental and Cognitive Psychology (Q4)"
252;39571;NeuroScience News;journal;10276599;0.318;Q3;8;36;87;1734;45;76;0.53;48.17;Netherlands;Western Europe;"G&amp;B Magazines";1998-2001;Neuroscience (miscellaneous) (Q3)
253;21100778814;Brain and Mind;journal;13891987, 15733300;0.311;Q3;17;22;29;1048;11;23;0.38;47.64;Netherlands;Western Europe;Springer Science + Business Media;2000-2003;Neuroscience (miscellaneous) (Q3)
254;17973;Neuromodulation;journal;15251403, 10947159;0.31;Q3;64;45;83;755;98;73;1.26;16.78;United Kingdom;Western Europe;Wiley-Blackwell Publishing Ltd;1998-2021;"Anesthesiology and Pain Medicine (Q2); Medicine (miscellaneous) (Q2); Neurology (Q3); Neurology (clinical) (Q3)"
255;17997;Neurophysiologie Clinique;journal;09877053, 17697131;0.302;Q3;66;32;97;1729;94;87;1.2;54.03;France;Western Europe;Elsevier Masson s.r.l.;1988-2021;"Medicine (miscellaneous) (Q2); Neurology (Q3); Neurology (clinical) (Q3); Physiology (medical) (Q3)"
256;18572;Parkinsonism and Related Disorders;journal;18735126, 13538020;0.296;Q3;105;58;115;2185;71;112;0.65;37.67;Netherlands;Western Europe;Elsevier BV;1995-2021;"Geriatrics and Gerontology (Q2); Neurology (Q3); Neurology (clinical) (Q3)"
257;13163;Epilepsy and Behavior;journal;15255050, 15255069;0.293;Q3;110;86;49;3234;51;49;1.04;37.6;United States;Northern America;Academic Press Inc.;2000-2021;"Neurology (Q3); Neurology (clinical) (Q3); Behavioral Neuroscience (Q4)"
258;19307;Revue Neurologique;journal;00353787;0.289;Q3;51;271;527;7989;362;470;0.59;29.48;France;Western Europe;Elsevier Masson s.r.l.;1946-1947, 1950-1961, 1963-2021;"Neurology (Q3); Neurology (clinical) (Q3)"
259;17642;Alzheimer's Reports;journal;14616130;0.282;Q3;14;0;134;0;92;134;0.73;0;United Kingdom;Western Europe;Cardiff University;1998-2000;"Neurology (Q3); Neurology (clinical) (Q3)"
260;12798;Perceptual and Motor Skills;journal;1558688X, 00315125;0.278;Q4;73;288;1229;5285;419;1229;0.3;18.35;United States;Northern America;SAGE Publications Inc.;1962-2021;"Experimental and Cognitive Psychology (Q4); Sensory Systems (Q4)"
261;13742;International Tinnitus Journal;journal;09465448;0.276;Q4;31;26;93;381;35;87;0.2;14.65;United States;Northern America;Tinnitus Center;1998-2021;"Otorhinolaryngology (Q3); Speech and Hearing (Q3); Sensory Systems (Q4)"
262;12886;Cognitive Systems Research;journal;13890417;0.274;Q4;56;16;13;95;10;13;0.77;5.94;Netherlands;Western Europe;Elsevier;1999-2021;"Artificial Intelligence (Q3); Cognitive Neuroscience (Q4); Experimental and Cognitive Psychology (Q4)"
263;34698;Neurobiology;journal;12168068, 12168063;0.274;Q3;20;22;103;311;48;85;0.46;14.14;Hungary;Eastern Europe;Akademiai Kiado;1973-1975, 1993-2001;Neuroscience (miscellaneous) (Q3)
264;15506;Journal of Fluency Disorders;journal;0094730X, 1873801X;0.273;Q4;59;17;58;837;19;48;0.37;49.24;United States;Northern America;Elsevier Inc.;1974, 1977-2021;"Linguistics and Language (Q2); LPN and LVN (Q2); Speech and Hearing (Q3); Cognitive Neuroscience (Q4); Experimental and Cognitive Psychology (Q4)"
265;71051;Psyche;journal;1039723X;0.273;Q4;18;17;14;174;8;13;0.7;10.24;United States;Northern America;Association for the Scientific Study of Conciousness;1997-1998, 2000-2010;"Philosophy (Q2); Artificial Intelligence (Q3); Cognitive Neuroscience (Q4); Experimental and Cognitive Psychology (Q4)"
266;21100235630;Amyotrophic Lateral Sclerosis and Frontotemporal Degeneration;journal;21679223, 21678421;0.268;Q3;79;54;107;1300;50;83;0.47;24.07;United Kingdom;Western Europe;Informa Healthcare;2013-2021;"Medicine (miscellaneous) (Q2); Neurology (Q3); Neurology (clinical) (Q3)"
267;5300152517;International Journal on Disability and Human Development;journal;21910367, 21911231;0.268;Q4;26;58;66;1628;38;61;0.58;28.07;Germany;Western Europe;Nova Science Publishers, Inc.;1999-2003, 2005-2021;"Advanced and Specialized Nursing (Q1); Geriatrics and Gerontology (Q2); Rehabilitation (Q2); Psychiatry and Mental Health (Q3); Speech and Hearing (Q3); Sensory Systems (Q4)"
268;28533;American Journal of Alzheimer's Disease and other Dementias;journal;15333175;0.267;Q3;64;60;125;879;69;109;0.5;14.65;United States;Northern America;SAGE Publications Inc.;1986-2021;"Geriatrics and Gerontology (Q2); Clinical Psychology (Q3); Neuroscience (miscellaneous) (Q3); Psychiatry and Mental Health (Q3)"
269;57765;Journal of Serotonin Research;journal;13507702;0.263;Q3;8;0;6;0;5;6;0;0;Netherlands;Western Europe;Koninklijke Nederlandse Maatschappij voor Diergeneeskunde;1994-1998;"Neuroscience (miscellaneous) (Q3); Pharmacology (Q3)"
270;56695;Journal of Epilepsy;journal;08966974;0.261;Q3;21;0;57;0;33;55;0;0;Netherlands;Western Europe;Elsevier BV;1988-1998;"Neurology (clinical) (Q3); Neuroscience (miscellaneous) (Q3)"
271;145567;Pragmatics and Cognition;journal;15699943, 09290907;0.261;Q4;35;11;41;409;18;39;0.33;37.18;Netherlands;Western Europe;John Benjamins Publishing Company;1993-2014, 2016-2019;"History and Philosophy of Science (Q2); Linguistics and Language (Q2); Computer Science (miscellaneous) (Q3); Behavioral Neuroscience (Q4)"
272;24578;Mathematical Medicine and Biology;journal;14778599;0.26;Q3;46;19;64;472;38;64;0.41;24.84;United Kingdom;Western Europe;Oxford University Press;1984-2021;"Biochemistry, Genetics and Molecular Biology (miscellaneous) (Q2); Environmental Science (miscellaneous) (Q2); Medicine (miscellaneous) (Q2); Applied Mathematics (Q3); Immunology and Microbiology (miscellaneous)  (Q3); Modeling and Simulation (Q3); Neuroscience (miscellaneous) (Q3); Pharmacology (Q3)"
273;18055;Neuroscience Research Communications;journal;15206769, 08936609;0.257;Q3;20;40;137;1184;81;136;0.63;29.6;United States;Northern America;"John Wiley &amp; Sons Inc.";1987-2004;Neuroscience (miscellaneous) (Q3)
274;17438;Der Nervenarzt;journal;14330407, 00282804;0.256;Q4;45;161;546;4670;491;502;0.92;29.01;Germany;Western Europe;Springer Verlag;1947-2021;"Medicine (miscellaneous) (Q2); Neurology (clinical) (Q3); Psychiatry and Mental Health (Q3); Neurology (Q4)"
275;16177;International Journal of Neuroscience;journal;00207454, 15635279;0.25;Q3;68;114;202;3158;129;202;0.55;27.7;United Kingdom;Western Europe;Informa Healthcare;1970-1973, 1975-2021;"Medicine (miscellaneous) (Q2); Neuroscience (miscellaneous) (Q3)"
276;24802;Neural Network World;journal;23364335, 12100552;0.248;Q3;27;53;116;781;36;112;0.44;14.74;Czech Republic;Eastern Europe;Czech Technical University in Prague;1994-2021;"Hardware and Architecture (Q3); Neuroscience (miscellaneous) (Q3); Software (Q3); Artificial Intelligence (Q4)"
277;33648;Neurorehabilitation and Neural Repair;journal;15459683;0.247;Q4;115;34;92;850;46;90;0.48;25;United States;Northern America;SAGE Publications Inc.;1987-2021;"Rehabilitation (Q2); Neurology (clinical) (Q3); Neurology (Q4)"
278;30066;Journal of Psychophysiology;journal;21512124, 02698803;0.237;Q3;48;21;78;782;37;68;0.4;37.24;United States;Northern America;Hogrefe Publishing;1987-2021;"Neuropsychology and Physiological Psychology (Q3); Neuroscience (miscellaneous) (Q3); Physiology (Q4)"
279;14287;Behavioural Neurology;journal;09534180, 18758584;0.236;Q4;52;13;53;312;20;51;0.23;24;Netherlands;Western Europe;Hindawi Limited;1988-1998, 2000-2001, 2003-2021;"Medicine (miscellaneous) (Q2); Neurology (clinical) (Q3); Neuropsychology and Physiological Psychology (Q3); Neurology (Q4)"
280;15664;Functional Neurology;journal;19713274, 03935264;0.223;Q3;45;71;114;2148;88;114;0.69;30.25;Italy;Western Europe;CIC Edizioni Internazionali s.r.l.;1986-2019;"Medicine (miscellaneous) (Q2); Neurology (clinical) (Q3); Neuroscience (miscellaneous) (Q3)"
281;18122;Nutritional Neuroscience;journal;14768305, 1028415X;0.222;Q3;63;38;101;2328;49;101;0.49;61.26;United Kingdom;Western Europe;Maney Publishing;1998-2021;"Medicine (miscellaneous) (Q2); Neuroscience (miscellaneous) (Q3); Nutrition and Dietetics (Q3)"
282;94948;World Journal of Biological Psychiatry;journal;18141412, 15622975;0.222;Q4;75;32;38;1453;14;31;0.37;45.41;United Kingdom;Western Europe;Taylor and Francis Ltd.;2000-2021;"Medicine (miscellaneous) (Q2); Psychiatry and Mental Health (Q3); Biological Psychiatry (Q4)"
283;17970;Neurology Psychiatry and Brain Research;journal;09419500, 22128581;0.206;Q4;19;28;94;1304;48;94;0.34;46.57;Germany;Western Europe;Elsevier GmbH;1992-2009, 2011-2020;"Neurology (clinical) (Q3); Psychiatry and Mental Health (Q3); Neuroscience (miscellaneous) (Q4)"
284;16683;Journal of Clinical Neuroscience;journal;09675868, 15322653;0.201;Q4;85;163;415;3571;143;401;0.43;21.91;United States;Northern America;Churchill Livingstone;1994-2021;"Medicine (miscellaneous) (Q2); Neurology (clinical) (Q3); Neurology (Q4); Physiology (medical) (Q4)"
285;17492;Neuroendocrinology Letters;journal;0172780X;0.197;Q4;68;72;149;2008;73;124;0.52;27.89;Sweden;Western Europe;Maghira and Maas Publications;1979-1982, 1984-1995, 1997-2021;"Medicine (miscellaneous) (Q2); Endocrinology (Q3); Endocrinology, Diabetes and Metabolism (Q3); Neurology (clinical) (Q3); Psychiatry and Mental Health (Q3); Endocrine and Autonomic Systems (Q4); Neurology (Q4)"
286;10600153338;Integrative Psychological and Behavioral Science;journal;19324502, 19363567;0.194;Q4;37;20;79;1057;42;75;0.41;52.85;United States;Northern America;Springer New York;1969, 1976, 1991, 2007-2021;"Cultural Studies (Q1); Philosophy (Q2); Anthropology (Q3); Applied Psychology (Q4); Behavioral Neuroscience (Q4); Experimental and Cognitive Psychology (Q4); Neuropsychology and Physiological Psychology (Q4); Social Psychology (Q4)"
287;77270;Neuro-Orthopedics;journal;01777955;0.188;Q4;6;0;58;0;10;56;0.18;0;Germany;Western Europe;Springer Verlag;1987-2000;"Surgery (Q3); Neuroscience (miscellaneous) (Q4)"
288;15633;Fortschritte der Neurologie Psychiatrie;journal;14393522, 07204299;0.187;Q4;33;99;271;5226;152;262;0.62;52.79;Germany;Western Europe;Georg Thieme Verlag;1955-1963, 1973-2021;"Medicine (miscellaneous) (Q2); Neurology (clinical) (Q3); Psychiatry and Mental Health (Q3); Neurology (Q4)"
289;21100204931;Sistemi Intelligenti;journal;11209550, 19738226;0.187;Q4;7;29;97;894;10;81;0.1;30.83;Italy;Western Europe;Il Mulino publishing house;1997-2021;"Linguistics and Language (Q2); Artificial Intelligence (Q4); Cognitive Neuroscience (Q4); Experimental and Cognitive Psychology (Q4)"
290;14224;Arquivos de Neuro-Psiquiatria;journal;16784227, 0004282X;0.182;Q4;52;194;495;4269;166;489;0.32;22.01;Brazil;Latin America;Arquivos de Neuro-Psiquiatria;1945-1965, 1971-2021;"Neurology (clinical) (Q3); Biological Psychiatry (Q4)"
291;16468;Pain Reviews;journal;09681302, 14770318;0.182;Q4;17;13;49;1157;33;47;0.32;89;United Kingdom;Western Europe;Hodder Arnold Journals;1995-2002;"Anesthesiology and Pain Medicine (Q2); Neuroscience (miscellaneous) (Q4)"
292;16893;Biogenic Amines;journal;15693910, 01688561;0.176;Q4;15;33;98;1025;37;97;0.31;31.06;Slovenia;Eastern Europe;Society of Integrated Sciences;1989-2007;"Pharmacology (Q3); Neuroscience (miscellaneous) (Q4)"
293;5800210947;Heythrop Journal - Quarterly Review of Philosophy and Theology;journal;00181196;0.171;-;11;18;52;808;8;47;0.24;44.89;United States;Northern America;Wiley-Blackwell;1960-2021;"Religious Studies (Q1); Philosophy (Q2)"
294;18153;Pain Research and Management;journal;19181523, 12036765;0.162;Q4;60;29;67;1043;18;56;0.25;35.97;Canada;Northern America;Hindawi Limited;1996-2021;"Anesthesiology and Pain Medicine (Q2); Neurology (Q4)"
295;17554;Acta Neuropsychiatrica;journal;16015215, 09242708;0.161;Q4;36;18;102;674;26;97;0.27;37.44;United Kingdom;Western Europe;Cambridge University Press;1989-2004, 2006-2021;"Psychiatry and Mental Health (Q3); Biological Psychiatry (Q4)"
296;33502;Acupuncture and Electro-Therapeutics Research;journal;03601293, 21679010;0.16;Q4;26;16;86;296;21;85;0.22;18.5;United States;Northern America;Cognizant Communication Corporation;1976-2021;"Anesthesiology and Pain Medicine (Q3); Complementary and Alternative Medicine (Q3); Neuroscience (miscellaneous) (Q4)"
297;16091;Homeostasis in Health and Disease;journal;09607560;0.159;Q4;0;0;0;0;0;0;0;0;Czech Republic;Eastern Europe;Czechoslovak Medical Society J. Ev. Purkyne;1991-1992, 1994-2001, 2003-2006;"Psychiatry and Mental Health (Q3); Neuroscience (miscellaneous) (Q4)"
298;19292;Revue de Neuropsychologie;journal;11554452;0.153;Q4;10;21;59;812;26;59;0.26;38.67;France;Western Europe;Association pour la Diffusion des Recherches en Sciences Cognitives de Langue Francaise;1996-2004;"Neuroscience (miscellaneous) (Q4); Psychology (miscellaneous) (Q4)"
299;12453;Acta Biologica Hungarica;journal;1588256X, 02365383;0.152;Q4;0;0;0;0;0;0;0;0;Hungary;Eastern Europe;Akademiai Kiado;1983-2018;"Biochemistry, Genetics and Molecular Biology (miscellaneous) (Q3); Environmental Science (miscellaneous) (Q3); Neurology (Q4)"
300;18043;Neuroscience and Behavioral Physiology;journal;1573899X, 00970549;0.15;Q4;33;104;317;2297;48;317;0.12;22.09;United States;Northern America;Springer New York;1967-1970, 1972-1973, 1976-1978, 1980-2021;Neuroscience (miscellaneous) (Q4)
301;28222;Journal of Neuroscience Nursing;journal;08880395;0.147;Q4;46;45;142;617;53;132;0.28;13.71;United States;Northern America;Lippincott Williams and Wilkins Ltd.;1986-2021;"Medical and Surgical Nursing (Q2); Neurology (clinical) (Q3); Surgery (Q3); Endocrine and Autonomic Systems (Q4)"
302;7100153145;Developmental Neurorehabilitation;journal;17518423;0.146;Q4;57;27;50;1052;23;49;0.44;38.96;United Kingdom;Western Europe;Informa Healthcare;1997-1999, 2002-2003, 2005-2021;"Medicine (miscellaneous) (Q3); Pediatrics, Perinatology and Child Health (Q3); Rehabilitation (Q3); Developmental Neuroscience (Q4)"
303;17969;Neurology India;journal;19984022, 00283886;0.146;Q4;51;117;307;2409;54;249;0.19;20.59;India;Asiatic Region;Wolters Kluwer Medknow Publications;1965-1979, 1981-1984, 1986-1988, 1994-2021;"Neurology (clinical) (Q3); Neurology (Q4)"
304;16187;International MS Journal;journal;13528963, 14693410;0.144;Q4;24;14;45;338;20;35;0.43;24.14;United Kingdom;Western Europe;Cambridge Medical Publications;1997-2011;"Medicine (miscellaneous) (Q3); Neurology (clinical) (Q3); Neurology (Q4)"
305;14322;Brain and Nerve;journal;00068969;0.14;Q4;20;173;472;3440;64;471;0.12;19.88;Japan;Asiatic Region;Igaku-Shoin Ltd;1960-2008;Neuroscience (miscellaneous) (Q4)
306;24068;Zhurnal Vysshei Nervnoi Deyatelnosti Imeni I.P. Pavlova;journal;00444677;0.139;Q4;15;118;386;2074;41;385;0.09;17.58;Russian Federation;Eastern Europe;Maik Nauka Publishing / Springer SBM;1951-2021;"Medicine (miscellaneous) (Q3); Neuroscience (miscellaneous) (Q4)"
307;17462;Neuropsychoanalysis;journal;15294145, 20443978;0.138;Q4;27;49;106;865;22;66;0.21;17.65;United Kingdom;Western Europe;Taylor and Francis Ltd.;1999-2021;"Neuropsychology and Physiological Psychology (Q4); Neuroscience (miscellaneous) (Q4)"
308;22573;Research in Community and Mental Health;book series;01920812;0.138;Q4;7;0;7;0;2;7;0.29;0;United States;Northern America;Emerald Group Publishing Ltd.;1981, 2000, 2003-2004, 2006;"Social Sciences (miscellaneous) (Q3); Behavioral Neuroscience (Q4)"
309;5700169289;Journal of Sexual Aggression;journal;17426545, 13552600;0.137;Q4;37;12;32;284;6;26;0.19;23.67;United Kingdom;Western Europe;Taylor and Francis Ltd.;1994, 1996-1997, 1999-2021;Behavioral Neuroscience (Q4)
310;55682;Journal of Brain Research;journal;09448160;0.133;Q4;19;0;61;0;28;61;0.27;0;Germany;Western Europe;Akademie Verlag GMBH;1994-1999;"Neuropsychology and Physiological Psychology (Q4); Neuroscience (miscellaneous) (Q4)"
311;15873;Journal of Clinical Neuromuscular Disease;journal;15371611, 15220443;0.13;Q4;30;40;62;787;10;58;0.16;19.68;United States;Northern America;Lippincott Williams and Wilkins Ltd.;1999-2021;"Medicine (miscellaneous) (Q3); Neurology (Q4); Neurology (clinical) (Q4)"
312;18671;Psychiatria et Neurologia Japonica - Seishin Shinkeigaku Zasshi;journal;00332658;0.127;Q4;13;95;166;733;14;166;0.04;7.72;Japan;Asiatic Region;Japanese Society of Psychiatry and Neurology;1959, 1961-2016;"Medicine (miscellaneous) (Q3); Neuroscience (miscellaneous) (Q4)"
313;15512;Epilepsies;journal;19506937, 11496576;0.126;Q4;9;38;81;688;19;73;0.08;18.11;France;Western Europe;John Libbey Eurotext;1989-2010;"Neurology (Q4); Neurology (clinical) (Q4)"
314;19700177331;Zeitschrift fur Neuropsychologie;journal;1016264X;0.124;Q4;12;36;50;1364;10;46;0.2;37.89;Switzerland;Western Europe;"Hogrefe Publishing GmbH &amp; Co. KG";1999-2003, 2010-2021;"Cognitive Neuroscience (Q4); Neuropsychology and Physiological Psychology (Q4); Psychiatry and Mental Health (Q4)"
315;16819;Journal of the History of the Neurosciences;journal;17445213, 0964704X;0.122;Q4;28;29;94;915;12;83;0.15;31.55;United Kingdom;Western Europe;Taylor and Francis Ltd.;1992-2021;"History and Philosophy of Science (Q3); Neurology (clinical) (Q4); Neuroscience (miscellaneous) (Q4)"
316;23358;BMC Neuroscience;journal;14712202;0.121;Q4;101;21;1;976;0;1;0;46.48;United Kingdom;Western Europe;BioMed Central Ltd.;2000-2021;"Cellular and Molecular Neuroscience (Q4); Neuroscience (miscellaneous) (Q4)"
317;19909;Journal of the Japan Epilepsy Society;journal;09120890, 13475509;0.12;Q4;4;22;64;265;4;58;0.09;12.05;Japan;Asiatic Region;Japan Epilepsy Society;1983-2021;"Neurology (Q4); Neurology (clinical) (Q4)"
318;17992;Neurophysiology;journal;15739007, 00902977;0.119;Q4;16;59;294;1628;24;293;0.06;27.59;United States;Northern America;Springer New York;1969-2020;"Neuroscience (miscellaneous) (Q4); Physiology (Q4)"
319;20008;Chinese Journal of Psychiatry;journal;10067884;0.117;-;6;0;104;0;4;104;0;0;China;Asiatic Region;Zhonghua Yixuehui Zazhishe;1998-1999, 2021;Psychiatry and Mental Health (Q4)
320;17551;Acta Neurologica Taiwanica;journal;1028768X, 10196099;0.115;Q4;26;40;97;645;4;95;0;16.13;Taiwan;Asiatic Region;Taiwan Neurological Society;1997-2021;"Medicine (miscellaneous) (Q3); Neurology (Q4); Neurology (clinical) (Q4)"
321;91878;Archivos de Neurociencias;journal;10285938;0.115;Q4;5;46;74;913;5;64;0.07;19.85;Mexico;Latin America;Instituto Nacional de Neurologia y Neurocirugia Manuel Velosco Suarez;1999-2021;"Neurology (Q4); Neurology (clinical) (Q4)"
322;40828;Ophtalmologie;journal;09893105;0.11;Q4;4;0;22;0;5;22;0;0;France;Western Europe;Societe francaise d'ophtalmologie;1987-1998;"Ophthalmology (Q4); Sensory Systems (Q4)"
323;14924;Confinia Cephalalgica;journal;11220279;0.109;Q4;4;24;83;549;4;67;0.06;22.88;Italy;Western Europe;Mattioli1885;1993-2021;"Neurology (Q4); Neurology (clinical) (Q4)"
324;71103;Neurology and Clinical Neurophysiology;journal;15268748;0.107;Q4;17;3;3;96;0;3;0;32;United States;Northern America;American Academy of Clinical Neurophysiology;2000-2005;"Medicine (miscellaneous) (Q3); Neuroscience (miscellaneous) (Q4)"
325;16666;Journal of Brain Science;journal;13415301;0.105;Q4;4;0;30;0;4;30;0.11;0;Japan;Asiatic Region;Japan Brain Science Society;1997-1999, 2006-2009, 2011-2014, 2016-2018;Neuroscience (miscellaneous) (Q4)
326;13865;Evidence-Based Eye Care;journal;15364836, 15258599;0.104;Q4;6;107;112;327;3;101;0.03;3.06;United States;Northern America;Lippincott Williams and Wilkins Ltd.;1999-2005;"Ophthalmology (Q4); Sensory Systems (Q4)"
327;145668;Supplements to Clinical Neurophysiology;journal;1567424X;0.104;Q4;28;0;68;0;6;67;0.09;0;Netherlands;Western Europe;Elsevier;2000, 2002-2004, 2006, 2009-2010, 2013;"Neurology (clinical) (Q4); Neuroscience (miscellaneous) (Q4)"
328;66910;Alzheimer's Research;journal;1356918X;0.103;Q4;13;0;8;0;0;8;0;0;United Kingdom;Western Europe;Rapid Science Publishers;1996-1998;"Neuropsychology and Physiological Psychology (Q4); Neuroscience (miscellaneous) (Q4)"
329;13871;Eye Science;journal;10004432;0.103;Q4;14;64;198;47;2;198;0.01;0.73;China;Asiatic Region;Sun Yat-sen University of Medical Sciences;1985-2008, 2010-2015;"Medicine (miscellaneous) (Q4); Ophthalmology (Q4); Sensory Systems (Q4)"
330;19314;Rivista di Neurobiologia;journal;00356336;0.103;Q4;3;106;223;1430;3;217;0.02;13.49;Italy;Western Europe;Editrice Pisani s.a.s.;1961, 1964-1974, 1976-2002;Neuroscience (miscellaneous) (Q4)
331;17606;African Journal of Neurological Sciences (discontinued);journal;10158618, 19922647;0.102;Q4;11;11;13;165;0;13;0;15;Egypt;Africa/Middle East;Pan African Association of Neurological Sciences;1982, 1988-1999, 2001-2017, 2020;"Neurology (Q4); Neurology (clinical) (Q4)"
332;15624;Focus on Parkinson's Disease;journal;09242015;0.102;Q4;3;6;15;136;0;9;0;22.67;Netherlands;Western Europe;Excerpta Medica;1997-2009, 2011-2012, 2014;"Neurology (Q4); Neurology (clinical) (Q4)"
333;19700180830;History of Neuroscience in Autobiography;book series;18746055;0.102;Q4;2;18;16;927;0;13;0;51.5;Netherlands;Western Europe;Elsevier;1998-1999, 2001, 2004, 2006;Neuroscience (miscellaneous) (Q4)
334;19259;Revista Brasileira de Neurologia e Psiquiatria;journal;14140365;0.102;Q4;2;0;35;0;1;30;0.03;0;Brazil;Latin America;Editora Cientifica Nacional Ltda;1999-2000, 2008-2010, 2013-2020;"Neurology (Q4); Neurology (clinical) (Q4); Neuropsychology and Physiological Psychology (Q4); Psychiatry and Mental Health (Q4)"
335;19287;Revista Ecuatoriana de Neurologia;journal;10198113;0.102;Q4;5;16;60;342;2;60;0.07;21.38;Ecuador;Latin America;Fundacion para la difusion neurologica en Ecuador - FUNDINE;1992-2012, 2014-2021;"Neurology (Q4); Neurology (clinical) (Q4)"
336;5100155028;Acta Endocrinologica;journal;1843066X, 18410987;0.101;Q4;14;0;23;0;1;23;0;0;Romania;Eastern Europe;Acta Endocrinologica Foundation;2005, 2008-2021;"Endocrine and Autonomic Systems (Q4); Endocrinology (Q4); Endocrinology, Diabetes and Metabolism (Q4)"
337;5300152235;Neuroscience Bulletin;journal;16737067;0.101;Q4;53;0;18;0;0;18;0;0;China;Asiatic Region;Springer Singapore;2005-2021;"Medicine (miscellaneous) (Q4); Neuroscience (miscellaneous) (Q4); Physiology (Q4)"
338;73721;South African journal of communication disorders. Die Suid-Afrikaanse tydskrif vir Kommunikasieafwykings, The;journal;03798046;0.101;-;12;6;25;0;1;25;0.06;0;South Africa;Africa;South African Speech And Hearing Association;1977-2021;Medicine (miscellaneous) (Q4)
339;20011;Chinese Journal of Neurology;journal;10067876;0.1;Q4;14;67;240;638;3;224;0.01;9.52;China;Asiatic Region;Chinese Medical Journals Publishing House Co.Ltd;1959, 1997-2021;"Neurology (Q4); Neurology (clinical) (Q4)"
340;57790;Clinical Eye and Vision Care;journal;09534431;0.1;Q4;9;0;87;0;0;81;0;0;Netherlands;Western Europe;Elsevier BV;1988-2000;"Ophthalmology (Q4); Sensory Systems (Q4)"
341;15680;Giornale di Neuropsicofarmacologia;journal;19711387, 03919048;0.1;Q4;1;19;67;224;0;67;0;11.79;Italy;Western Europe;CIC Edizioni Internazionali s.r.l.;1996-2008;"Neurology (clinical) (Q4); Neuropsychology and Physiological Psychology (Q4); Neuroscience (miscellaneous) (Q4); Pharmaceutical Science (Q4); Pharmacology (Q4); Pharmacology (medical) (Q4); Psychiatry and Mental Health (Q4)"
342;34397;SAGGI - Neuropsicologia Infantile Psicopedagogia Riabilitazione;journal;03905179;0.1;Q4;3;36;46;462;0;41;0;12.83;Italy;Western Europe;Associazione La Nostra Famiglia;1996-2001;"Neuroscience (miscellaneous) (Q4); Pediatrics, Perinatology and Child Health (Q4); Psychology (miscellaneous) (Q4)"
343;19700188600;Activitas Nervosa Superior;journal;18029698;;-;12;75;155;995;32;155;0.16;13.27;Switzerland;Western Europe;Springer International Publishing AG;2008-2020;"Behavioral Neuroscience; Biological Psychiatry; Cognitive Neuroscience; Neurology; Neurology (clinical); Psychiatry and Mental Health"
344;19700180838;Blue Books of Practical Neurology;book series;18773419;;-;6;18;0;1554;0;0;0;86.33;Netherlands;Western Europe;Elsevier BV;2001-2004;"Neurology; Neurology (clinical)"
345;14903;Clinical Neuroscience Research;journal;15662772;;-;36;54;0;4673;0;0;0;86.54;Netherlands;Western Europe;Elsevier BV;2001-2006;"Biological Psychiatry; Neurology; Neurology (clinical); Neuropsychology and Physiological Psychology; Psychiatry and Mental Health"
346;14989;Current Neurology and Neuroscience Reports;journal;15284042, 15346293;;-;77;81;0;3417;0;0;0;42.19;United States;Northern America;Current Medicine Group;2001-2021;"Neurology (clinical); Neuroscience (miscellaneous)"
347;11600153416;Current Protocols in Neuroscience;journal;19348584, 19348576;;-;45;119;0;293;0;0;0;2.46;United States;Northern America;"John Wiley &amp; Sons Inc.";2001-2020;"Medicine (miscellaneous); Neuroscience (miscellaneous)"
348;17600155117;Devenir;journal;10158154;;-;12;19;0;468;0;0;0;24.63;Switzerland;Western Europe;Editions Medecine et Hygiene;2001-2021;"Developmental and Educational Psychology; Developmental Neuroscience; Life-span and Life-course Studies; Pediatrics; Pediatrics, Perinatology and Child Health"
349;21370;Expert Review of Neurotherapeutics;journal;14737175, 17448360;;-;85;28;0;2001;0;0;0;71.46;United Kingdom;Western Europe;Taylor and Francis Ltd.;2001-2021;"Neurology (clinical); Neuroscience (miscellaneous); Pharmacology (medical)"
350;35452;Journal of Autonomic Pharmacology;journal;01441795;;-;26;35;130;1075;92;130;0.69;30.71;United Kingdom;Western Europe;Wiley-Blackwell Publishing Ltd;1980-2001;"Neuroscience (miscellaneous); Pharmacology"
351;7200153153;Journal of Epilepsy and Clinical Neurophysiology;journal;19805365, 16762649;;-;11;8;0;97;0;0;0;12.13;Brazil;Latin America;Liga Brasileira de Epilepsia;2001-2012;"Neurology; Neurology (clinical); Physiology (medical)"
352;14509;Journal of Vision;journal;15347362;;-;120;496;0;427;0;0;0;0.86;United States;Northern America;Association for Research in Vision and Ophthalmology Inc.;2001-2021;"Ophthalmology; Sensory Systems"
353;19700180775;NeuroImmune Biology;book series;15677443;;-;11;41;0;2062;0;0;0;50.29;Netherlands;Western Europe;Elsevier;2001-2005, 2007-2010;"Immunology; Neurology; Neurology (clinical)"
354;17955;Neurology in Practice;journal;14737086;;-;43;14;0;196;0;0;0;14;United Kingdom;Western Europe;BMJ Publishing Group;2001-2005;"Neuropsychology and Physiological Psychology; Neuroscience (miscellaneous)"
355;4100151703;Neuropsychiatric Disease and Treatment;journal;11766328;;-;74;1;0;15;0;0;0;15;New Zealand;Pacific Region;Dove Medical Press Ltd.;2001, 2006-2021;"Biological Psychiatry; Psychiatry and Mental Health"
356;18071;Neurotoxicity Research;journal;14763524, 10298428;;-;78;45;1;2485;0;1;0;55.22;United States;Northern America;Springer New York;1999, 2001-2021;"Neuroscience (miscellaneous); Toxicology"
357;14333;Thalamus and Related Systems;journal;14729288, 17448107;;-;23;22;0;1117;0;0;0;50.77;United Kingdom;Western Europe;Cambridge University Press;2001-2005, 2008;"Neurology (clinical); Neuroscience (miscellaneous)"
