Rank;Sourceid;Title;Type;Issn;SJR;SJR Best Quartile;H index;Total Docs. (2003);Total Docs. (3years);Total Refs.;Total Cites (3years);Citable Docs. (3years);Cites / Doc. (2years);Ref. / Doc.;Country;Region;Publisher;Coverage;Categories
1;18316;Journal of Veterinary Internal Medicine;journal;19391676, 08916640;1.306;Q1;110;131;293;4390;598;269;1.86;33.51;United States;Northern America;Wiley-Blackwell;1987-2021;"Medicine (miscellaneous) (Q1); Veterinary (miscellaneous) (Q1)"
2;19574;Veterinary Surgery;journal;1532950X, 01613499;1.213;Q1;82;71;202;2006;280;202;1.28;28.25;United States;Northern America;Wiley-Blackwell;1972-2021;Veterinary (miscellaneous) (Q1)
3;22916;Medical Mycology;journal;13693786, 14602709;1.186;Q1;92;67;248;2228;689;245;2.2;33.25;United Kingdom;Western Europe;Oxford University Press;1962-2021;"Infectious Diseases (Q1); Medicine (miscellaneous) (Q1); Veterinary (miscellaneous) (Q1)"
4;21376;Vaccine;journal;0264410X, 18732518;1.153;Q1;191;654;1597;21321;5232;1526;3.15;32.6;Netherlands;Western Europe;Elsevier BV;1983-2021;"Immunology and Microbiology (miscellaneous)  (Q1); Infectious Diseases (Q1); Public Health, Environmental and Occupational Health (Q1); Veterinary (miscellaneous) (Q1); Molecular Medicine (Q2)"
5;4700151709;Journal of Veterinary Cardiology;journal;17602734, 18750834;1.029;Q1;39;14;27;363;22;21;0.47;25.93;Netherlands;Western Europe;Elsevier;1999-2021;"Veterinary (miscellaneous) (Q1); Physiology (Q2)"
6;17102;Journal of the American Animal Hospital Association;journal;15473317, 05872871;0.94;Q1;69;79;250;1691;270;232;1.02;21.41;United States;Northern America;American Animal Hospital Association;1973-2021;Small Animals (Q1)
7;17777;Equine Veterinary Journal;journal;20423306, 04251644;0.929;Q1;92;134;354;3176;573;324;1.48;23.7;United States;Northern America;Wiley-Blackwell;1968-2021;"Equine (Q1); Medicine (miscellaneous) (Q1)"
8;20882;Veterinary Microbiology;journal;03781135, 18732542;0.905;Q1;135;204;664;6090;1239;659;1.64;29.85;Netherlands;Western Europe;Elsevier;1976-2021;"Medicine (miscellaneous) (Q1); Veterinary (miscellaneous) (Q1); Microbiology (Q2)"
9;17755;Domestic Animal Endocrinology;journal;18790054, 07397240;0.875;Q1;77;59;160;2302;402;160;2.64;39.02;United States;Northern America;Elsevier Inc.;1984-2022;"Animal Science and Zoology (Q1); Food Animals (Q1); Endocrinology (Q2)"
10;3300147807;Livestock Science;journal;18711413;0.855;Q1;116;151;424;5317;569;417;1.14;35.21;Netherlands;Western Europe;Elsevier;2006-2021;"Animal Science and Zoology (Q1); Veterinary (miscellaneous) (Q1)"
11;18838;Preventive Veterinary Medicine;journal;01675877, 18731716;0.846;Q1;100;105;300;2973;410;299;1.09;28.31;Netherlands;Western Europe;Elsevier;1982-2021;"Animal Science and Zoology (Q1); Food Animals (Q1)"
12;29580;Journal of Comparative Pathology;journal;00219975, 15323129;0.842;Q1;74;78;250;2524;386;250;1.38;32.36;United Kingdom;Western Europe;W.B. Saunders Ltd;1950-2021;"Pathology and Forensic Medicine (Q1); Veterinary (miscellaneous) (Q1)"
13;19538;Veterinary Pathology;journal;15442217, 03009858;0.842;Q1;94;111;330;2818;521;312;1.33;25.39;United States;Northern America;SAGE Publications Ltd;1964-2021;Veterinary (miscellaneous) (Q1)
14;17121;American Journal of Veterinary Research;journal;19435681, 00029645;0.841;Q1;94;224;881;7332;1217;866;1.29;32.73;United States;Northern America;American Veterinary Medical Association;1945-1947, 1949-2021;"Medicine (miscellaneous) (Q1); Veterinary (miscellaneous) (Q1)"
15;17123;Journal of the American Veterinary Medical Association;journal;00031488, 1943569X;0.837;Q1;116;488;1452;6593;1479;1220;0.95;13.51;United States;Northern America;American Veterinary Medical Association;1945-2021;Veterinary (miscellaneous) (Q1)
16;13527;Journal of Fish Diseases;journal;13652761, 01407775;0.825;Q1;88;79;216;2344;299;213;1.25;29.67;United Kingdom;Western Europe;Wiley-Blackwell Publishing Ltd;1978-2021;"Veterinary (miscellaneous) (Q1); Aquatic Science (Q2)"
17;19537;Veterinary Parasitology;journal;03044017, 18732550;0.81;Q1;131;256;732;6979;1251;724;1.72;27.26;Netherlands;Western Europe;Elsevier;1975-2021;"Medicine (miscellaneous) (Q1); Veterinary (miscellaneous) (Q1); Parasitology (Q2)"
18;18313;Journal of Veterinary Diagnostic Investigation;journal;19434936, 10406387;0.806;Q1;80;105;332;2151;474;332;1.09;20.49;United States;Northern America;SAGE Publications Inc.;1989-2021;Veterinary (miscellaneous) (Q1)
19;17689;Avian Pathology;journal;03079457, 14653338;0.805;Q1;86;72;213;2362;311;208;1.32;32.81;United Kingdom;Western Europe;Taylor and Francis Ltd.;1972-2021;"Animal Science and Zoology (Q1); Food Animals (Q1); Immunology and Microbiology (miscellaneous)  (Q2)"
20;20491;Journal of Medical Entomology;journal;00222585;0.741;Q1;104;154;450;4302;612;449;1.35;27.94;United States;Northern America;Oxford University Press;1964-2021;"Insect Science (Q1); Veterinary (miscellaneous) (Q1); Infectious Diseases (Q2); Parasitology (Q2)"
21;19555;Veterinary Research;journal;09284249, 12979716;0.727;Q1;109;58;159;2888;282;156;1.65;49.79;United Kingdom;Western Europe;BioMed Central Ltd.;1993-2021;Veterinary (miscellaneous) (Q1)
22;19516;Veterinary Clinics of North America - Small Animal Practice;journal;01955616, 18781306;0.699;Q1;73;75;220;4233;204;211;0.65;56.44;United Kingdom;Western Europe;W.B. Saunders Ltd;1978-2021;Small Animals (Q1)
23;24609;Applied Animal Behaviour Science;journal;01681591;0.674;Q1;116;127;363;4280;518;357;1.23;33.7;Netherlands;Western Europe;Elsevier;1984-2021;"Animal Science and Zoology (Q1); Food Animals (Q1)"
24;18903;Theriogenology;journal;0093691X, 18793231;0.67;Q1;137;288;890;9766;1651;874;1.55;33.91;United States;Northern America;Elsevier Inc.;1974-2021;"Animal Science and Zoology (Q1); Equine (Q1); Food Animals (Q1); Small Animals (Q1)"
25;19551;Veterinary Radiology and Ultrasound;journal;17408261, 10588183;0.67;Q1;63;102;267;2121;262;264;0.78;20.79;United Kingdom;Western Europe;Wiley-Blackwell Publishing Ltd;1992-2021;Veterinary (miscellaneous) (Q1)
26;21288;Acta Tropica;journal;18736254, 0001706X;0.667;Q1;106;166;383;5247;607;376;1.37;31.61;Netherlands;Western Europe;Elsevier;1945-2021;"Veterinary (miscellaneous) (Q1); Infectious Diseases (Q2); Insect Science (Q2); Parasitology (Q2)"
27;19520;Veterinary Immunology and Immunopathology;journal;01652427, 18732534;0.665;Q1;98;114;453;3807;828;451;1.82;33.39;Netherlands;Western Europe;Elsevier;1979-2021;"Veterinary (miscellaneous) (Q1); Immunology (Q3)"
28;36360;Animal Reproduction Science;journal;03784320, 18732232;0.644;Q2;110;99;388;4915;721;386;1.3;49.65;Netherlands;Western Europe;Elsevier;1936, 1978-2021;"Animal Science and Zoology (Q1); Medicine (miscellaneous) (Q1); Endocrinology (Q2); Food Animals (Q2)"
29;17726;Canadian Journal of Veterinary Research;journal;08309000;0.642;Q1;53;53;134;1297;185;134;1.3;24.47;Canada;Northern America;Canadian Veterinary Medical Association;1986-2021;"Medicine (miscellaneous) (Q1); Veterinary (miscellaneous) (Q1)"
30;54033;Feline Practice;journal;10576614;0.633;Q1;15;0;10;0;10;10;0;0;United States;Northern America;Veterinary Practice Publishing Co.;1996-2000;Small Animals (Q1)
31;17687;Avian Diseases;journal;00052086;0.624;Q2;83;218;421;4436;522;421;1.02;20.35;United States;Northern America;American Association of Avian Pathologists;1963, 1965-2021;"Animal Science and Zoology (Q1); Food Animals (Q2); Immunology and Microbiology (miscellaneous)  (Q2)"
32;17778;Medical and Veterinary Entomology;journal;0269283X, 13652915;0.614;Q1;86;64;190;2278;250;190;1.08;35.59;United Kingdom;Western Europe;Wiley-Blackwell Publishing Ltd;1987-2021;"Veterinary (miscellaneous) (Q1); Ecology, Evolution, Behavior and Systematics (Q2); Insect Science (Q2); Parasitology (Q2)"
33;18300;Journal of Small Animal Practice;journal;00224510, 17485827;0.594;Q1;71;124;366;1881;296;355;0.65;15.17;United States;Northern America;Wiley-Blackwell;1960-2021;Small Animals (Q1)
34;35770;Acta Agriculturae Scandinavica - Section A: Animal Science;journal;09064702, 16511972;0.589;Q2;40;25;121;695;138;120;1.26;27.8;United Kingdom;Western Europe;Taylor and Francis AS;1992-2018, 2020-2021;"Animal Science and Zoology (Q2); Food Animals (Q2)"
35;17676;Australian Veterinary Journal;journal;17510813, 00050423;0.568;Q1;62;187;579;2165;288;400;0.38;11.58;United States;Northern America;Wiley-Blackwell;1925-2021;"Medicine (miscellaneous) (Q1); Veterinary (miscellaneous) (Q1)"
36;19552;Veterinary Record;journal;00424900, 20427670;0.56;Q1;104;1010;2478;6602;1330;1156;0.48;6.54;United Kingdom;Western Europe;"John Wiley &amp; Sons Inc.";1945-1951, 1961, 1965-2021;"Medicine (miscellaneous) (Q1); Veterinary (miscellaneous) (Q1)"
37;92166;Small Ruminant Research;journal;09214488;0.55;Q2;87;118;403;3980;291;401;0.59;33.73;Netherlands;Western Europe;Elsevier;1988-2021;"Animal Science and Zoology (Q2); Food Animals (Q2)"
38;18851;Research in Veterinary Science;journal;15322661, 00345288;0.543;Q1;79;72;264;2306;310;261;1.01;32.03;Netherlands;Western Europe;Elsevier;1965-2021;Veterinary (miscellaneous) (Q1)
39;19524;Veterinary Journal;journal;15322971, 10900233;0.513;Q1;113;96;256;2811;260;192;1;29.28;United Kingdom;Western Europe;Bailliere Tindall Ltd;1997-2021;"Veterinary (miscellaneous) (Q1); Animal Science and Zoology (Q2)"
40;20340;Parasitology Research;journal;14321955, 09320113;0.498;Q1;98;285;590;7434;628;587;1.03;26.08;Germany;Western Europe;Springer Verlag;1987-2021;"Medicine (miscellaneous) (Q1); Veterinary (miscellaneous) (Q1); Infectious Diseases (Q2); Insect Science (Q2); Parasitology (Q2)"
41;18302;Journal of Swine Health and Production;journal;1537209X;0.49;Q2;38;63;107;610;69;97;0.59;9.68;United States;Northern America;American Association of Swine Veterinarians;1996-2021;"Animal Science and Zoology (Q2); Food Animals (Q2)"
42;22626;Laboratory Animals;journal;00236772, 17581117;0.487;Q2;67;41;153;1069;146;152;1.02;26.07;United Kingdom;Western Europe;SAGE Publications Ltd;1970-2021;"Animal Science and Zoology (Q2); Veterinary (miscellaneous) (Q2)"
43;19510;Veterinary Clinics of North America. Equine Practice;journal;15584224, 07490739;0.468;Q1;55;43;117;1812;133;114;0.71;42.14;United Kingdom;Western Europe;W.B. Saunders Ltd;1985-2021;Equine (Q1)
44;37794;Canadian Journal of Animal Science;journal;00083984;0.467;Q3;68;96;255;3512;193;255;0.75;36.58;Canada;Northern America;Agricultural Institute of Canada;1975, 1993-2021;"Animal Science and Zoology (Q2); Food Animals (Q3)"
45;22583;Journal of Medical Primatology;journal;00472565, 16000684;0.467;Q2;44;39;130;1195;135;124;0.77;30.64;United Kingdom;Western Europe;Blackwell Munksgaard;1972-2021;"Animal Science and Zoology (Q2); Veterinary (miscellaneous) (Q2)"
46;21502;Bulletin of the European Association of Fish Pathologists;journal;01080288;0.465;Q2;40;49;149;804;90;149;0.61;16.41;United Kingdom;Western Europe;FRS Marine Laboratory;1996-2021;"Small Animals (Q2); Aquatic Science (Q3)"
47;23129;Journal of Veterinary Pharmacology and Therapeutics;journal;01407783, 13652885;0.465;Q2;62;61;197;2388;201;191;0.89;39.15;United Kingdom;Western Europe;Wiley-Blackwell Publishing Ltd;1978-2021;"Pharmacology (Q2); Veterinary (miscellaneous) (Q2)"
48;19833;Mycopathologia;journal;15730832, 0301486X;0.453;Q2;78;59;191;1740;190;187;0.94;29.49;Netherlands;Western Europe;Springer Netherlands;1938-1941, 1943, 1948-1950, 1959-1962, 1973-2021;"Agronomy and Crop Science (Q2); Applied Microbiology and Biotechnology (Q2); Plant Science (Q2); Veterinary (miscellaneous) (Q2); Microbiology (Q3)"
49;19514;Veterinary Clinics of North America - Food Animal Practice;journal;07490720, 15584240;0.446;Q3;76;37;103;1820;82;98;0.57;49.19;United Kingdom;Western Europe;W.B. Saunders Ltd;1971-1978, 1985-2021;"Medicine (miscellaneous) (Q2); Food Animals (Q3)"
50;19504;Veterinary Clinical Pathology;journal;02756382, 1939165X;0.44;Q2;55;32;91;800;74;89;0.78;25;United States;Northern America;Wiley-Blackwell;1977-2021;"Medicine (miscellaneous) (Q2); Veterinary (miscellaneous) (Q2)"
51;23444;Journal of Animal Physiology and Animal Nutrition;journal;14390396, 09312439;0.439;Q3;58;50;139;1143;106;139;0.81;22.86;United Kingdom;Western Europe;Wiley-Blackwell Publishing Ltd;1983, 1986-2021;"Animal Science and Zoology (Q2); Food Animals (Q3)"
52;19518;Veterinary Dermatology;journal;09594493, 13653164;0.433;Q2;64;38;126;918;147;124;1.28;24.16;United Kingdom;Western Europe;Wiley-Blackwell Publishing Ltd;1990-2021;Veterinary (miscellaneous) (Q2)
53;18907;Tierarztliche Praxis Ausgabe K: Kleintiere - Heimtiere;journal;14341239, 25675842;0.427;Q2;20;62;170;1575;200;170;1.44;25.4;Germany;Western Europe;Georg Thieme Verlag;1997-2021;Small Animals (Q2)
54;19550;Veterinary Quarterly;journal;01652176, 18755941;0.421;Q2;50;14;113;836;100;109;0.69;59.71;United Kingdom;Western Europe;Taylor and Francis Ltd.;1979, 1982-2007, 2011-2021;"Medicine (miscellaneous) (Q2); Veterinary (miscellaneous) (Q2)"
55;19501;Veterinary and Comparative Orthopaedics and Traumatology;journal;25676911, 09320814;0.413;Q2;47;51;122;1143;62;115;0.36;22.41;Germany;Western Europe;Georg Thieme Verlag;1996-2021;"Animal Science and Zoology (Q2); Veterinary (miscellaneous) (Q2)"
56;18332;Kleintierpraxis;journal;00232076;0.408;Q2;13;72;180;1343;47;180;0.23;18.65;Germany;Western Europe;Verlag M. und H. Schaper GmbH;1996, 1998-2021;Small Animals (Q2)
57;19576;Veterinary Therapeutics;journal;15283593;0.398;Q2;35;39;119;877;83;119;0.6;22.49;United States;Northern America;Veterinary Learning Systems;2000-2010;Veterinary (miscellaneous) (Q2)
58;19660;Comparative Immunology, Microbiology and Infectious Diseases;journal;18781667, 01479571;0.395;Q2;59;36;79;1326;79;77;0.85;36.83;United Kingdom;Western Europe;Elsevier Ltd.;1978-2021;"Medicine (miscellaneous) (Q2); Veterinary (miscellaneous) (Q2); Immunology (Q3); Immunology and Allergy (Q3); Infectious Diseases (Q3); Microbiology (Q3)"
59;18295;Journal of Avian Medicine and Surgery;journal;10826742;0.392;Q2;32;36;117;531;59;112;0.3;14.75;United States;Northern America;Association of Avian Veterinarians;1996-2021;"Medicine (miscellaneous) (Q2); Small Animals (Q2)"
60;94447;Journal of Animal Breeding and Genetics;journal;09312668, 14390388;0.38;Q3;54;42;121;1066;97;121;0.73;25.38;United Kingdom;Western Europe;Wiley-Blackwell Publishing Ltd;1985-2021;"Animal Science and Zoology (Q2); Medicine (miscellaneous) (Q2); Food Animals (Q3)"
61;18355;New Zealand Veterinary Journal;journal;00480169, 11760710;0.379;Q2;57;61;169;1631;98;151;0.6;26.74;United Kingdom;Western Europe;Taylor and Francis Ltd.;1952-2021;"Medicine (miscellaneous) (Q2); Veterinary (miscellaneous) (Q2)"
62;18870;Schweizer Archiv fur Tierheilkunde;journal;00367281, 16642848;0.379;Q2;29;65;179;1038;76;175;0.38;15.97;Switzerland;Western Europe;Gesellschaft Schweizer Tierarztinnen und Tierarzte;1945-1951, 1961, 1965-2021;Veterinary (miscellaneous) (Q2)
63;17740;Compendium on Continuing Education for the Practicing Veterinarian;journal;01931903;0.372;Q2;36;87;277;3279;156;269;0.46;37.69;United States;Northern America;Veterinary Learning Systems;1996-2006;"Education (Q2); Veterinary (miscellaneous) (Q2)"
64;18807;Onderstepoort Journal of Veterinary Research;journal;22190635, 00302465;0.363;Q2;37;37;126;911;66;126;0.6;24.62;South Africa;Africa;AOSIS (Pty) Ltd;1965-2021;"Medicine (miscellaneous) (Q2); Veterinary (miscellaneous) (Q2)"
65;5200153105;Zoonoses and Public Health;journal;18631959, 18632378;0.359;Q2;69;97;278;2651;237;275;0.71;27.33;Germany;Western Europe;Wiley-Blackwell Publishing Ltd;2007-2021;"Public Health, Environmental and Occupational Health (Q2); Veterinary (miscellaneous) (Q2); Epidemiology (Q3); Immunology and Microbiology (miscellaneous)  (Q3); Infectious Diseases (Q3)"
66;21100805354;GeroScience;journal;25092715, 25092723;0.357;-;72;6;44;171;32;43;0.38;28.5;Switzerland;Western Europe;Springer International Publishing AG;2017-2021;"Geriatrics and Gerontology (Q2); Aging (Q3)"
67;18297;Journal of Feline Medicine and Surgery;journal;1098612X, 15322750;0.356;Q2;66;55;103;980;51;91;0.39;17.82;United Kingdom;Western Europe;SAGE Publications Inc.;1999-2021;Small Animals (Q2)
68;18319;Journal of Veterinary Medical Science;journal;13477439, 09167250;0.352;Q2;63;262;737;5722;535;737;0.68;21.84;Japan;Asiatic Region;Japanese Society of Veterinary Science;1991-2021;Veterinary (miscellaneous) (Q2)
69;19557;Veterinary Research Communications;journal;15737446, 01657380;0.344;Q2;57;233;187;3313;143;187;0.73;14.22;Netherlands;Western Europe;Springer Netherlands;1977-2021;"Medicine (miscellaneous) (Q2); Veterinary (miscellaneous) (Q2)"
70;21383;Comparative Medicine;journal;15320820;0.343;Q2;68;86;272;3167;206;229;0.69;36.83;United States;Northern America;American Association for Laboratory Animal Science;2000-2021;"Biochemistry, Genetics and Molecular Biology (miscellaneous) (Q2); Veterinary (miscellaneous) (Q2)"
71;38539;Animal Welfare;journal;09627286;0.342;Q2;70;77;125;1882;92;118;0.7;24.44;United Kingdom;Western Europe;Universities Federation for Animal Welfare;1994, 1996-2021;"Biochemistry, Genetics and Molecular Biology (miscellaneous) (Q2); Veterinary (miscellaneous) (Q2); Animal Science and Zoology (Q3)"
72;17776;Equine Veterinary Education;journal;20423292, 09577734;0.334;Q2;33;84;197;1547;96;178;0.47;18.42;United States;Northern America;Wiley-Blackwell;1989-2021;Equine (Q2)
73;101049;Archiv fur Geflugelkunde;journal;00039098;0.332;Q3;29;43;129;1111;49;129;0.29;25.84;Germany;Western Europe;Verlag Eugen Ulmer;1996-2015;"Animal Science and Zoology (Q3); Food Animals (Q3)"
74;61695;Journal of the South African Veterinary Association;journal;10199128, 22249435;0.331;Q2;33;32;157;542;67;148;0.33;16.94;South Africa;Africa;AOSIS (Pty) Ltd;1945, 1948, 1961, 1971-2021;"Medicine (miscellaneous) (Q2); Veterinary (miscellaneous) (Q2)"
75;17727;Canadian Veterinary Journal;journal;00085286;0.33;Q2;62;183;522;1763;203;374;0.31;9.63;Canada;Northern America;Canadian Veterinary Medical Association;1965-1982, 1986-2021;"Medicine (miscellaneous) (Q2); Veterinary (miscellaneous) (Q2)"
76;18937;Tropical Animal Health and Production;journal;15737438, 00494747;0.33;Q4;53;50;141;1112;54;140;0.37;22.24;Netherlands;Western Europe;Springer Netherlands;1969-2021;"Animal Science and Zoology (Q3); Food Animals (Q4)"
77;19512;Veterinary Clinics of North America - Exotic Animal Practice;journal;15584232, 10949194;0.325;Q3;40;38;109;1808;50;104;0.43;47.58;United Kingdom;Western Europe;W.B. Saunders Ltd;1998-2021;"Medicine (miscellaneous) (Q2); Small Animals (Q3)"
78;20337;Parasite;journal;1252607X, 17761042;0.315;Q2;48;57;227;1370;128;217;0.57;24.04;France;Western Europe;EDP Sciences;1994-2021;"Agricultural and Biological Sciences (miscellaneous) (Q2); Veterinary (miscellaneous) (Q2); Animal Science and Zoology (Q3); Infectious Diseases (Q3); Insect Science (Q3); Parasitology (Q3)"
79;19579;Wiener Tierarztliche Monatsschrift;journal;02539411, 0043535X;0.315;Q2;20;40;104;1253;28;104;0.28;31.33;Austria;Western Europe;Osterreichische Gesellschaft der Tierarztinnen und Tierarzte;1947-1949, 1961-1962, 1965-1978, 1996-2019;Veterinary (miscellaneous) (Q2)
80;11600153419;Topics in Companion Animal Medicine;journal;19389736;0.308;Q3;46;44;101;1184;56;101;0.24;26.91;United States;Northern America;W.B. Saunders Ltd;2008-2021;Small Animals (Q3)
81;17693;Berliner und Munchener Tierarztliche Wochenschrift;journal;14390299, 00059366;0.307;Q2;37;82;209;2359;148;206;0.72;28.77;Germany;Western Europe;Schluetersche GmbH und Co;1946-1949, 1961, 1965-2020;"Medicine (miscellaneous) (Q2); Veterinary (miscellaneous) (Q2)"
82;19536;Veterinary Ophthalmology;journal;14635224, 14635216;0.301;Q2;54;57;130;1558;89;125;0.68;27.33;United Kingdom;Western Europe;Wiley-Blackwell Publishing Ltd;1998-2021;Veterinary (miscellaneous) (Q2)
83;10300153305;Transboundary and Emerging Diseases;journal;18651674, 18651682;0.298;Q3;70;98;234;2396;171;234;0.64;24.45;United Kingdom;Western Europe;Wiley-Blackwell Publishing Ltd;2008-2021;"Medicine (miscellaneous) (Q2); Immunology and Microbiology (miscellaneous)  (Q3); Veterinary (miscellaneous) (Q3)"
84;18910;Tierarztliche Umschau;journal;00493864;0.29;Q3;14;98;220;1518;47;218;0.19;15.49;Germany;Western Europe;Terra Verlag GmbH;1948, 1961, 1974-1977, 1996-2020;Veterinary (miscellaneous) (Q3)
85;25245;Veterinary and Human Toxicology;journal;01456296;0.284;Q3;41;100;317;1598;176;298;0.46;15.98;United States;Northern America;Comparative Toxicology Laboratories;1977-2004;"Health, Toxicology and Mutagenesis (Q3); Toxicology (Q3); Veterinary (miscellaneous) (Q3)"
86;17077;Acta Veterinaria Scandinavica;journal;17510147, 0044605X;0.277;Q3;58;50;141;972;76;141;0.39;19.44;United Kingdom;Western Europe;BioMed Central Ltd.;1960-2021;"Medicine (miscellaneous) (Q2); Veterinary (miscellaneous) (Q3)"
87;17063;Acta Veterinaria Hungarica;journal;15882705, 02366290;0.271;Q3;36;51;155;1438;99;154;0.54;28.2;Hungary;Eastern Europe;Akademiai Kiado;1983-2021;Veterinary (miscellaneous) (Q3)
88;18331;Journal of Zoo and Wildlife Medicine;journal;10427260;0.27;Q3;47;64;237;1330;92;235;0.25;20.78;United States;Northern America;American Association of Zoo Veterinarians;1993-1994, 1996-2021;"Medicine (miscellaneous) (Q2); Animal Science and Zoology (Q3); Veterinary (miscellaneous) (Q3)"
89;27182;Experimental Animals;journal;13411357;0.265;Q3;45;78;172;1202;110;172;0.51;15.41;Japan;Asiatic Region;International Press Editing Centre Incorporation;1974-1980, 1995-2021;"Biochemistry, Genetics and Molecular Biology (miscellaneous) (Q2); Medicine (miscellaneous) (Q2); Animal Science and Zoology (Q3); Veterinary (miscellaneous) (Q3)"
90;74199;Deutsche Tierarztliche Wochenschrift;journal;03416593;0.263;Q3;27;109;282;2536;124;281;0.4;23.27;Germany;Western Europe;Verlag M. und H. Schaper GmbH;1947, 1965, 1971-2009;Veterinary (miscellaneous) (Q3)
91;19498;Veterinary Anaesthesia and Analgesia;journal;14672995, 14672987;0.26;Q3;57;28;65;60;41;62;0.73;2.14;United Kingdom;Western Europe;Elsevier Ltd.;1970-1974, 1976-1978, 1980, 1982-1986, 1988-2021;Veterinary (miscellaneous) (Q3)
92;17124;Journal of Veterinary Medicine Series C: Anatomia Histologia Embryologia;journal;14390264, 03402096;0.252;Q3;37;67;177;1445;112;176;0.72;21.57;United Kingdom;Western Europe;Wiley-Blackwell Publishing Ltd;1972-2021;"Medicine (miscellaneous) (Q2); Veterinary (miscellaneous) (Q3)"
93;22533;Journal of Applied Animal Research;journal;09741844, 09712119;0.251;Q3;29;58;167;747;42;167;0.27;12.88;United Kingdom;Western Europe;Taylor and Francis Ltd.;1992-2021;"Animal Science and Zoology (Q3); Veterinary (miscellaneous) (Q3)"
94;17657;Archives of Animal Nutrition;journal;14772817, 1745039X;0.248;Q3;53;37;136;1196;80;136;0.61;32.32;United Kingdom;Western Europe;Taylor and Francis Ltd.;1980, 1988-1989, 2003-2021;"Medicine (miscellaneous) (Q2); Animal Science and Zoology (Q3); Veterinary (miscellaneous) (Q3)"
95;18819;Pesquisa Veterinaria Brasileira;journal;0100736X, 16785150;0.244;Q3;38;26;78;912;23;77;0.15;35.08;Brazil;Latin America;Colegio Brasileiro de Patologia Animal;1996-2021;Veterinary (miscellaneous) (Q3)
96;110289;Veterinary Medicine;journal;87507943;0.242;Q3;21;118;221;1169;61;196;0.25;9.91;United States;Northern America;Advanstar Communications Inc.;1945-1951, 1996-2015;Small Animals (Q3)
97;18317;Journal of Veterinary Medical Education;journal;0748321X;0.239;Q3;37;74;80;799;65;72;0.82;10.8;Canada;Northern America;University of Toronto Press;1996-1998, 2000-2021;"Medicine (miscellaneous) (Q2); Education (Q3); Veterinary (miscellaneous) (Q3)"
98;27969;Journal of Equine Science;journal;13403516;0.238;Q2;18;14;49;324;15;49;0.24;23.14;Japan;Asiatic Region;Japanese Society of Equine Science;1994-2021;Equine (Q2)
99;24606;Anthrozoos;journal;08927936;0.236;Q3;56;26;66;675;33;66;0.49;25.96;United Kingdom;Western Europe;Taylor and Francis Ltd.;1990, 1992-1993, 1996-2021;"Anthropology (Q2); Sociology and Political Science (Q2); Animal Science and Zoology (Q3); Education (Q3); Veterinary (miscellaneous) (Q3)"
100;18296;Journal of Equine Veterinary Science;journal;15427412, 07370806;0.236;Q2;41;72;257;488;50;182;0.14;6.78;United Kingdom;Western Europe;W.B. Saunders Ltd;1981-2021;Equine (Q2)
101;98352;Praktische Tierarzt;journal;0032681X;0.236;Q3;17;87;253;1483;41;251;0.17;17.05;Germany;Western Europe;Schluetersche GmbH und Co;1976, 1980, 1996-2021;Veterinary (miscellaneous) (Q3)
102;19494;Veterinarni Medicina;journal;18059392, 03758427;0.234;Q3;51;50;158;1506;91;158;0.76;30.12;Czech Republic;Eastern Europe;Czech Academy of Agricultural Sciences;1971-2021;Veterinary (miscellaneous) (Q3)
103;89762;Turkish Journal of Veterinary and Animal Sciences;journal;13036181, 13000128;0.232;Q3;38;208;456;5324;77;453;0.15;25.6;Turkey;Middle East;TUBITAK;1996-2021;Veterinary (miscellaneous) (Q3)
104;17062;Acta Veterinaria Brno;journal;18017576, 00017213;0.229;Q3;40;81;175;2047;76;175;0.4;25.27;Czech Republic;Eastern Europe;University of Veterinary and Pharmaceutical Sciences;1974-1975, 1993, 1996-2021;Veterinary (miscellaneous) (Q3)
105;18905;Tierarztliche Praxis Ausgabe G: Grosstiere - Nutztiere;journal;14341220, 25675834;0.227;Q3;20;57;140;1419;35;139;0.25;24.89;Germany;Western Europe;Georg Thieme Verlag;1996-2021;"Veterinary (miscellaneous) (Q3); Food Animals (Q4)"
106;37303;Zuchtungskunde;journal;00445401;0.227;Q4;16;44;113;713;30;112;0.34;16.2;Germany;Western Europe;Verlag Eugen Ulmer;1977, 1996-2020;"Animal Science and Zoology (Q3); Food Animals (Q4)"
107;36020;Society and Animals;journal;15685306, 10631119;0.224;Q3;45;26;72;596;27;67;0.31;22.92;Netherlands;Western Europe;Brill Academic Publishers;1993-2021;"Sociology and Political Science (Q2); Veterinary (miscellaneous) (Q3)"
108;18304;Journal of Veterinary Dentistry;journal;08987564;0.222;Q3;27;32;70;262;14;60;0.24;8.19;United States;Northern America;SAGE Publications Inc.;1988-2021;Veterinary (miscellaneous) (Q3)
109;20878;Health Education Journal;journal;00178969, 17488176;0.22;-;37;41;107;904;38;96;0.3;22.05;United Kingdom;Western Europe;SAGE Publications Ltd;1943-2021;Public Health, Environmental and Occupational Health (Q3)
110;18821;Pferdeheilkunde;journal;01777726;0.217;Q3;23;74;227;1734;71;227;0.3;23.43;Germany;Western Europe;Hippiatrika Verlagsgesellschaf;1996-2021;Equine (Q3)
111;17672;Arquivo Brasileiro de Medicina Veterinaria e Zootecnia;journal;01020935, 16784162;0.216;Q3;34;126;350;2450;42;350;0.08;19.44;Brazil;Latin America;Universidade de Minas Gerais;1996-2021;Veterinary (miscellaneous) (Q3)
112;17079;Acta Veterinaria Scandinavica, Supplement;journal;00651699;0.214;Q3;20;33;45;508;32;45;0.24;15.39;Denmark;Western Europe;Danske Dyrlaegeforening/Danish Veterinary Association;1969-1982, 1985-1986, 1988-1989, 1991-1993, 1996, 1999-2004;Veterinary (miscellaneous) (Q3)
113;18247;Indian Journal of Animal Sciences;journal;03678318;0.212;Q4;23;420;1111;5665;91;1111;0.06;13.49;India;Asiatic Region;Indian Council of Agricultural Research;1971-1978, 1980-1985, 1987-1988, 1996-2021;"Animal Science and Zoology (Q4); Veterinary (miscellaneous) (Q4)"
114;18253;Indian Veterinary Journal;journal;09749365, 00196479;0.212;Q4;17;429;1152;3509;51;1145;0.04;8.18;India;Asiatic Region;Indian Veterinary Assocaition;1945-1951, 1965-1971, 1973-1979, 1996-2020;Veterinary (miscellaneous) (Q4)
115;18283;Japanese Journal of Veterinary Research;journal;00471917;0.212;Q3;24;11;34;285;19;34;0.68;25.91;Japan;Asiatic Region;Hokkaido University;1965-2021;Veterinary (miscellaneous) (Q3)
116;18346;Medycyna Weterynaryjna;journal;00258628;0.202;Q4;21;255;580;5870;157;577;0.27;23.02;Poland;Eastern Europe;Polskie Towarzystwo Nauk Weterynaryjnych;1945, 1950-1951, 1960-1963, 1973-1979, 1996-2021;Veterinary (miscellaneous) (Q4)
117;18955;Revista Cientifica de la Facultad de Ciencias Veterinarias de la Universidad del Zulia;journal;07982259;0.202;Q4;13;66;196;1654;41;190;0.21;25.06;Venezuela;Latin America;Universidad del Zulia, Facultad de Ciencias Veterinarias;1997, 1999-2018;Veterinary (miscellaneous) (Q4)
118;17660;Archivos de Medicina Veterinaria;journal;0301732X, 07176201;0.201;Q4;0;0;0;0;0;0;0;0;Chile;Latin America;Universidad Austral de Chile;1996-2016;Veterinary (miscellaneous) (Q4)
119;18865;Revue de Medecine Veterinaire;journal;00351555;0.198;Q4;36;85;272;2237;63;270;0.18;26.32;France;Western Europe;Ecole Nationale Veterinaire;1949, 1961, 1973-1989, 1996-2019;Veterinary (miscellaneous) (Q4)
120;17060;Acta Veterinaria;journal;05678315, 18207448;0.19;Q4;19;46;124;1093;13;124;0.1;23.76;Germany;Western Europe;Walter de Gruyter GmbH;1973, 1981-1983, 1985, 1996-2021;Veterinary (miscellaneous) (Q4)
121;97492;Archives Animal Breeding;journal;00039438, 23639822;0.19;Q4;31;118;391;2317;75;391;0.23;19.64;Germany;Western Europe;Forschungsinstitut fuer die Biologie Landwirtschaftlicher Nutztiere;1999-2021;"Agronomy and Crop Science (Q4); Animal Science and Zoology (Q4); Food Animals (Q4); Genetics (Q4); Plant Science (Q4)"
122;19575;Veterinary Technician;journal;87508990;0.188;Q3;5;117;247;472;10;200;0.04;4.03;United States;Northern America;Veterinary Learning Systems;1996-2013;Small Animals (Q3)
123;17685;Australian Veterinary Practitioner;journal;0310138X;0.178;Q4;15;29;76;504;12;75;0.17;17.38;Australia;Pacific Region;Australian Small Animal Veterinary Association;1996-2013, 2015, 2017-2019;Small Animals (Q4)
124;21100802717;Journal of Veterinary Research (Poland);journal;24507393, 24508608;0.178;Q4;28;71;125;1530;44;125;0.33;21.55;Poland;Eastern Europe;De Gruyter Open Ltd.;2016-2021;Veterinary (miscellaneous) (Q4)
125;19495;Veterinarski Arhiv;journal;03725480, 13318055;0.176;Q4;31;36;149;654;12;149;0.08;18.17;Croatia;Eastern Europe;University of Zagreb, Facultty of Veterinary Medicine;1981, 1996-2021;Veterinary (miscellaneous) (Q4)
126;17654;Annales de Medecine Veterinaire;journal;17813875, 00034118;0.175;Q4;15;33;95;2402;31;95;0.4;72.79;Belgium;Western Europe;Faculte de Medecine Veterinaire;1947-1949, 1996-2014;Veterinary (miscellaneous) (Q4)
127;38556;In Practice;journal;20427689, 0263841X;0.174;Q4;27;90;195;217;30;165;0.08;2.41;United Kingdom;Western Europe;"John Wiley &amp; Sons Inc.";1981-1989, 1991-2021;Veterinary (miscellaneous) (Q4)
128;27232;Lab Animal;journal;15484475, 00937355;0.174;Q4;38;117;231;980;65;217;0.31;8.38;United Kingdom;Western Europe;Nature Publishing Group;1995-2021;"Animal Science and Zoology (Q4); Veterinary (miscellaneous) (Q4)"
129;18822;Point Veterinaire;journal;03354997;0.173;Q4;8;169;427;863;37;427;0.09;5.11;France;Western Europe;Editions du Point Veterinaire;1996-2018;Veterinary (miscellaneous) (Q4)
130;27281;Scandinavian Journal of Laboratory Animal Science;journal;09013393, 20020112;0.168;Q4;20;18;45;337;14;42;0.31;18.72;Denmark;Western Europe;Scandinavian Society for Laboratory Animal Science;1996-2012, 2014-2021;"Biochemistry, Genetics and Molecular Biology (miscellaneous) (Q3); Animal Science and Zoology (Q4); Veterinary (miscellaneous) (Q4)"
131;40377;Journal of Applied Animal Welfare Science;journal;15327604, 10888705;0.16;Q4;44;26;29;621;9;26;0.31;23.88;United States;Northern America;Taylor and Francis Ltd.;2002-2021;"Animal Science and Zoology (Q4); Veterinary (miscellaneous) (Q4)"
132;17738;Clinical Techniques in Equine Practice;journal;15347516;0.156;Q3;26;39;38;1553;7;34;0.18;39.82;United Kingdom;Western Europe;W.B. Saunders Ltd;2002-2007;Equine (Q3)
133;18934;Tijdschrift voor Diergeneeskunde;journal;00407453;0.145;Q4;20;219;607;725;41;474;0.07;3.31;Netherlands;Western Europe;Koninklijke Nederlandse Maatschappij voor Diergeneeskunde;1946, 1948-1949, 1961-1963, 1971-2014;Veterinary (miscellaneous) (Q4)
134;19578;Vlaams Diergeneeskundig Tijdschrift;journal;03039021;0.142;Q4;19;66;168;1196;28;161;0.13;18.12;Belgium;Western Europe;Universiteit Gent;1996-2021;Veterinary (miscellaneous) (Q4)
135;4000151807;International Journal of Poultry Science (discontinued);journal;16828356;0.14;Q4;51;83;31;1723;3;31;0.1;20.76;Pakistan;Asiatic Region;Asian Network for Scientific Information;2002-2021;"Animal Science and Zoology (Q4); Food Animals (Q4)"
136;18282;Irish Veterinary Journal;journal;03680762, 20460481;0.139;Q4;33;141;189;515;19;138;0.05;3.65;United Kingdom;Western Europe;BioMed Central Ltd.;1973-1979, 1996-2021;Veterinary (miscellaneous) (Q4)
137;18341;Magyar Allatorvosok Lapja;journal;0025004X;0.138;Q4;11;74;247;1405;21;239;0.06;18.99;Hungary;Eastern Europe;Magyar Mezogazdasag Ltd;1950, 1996-2021;Veterinary (miscellaneous) (Q4)
138;21100368857;Revue Veterinaire Clinique;journal;22145680, 22145672;0.137;Q4;13;66;275;725;18;270;0.05;10.98;France;Western Europe;Elsevier Masson s.r.l.;2014-2021;Small Animals (Q4)
139;80625;Equine Pratice;journal;01628941;0.134;Q4;16;0;22;0;6;22;0;0;United States;Northern America;Veterinary Practice Publishing Co.;1996-2000;Equine (Q4)
140;4700152214;Journal of Exotic Pet Medicine;journal;19316283, 15575063;0.134;Q4;33;27;41;728;8;35;0.2;26.96;United Kingdom;Western Europe;W.B. Saunders Ltd;2006-2021;Veterinary (miscellaneous) (Q4)
141;18327;Journal of Veterinary Science;journal;1229845X, 1976555X;0.132;Q4;50;48;103;0;13;103;0.13;0;South Korea;Asiatic Region;Korean Society of Veterinary Science;2000-2021;Veterinary (miscellaneous) (Q4)
142;82199;Proceedings - SPE European Formation Damage Conference, Expanding Horizons;conference and proceedings;-;0.132;-;7;0;13;0;1;13;0.08;0;United States;Northern America;;;"Earth and Planetary Sciences (miscellaneous); Energy (miscellaneous); Veterinary (miscellaneous)"
143;39287;Polish Journal of Veterinary Sciences;journal;15051773;0.131;Q4;30;66;42;1676;13;42;0.31;25.39;Poland;Eastern Europe;Polish Academy of Sciences, Committee of Veterinary Sciences;2002-2021;"Medicine (miscellaneous) (Q3); Veterinary (miscellaneous) (Q4)"
144;22600;Journal of Wildlife Rehabilitation;journal;10712232;0.123;Q4;8;36;58;322;2;48;0.05;8.94;United States;Northern America;International Wildlife Rehabilitation Council;1996-2004, 2006, 2008, 2010-2011, 2014-2019;"Animal Science and Zoology (Q4); Veterinary (miscellaneous) (Q4)"
145;83937;Revista Latinoamericana de Microbiologia;journal;01874640;0.119;Q4;23;5;76;171;10;74;0.06;34.2;Mexico;Latin America;Mexico Asociacion Mexicana De Microbiologia;1960, 1970-1989, 1991-2009;"Microbiology (Q4); Microbiology (medical) (Q4); Veterinary (miscellaneous) (Q4)"
146;81685;Ippologia;journal;11205776;0.112;Q4;7;23;45;448;2;45;0.03;19.48;Italy;Western Europe;Societa Italiana Veterinaria per Equini;1996-2014;Equine (Q4)
147;27227;Journal of Experimental Animal Science;journal;09398600;0.107;Q4;15;9;49;324;7;48;0;36;Germany;Western Europe;Urban und Fischer Verlag Jena;1991-2000, 2002-2007;"Animal Science and Zoology (Q4); Veterinary (miscellaneous) (Q4)"
148;17083;Advances in Small Animal Medicine and Surgery;journal;10417826;0.101;Q4;2;121;127;176;0;25;0;1.45;United Kingdom;Western Europe;W.B. Saunders Ltd;2001-2020;Small Animals (Q4)
149;35948;Journal of the Zhejiang University - Agriculture and Life Science;journal;10089209;0.101;-;12;38;168;0;5;168;0.03;0;China;Asiatic Region;Zhejiang Daxue;2001-2006, 2019-2021;Food Science (Q4)
150;29625;Veterinary Economics;journal;00424862;0.1;Q4;3;205;251;0;1;207;0;0;United States;Northern America;Advanstar Communications Inc.;1996-2014;"Business, Management and Accounting (miscellaneous) (Q4); Small Animals (Q4)"
151;21101044876;Animal Bioscience;journal;27650235, 27650189;;-;64;283;1229;8578;410;1229;0.47;30.31;South Korea;Asiatic Region;Asian-Australasian Association of Animal Production Societies;2021;"Animal Science and Zoology; Food Science; Genetics; Physiology; Veterinary (miscellaneous)"
152;21100902145;Austral journal of veterinary sciences;journal;07198000, 07198132;;-;23;27;94;794;11;94;0.13;29.41;Chile;Latin America;Universidad Austral de Chile;2017-2021;Veterinary (miscellaneous)
153;21100899501;EFSA Journal;journal;18314732;;-;114;3;0;37;0;0;0;12.33;United Kingdom;Western Europe;Wiley-Blackwell Publishing Ltd;2003-2021;"Animal Science and Zoology; Food Science; Microbiology; Parasitology; Plant Science; Veterinary (miscellaneous)"
154;21100218336;Journal of the Hellenic Veterinary Medical Society;journal;17922720;;-;9;1;0;23;0;0;0;23;Greece;Western Europe;Hellenic Veterinary Medical Society;1953, 2003-2004, 2011-2021;Veterinary (miscellaneous)
155;18315;Journal of Veterinary Emergency and Critical Care;journal;14793261, 14764431;;-;51;20;59;729;55;53;0.85;36.45;United Kingdom;Western Europe;Wiley-Blackwell Publishing Ltd;1991-2021;Veterinary (miscellaneous)
156;21100200413;Revista de Investigaciones Veterinarias del Peru;journal;16099117, 16823419;;-;12;30;123;454;3;122;0.02;15.13;Peru;Latin America;Facultad de Medicina Veterinaria, Universidad Nacional Mayor de San Marcos;1999-2021;Veterinary (miscellaneous)
