Rank;Sourceid;Title;Type;Issn;SJR;SJR Best Quartile;H index;Total Docs. (2017);Total Docs. (3years);Total Refs.;Total Cites (3years);Citable Docs. (3years);Cites / Doc. (2years);Ref. / Doc.;Country;Publisher;Coverage;Categories
1;22913;Periodontology 2000;journal;09066713, 16000757;2.887;Q1;107;42;121;5753;889;121;6.69;136.98;United Kingdom;Blackwell Publishing Inc.;1993-ongoing;Periodontics (Q1)
2;24408;Clinical Oral Implants Research;journal;16000501, 09057161;2.462;Q1;145;240;687;8800;2742;666;4.02;36.67;United Kingdom;Blackwell Publishing Inc.;1990-ongoing;Oral Surgery (Q1)
3;19700174718;European journal of oral implantology;journal;17562406, 17562414;2.413;Q1;39;50;128;1472;414;102;2.96;29.44;United States;Quintessence Publishing Company;2008-ongoing;"Medicine (miscellaneous) (Q1); Oral Surgery (Q1)"
4;25684;Journal of Dental Research;journal;00220345;2.302;Q1;158;197;686;7357;3652;621;5.52;37.35;United States;SAGE Publications;1919-1924, 1927-1935, 1937-ongoing;Dentistry (miscellaneous) (Q1)
5;24936;Dental Materials;journal;01095641;2.106;Q1;132;180;583;8893;2732;572;4.49;49.41;Netherlands;Elsevier BV;1985-ongoing;"Dentistry (miscellaneous) (Q1); Materials Science (miscellaneous) (Q1); Mechanics of Materials (Q1)"
6;25669;Journal of Clinical Periodontology;journal;1600051X, 03036979;2.079;Q1;132;155;439;7224;1874;432;4.15;46.61;United Kingdom;Blackwell Publishing Inc.;1974-ongoing;Periodontics (Q1)
7;26238;Monographs in oral science;journal;00770892;2.017;Q1;34;17;37;695;231;34;0;40.88;Switzerland;S. Karger AG;1972, 1974-1975, 1977-1978, 1980-1983, 1989-1991, 1996, 2000-2001, 2006, 2009, 2011, 2013-2014, 2017-ongoing;Dentistry (miscellaneous) (Q1)
8;25686;Journal of Dentistry;journal;03005712, 1879176X;1.919;Q1;101;165;528;6472;2268;522;4.09;39.22;Netherlands;Elsevier BV;1972-ongoing;Dentistry (miscellaneous) (Q1)
9;12628;Oral Oncology;journal;13688375;1.912;Q1;101;286;668;9898;2518;530;4.86;34.61;United Kingdom;Elsevier Ltd.;1996-ongoing;"Cancer Research (Q1); Oncology (Q1); Oral Surgery (Q1)"
10;24403;Clinical Implant Dentistry and Related Research;journal;15230899;1.827;Q1;74;115;422;4616;1397;416;3.17;40.14;United States;Wiley-Blackwell;1999-ongoing;"Dentistry (miscellaneous) (Q1); Oral Surgery (Q1)"
11;25610;International Endodontic Journal;journal;13652591, 01432885;1.791;Q1;107;141;400;5390;1272;369;3.31;38.23;United Kingdom;Blackwell Publishing Inc.;1967-1972, 1974-ongoing;Dentistry (miscellaneous) (Q1)
12;25688;Journal of Endodontics;journal;00992399;1.585;Q1;131;350;1009;11299;3898;1000;3.43;32.28;United States;Elsevier Inc.;1975-ongoing;Dentistry (miscellaneous) (Q1)
13;25615;International Journal of Oral and Maxillofacial Implants;journal;08822786;1.576;Q1;126;189;564;7076;1445;542;1.76;37.44;United States;Quintessence Publishing Company;1986-ongoing;"Medicine (miscellaneous) (Q1); Oral Surgery (Q1)"
14;21100208066;Journal of Oral Microbiology;journal;20002297;1.541;Q1;28;10;69;512;315;63;5.03;51.20;United Kingdom;Taylor & Francis;2009-ongoing;"Dentistry (miscellaneous) (Q1); Infectious Diseases (Q1); Microbiology (medical) (Q1)"
15;26173;Journal of Periodontology;journal;00223492;1.408;Q1;142;184;655;6264;1909;578;3.37;34.04;United States;American Academy of Periodontology;1965-ongoing;Periodontics (Q1)
16;19700168907;Korean Journal of Orthodontics;journal;2005372X, 12255610;1.345;Q1;16;48;131;1137;209;122;1.55;23.69;South Korea;Korean Academy of Orthodonics;2008-ongoing;Orthodontics (Q1)
17;22848;Orthodontics and Craniofacial Research;journal;16016335, 16016343;1.318;Q1;50;68;107;1839;238;104;2.18;27.04;United Kingdom;Blackwell Publishing Inc.;2000-ongoing;"Oral Surgery (Q1); Orthodontics (Q1); Otorhinolaryngology (Q1); Surgery (Q1)"
18;23807;American Journal of Orthodontics and Dentofacial Orthopedics;journal;10976752, 08895406;1.289;Q1;105;352;987;6846;1219;622;1.59;19.45;United States;Mosby Inc.;1986-ongoing;Orthodontics (Q1)
19;25026;European Journal of Orthodontics;journal;14602210, 01415387;1.279;Q1;75;88;294;2458;540;274;1.84;27.93;United Kingdom;Oxford University Press;1979-ongoing;Orthodontics (Q1)
20;24291;Angle Orthodontist;journal;00033219;1.267;Q1;75;135;490;2961;761;424;1.66;21.93;United States;Allen Press Inc.;1950-1951, 1960-1961, 1965-ongoing;"Medicine (miscellaneous) (Q1); Orthodontics (Q1)"
21;19700180533;International journal of oral science;journal;16742818;1.231;Q1;34;29;104;1325;450;104;4.35;45.69;China;Sichuan University Press;2009-ongoing;Dentistry (miscellaneous) (Q1)
22;19600161903;Molecular Oral Microbiology;journal;20411006;1.21;Q1;69;43;110;2357;363;106;2.68;54.81;Germany;Wiley - VCH Verlag GmbH & CO. KGaA;2010-ongoing;"Dentistry (miscellaneous) (Q1); Immunology (Q2); Microbiology (Q2); Microbiology (medical) (Q2)"
23;16700154701;Journal of Prosthodontic Research;journal;18831958;1.203;Q1;28;63;129;2172;366;110;3.51;34.48;Netherlands;Elsevier BV;2009-ongoing;"Dentistry (miscellaneous) (Q1); Oral Surgery (Q1)"
24;22812;Operative Dentistry;journal;03617734;1.18;Q1;73;96;329;3432;775;304;2.38;35.75;United States;IU School of Dentistry;1976-ongoing;Dentistry (miscellaneous) (Q1)
25;26156;Journal of Oral Rehabilitation;journal;13652842, 0305182X;1.17;Q1;84;110;337;4075;803;323;2.31;37.05;United Kingdom;Blackwell Publishing Inc.;1974-ongoing;Dentistry (miscellaneous) (Q1)
26;21100307455;Journal of oral & facial pain and headache;journal;23330384, 23330376;1.142;Q1;37;55;131;1955;350;114;1.81;35.55;United States;Quintessence Publishing Company;2014-ongoing;"Anesthesiology and Pain Medicine (Q1); Dentistry (miscellaneous) (Q1); Neurology (clinical) (Q2)"
27;25629;International Journal of Oral and Maxillofacial Surgery;journal;09015027;1.137;Q1;90;246;750;7056;1644;720;2.16;28.68;United States;Churchill Livingstone;1986-ongoing;"Oral Surgery (Q1); Otorhinolaryngology (Q1); Surgery (Q1)"
28;24388;Caries Research;journal;00086568, 1421976X;1.108;Q1;87;60;222;1826;524;211;2.37;30.43;Switzerland;S. Karger AG;1967-ongoing;Dentistry (miscellaneous) (Q1)
29;26175;Journal of Prosthetic Dentistry;journal;00223913, 10976841;1.087;Q1;109;260;866;7698;1928;848;2.31;29.61;United States;Mosby Inc.;1951-ongoing;"Medicine (miscellaneous) (Q1); Oral Surgery (Q1)"
30;21100200204;Journal of Dental Biomechanics;journal;17587360;1.048;Q1;9;0;3;0;15;3;0;0.00;United Kingdom;SAGE-Hindawi Access to Research;2010-2014;Dentistry (miscellaneous) (Q1)
31;24413;Community Dentistry and Oral Epidemiology;journal;03015661;1.039;Q1;91;69;199;2801;465;192;2.13;40.59;United Kingdom;Blackwell Publishing Inc.;1973-ongoing;"Dentistry (miscellaneous) (Q1); Public Health, Environmental and Occupational Health (Q1)"
32;21658;Journal of Cranio-Maxillo-Facial Surgery;journal;10105182;1.033;Q1;67;302;998;10122;2081;991;2.03;33.52;United States;Churchill Livingstone;1987-ongoing;"Oral Surgery (Q1); Otorhinolaryngology (Q1); Surgery (Q1)"
33;24409;Clinical Oral Investigations;journal;14326981, 14363771;0.986;Q1;69;314;821;11818;1970;787;2.35;37.64;Germany;Springer Verlag;1997-ongoing;Dentistry (miscellaneous) (Q1)
34;91796;Progress in Orthodontics;journal;17237785, 21961042;0.971;Q2;22;45;132;1535;227;132;1.34;34.11;Germany;Springer Verlag;2003-ongoing;Orthodontics (Q2)
35;26152;Journal of Oral and Maxillofacial Surgery;journal;15315053, 02782391;0.967;Q1;109;467;1282;14378;2143;1126;1.76;30.79;United Kingdom;W. B. Saunders Co., Ltd.;1982-ongoing;"Oral Surgery (Q1); Otorhinolaryngology (Q1); Surgery (Q1)"
36;16649;Dentomaxillofacial Radiology;journal;0250832X, 1476542X;0.964;Q1;65;73;254;1948;508;229;2.14;26.68;United Kingdom;British Institute of Radiology;1972-1973, 1976-ongoing;"Dentistry (miscellaneous) (Q1); Medicine (miscellaneous) (Q1); Otorhinolaryngology (Q1); Radiology, Nuclear Medicine and Imaging (Q1)"
37;21100202150;Operations Research for Health Care;journal;22116923;0.95;Q2;17;17;85;912;148;78;1.47;53.65;United Kingdom;Elsevier Science & Technology;2012-ongoing;"Otorhinolaryngology (Q1); Surgery (Q1); Oral Surgery (Q2)"
38;26171;Journal of Periodontal Research;journal;16000765, 00223484;0.927;Q2;75;111;280;5476;782;278;2.85;49.33;United Kingdom;Blackwell Publishing Inc.;1945-1951, 1966-ongoing;Periodontics (Q2)
39;23804;Journal of the American Dental Association;journal;00028177;0.898;Q1;104;394;679;3641;804;330;2.78;9.24;United States;Elsevier Inc.;1946-ongoing;"Dentistry (miscellaneous) (Q1); Medicine (miscellaneous) (Q1)"
40;25637;International Journal of Prosthodontics;journal;11399791, 08932174;0.891;Q2;88;107;313;1795;429;268;1.46;16.78;United States;Quintessence Publishing Company;1988-ongoing;"Medicine (miscellaneous) (Q1); Oral Surgery (Q2)"
41;24341;BMC Oral Health;journal;14726831;0.867;Q1;40;134;515;4924;1026;504;1.84;36.75;United Kingdom;BioMed Central;2001-ongoing;Dentistry (miscellaneous) (Q1)
42;24335;Australian Dental Journal;journal;00450421;0.864;Q1;60;91;270;2969;463;243;1.57;32.63;United States;Wiley-Blackwell;1945-1951, 1956-ongoing;Dentistry (miscellaneous) (Q1)
43;144622;Medicina Oral, Patologia Oral y Cirugia Bucal;journal;16986946, 16984447;0.841;Q1;47;112;321;3085;625;319;1.96;27.54;Spain;Medicina Oral S.L.;2004-ongoing;"Dentistry (miscellaneous) (Q1); Otorhinolaryngology (Q1); Surgery (Q1); Medicine (miscellaneous) (Q2)"
44;25660;Journal of Adhesive Dentistry;journal;14615185;0.839;Q2;64;62;227;2187;382;186;2;35.27;United States;Quintessence Publishing Company;1999-ongoing;"Oral Surgery (Q2); Orthodontics (Q2); Periodontics (Q2)"
45;22815;Oral Diseases;journal;16010825, 1354523X;0.798;Q1;77;158;426;7751;933;399;2.33;49.06;United Kingdom;Wiley-Blackwell;1995-ongoing;"Dentistry (miscellaneous) (Q1); Otorhinolaryngology (Q2)"
46;26155;Journal of Oral Pathology and Medicine;journal;16000714, 09042512;0.791;Q2;74;163;355;4675;787;346;2.29;28.68;United Kingdom;Blackwell Publishing Inc.;1972-ongoing;"Oral Surgery (Q2); Otorhinolaryngology (Q2); Pathology and Forensic Medicine (Q2); Periodontics (Q2); Cancer Research (Q3)"
47;25025;European Journal of Oral Sciences;journal;09098836, 16000722;0.789;Q1;84;64;205;2390;396;200;1.85;37.34;United Kingdom;Blackwell Publishing Inc.;1970-ongoing;Dentistry (miscellaneous) (Q1)
48;24458;Dental Clinics of North America;journal;00118532;0.759;Q1;58;56;172;3514;328;150;1.94;62.75;United Kingdom;W. B. Saunders Co., Ltd.;1965-ongoing;Dentistry (miscellaneous) (Q1)
49;21036;Cleft Palate-Craniofacial Journal;journal;10556656, 15451569;0.757;Q2;70;113;371;3142;416;354;1.14;27.81;United States;Allerton Press Inc.;1991-ongoing;"Oral Surgery (Q2); Otorhinolaryngology (Q2)"
50;25689;Journal of Esthetic and Restorative Dentistry;journal;17088240, 14964155;0.753;Q1;52;61;177;1999;243;146;1.63;32.77;United States;Wiley-Blackwell;1988-1995, 2001-ongoing;Dentistry (miscellaneous) (Q1)
51;24634;Archives of Oral Biology;journal;00039969;0.752;Q1;79;319;616;13164;1365;608;2.2;41.27;United Kingdom;Elsevier Ltd.;1959-ongoing;"Dentistry (miscellaneous) (Q1); Medicine (miscellaneous) (Q2); Otorhinolaryngology (Q2); Cell Biology (Q3)"
52;19900191833;European Journal of Dentistry;journal;13057464, 13057456;0.749;Q1;22;97;295;2515;496;295;1.55;25.93;Turkey;Dental Investigations Society;2011-ongoing;Dentistry (miscellaneous) (Q1)
53;25636;International Journal of Periodontics and Restorative Dentistry;journal;01987569;0.749;Q2;75;105;361;2808;444;343;1.06;26.74;United States;Quintessence Publishing Company;1981-ongoing;"Medicine (miscellaneous) (Q2); Oral Surgery (Q2); Periodontics (Q3)"
54;71588;Pain Management;journal;17581877, 17581869;0.733;Q1;15;59;168;0;314;129;2.09;0.00;United Kingdom;Future Medicine Ltd.;2014-ongoing;"Dentistry (miscellaneous) (Q1); Medicine (miscellaneous) (Q2)"
55;26177;Journal of Prosthodontics;journal;1059941X, 1532849X;0.732;Q1;52;120;307;3066;485;299;1.51;25.55;United Kingdom;Blackwell Publishing Inc.;1992-ongoing;Dentistry (miscellaneous) (Q1)
56;24958;Dental Traumatology;journal;16009657, 16004469;0.724;Q2;74;87;247;2618;401;237;1.65;30.09;United Kingdom;Blackwell Publishing Inc.;1985-1995, 1999-ongoing;Oral Surgery (Q2)
57;21100204102;Oral Surgery, Oral Medicine, Oral Pathology and Oral Radiology;journal;22124403;0.72;Q1;108;233;888;7012;1349;737;1.84;30.09;United States;Elsevier USA;2012-ongoing;"Dentistry (miscellaneous) (Q1); Oral Surgery (Q2); Pathology and Forensic Medicine (Q2); Radiology, Nuclear Medicine and Imaging (Q2); Surgery (Q2)"
58;25571;Implant Dentistry;journal;10566163, 15382982;0.712;Q2;58;135;380;4418;516;346;1.43;32.73;United States;Lippincott Williams & Wilkins Ltd.;1992-ongoing;Oral Surgery (Q2)
59;23755;Acta Odontologica Scandinavica;journal;00016357, 15023850;0.706;Q1;58;88;321;3401;543;321;1.68;38.65;United Kingdom;Taylor & Francis;1939-ongoing;"Dentistry (miscellaneous) (Q1); Medicine (miscellaneous) (Q2)"
60;25612;International Journal of Computerized Dentistry;journal;14634201;0.702;Q1;26;31;76;717;92;64;1.62;23.13;Germany;Quintessenz Verlags GmbH;1998-ongoing;"Dentistry (miscellaneous) (Q1); Computer Science Applications (Q2); Medicine (miscellaneous) (Q2)"
61;25634;International Journal of Paediatric Dentistry;journal;1365263X, 09607439;0.699;Q1;55;77;177;1896;278;164;1.48;24.62;United Kingdom;Blackwell Publishing Inc.;1991-ongoing;Dentistry (miscellaneous) (Q1)
62;22149;Oral and Maxillofacial Surgery Clinics of North America;journal;10423699;0.692;Q2;29;55;159;2327;231;138;1.48;42.31;United Kingdom;W. B. Saunders Co., Ltd.;2001-ongoing;"Oral Surgery (Q2); Otorhinolaryngology (Q2); Surgery (Q2)"
63;20530;British Journal of Oral and Maxillofacial Surgery;journal;02664356;0.687;Q2;65;342;827;3894;991;699;1.22;11.39;United States;Churchill Livingstone;1984-ongoing;"Oral Surgery (Q2); Otorhinolaryngology (Q2); Surgery (Q2)"
64;26178;Journal of Public Health Dentistry;journal;00224006;0.677;Q2;57;56;142;1897;229;138;1.62;33.88;United States;Wiley-Blackwell;1941-ongoing;"Dentistry (miscellaneous) (Q2); Public Health, Environmental and Occupational Health (Q2)"
65;26170;Journal of Orthodontics;journal;14653133, 14653125;0.675;Q2;43;53;183;802;110;118;0.61;15.13;United Kingdom;Maney Publishing;2000-ongoing;Orthodontics (Q2)
66;19900192030;International Journal of Dentistry;journal;16878736, 16878728;0.649;Q2;25;91;184;3073;351;174;1.89;33.77;Egypt;Hindawi Publishing Corporation;2011-ongoing;Dentistry (miscellaneous) (Q2)
67;4000152106;Journal of Applied Oral Science;journal;16787757;0.645;Q2;34;89;256;2500;469;237;1.88;28.09;Brazil;Faculdade de Medicina da Universidade de Sao Paulo;2006-ongoing;"Dentistry (miscellaneous) (Q2); Medicine (miscellaneous) (Q2)"
68;23547;Singapore Dental Journal;journal;03775291, 22146075;0.641;Q2;10;11;2;0;5;2;1;0.00;Singapore;Elsevier (Singapore) Pte Ltd;1974, 1976-1977, 1979-1990, 1993-1997, 2000-2001, 2004-2007, 2010-2013;Dentistry (miscellaneous) (Q2)
69;25609;International Dental Journal;journal;00206539;0.637;Q2;57;60;162;1948;251;152;1.3;32.47;United States;Wiley-Blackwell;1960-1962, 1965-ongoing;Dentistry (miscellaneous) (Q2)
70;22891;Pediatric Dentistry;journal;01641263;0.63;Q2;62;184;361;5783;455;324;1.34;31.43;United States;American Academy of Pediatric Dentistry;1979-ongoing;"Dentistry (miscellaneous) (Q2); Medicine (miscellaneous) (Q2)"
71;25514;Gerodontology;journal;07340664, 17412358;0.627;Q2;47;71;180;2093;304;168;1.76;29.48;United Kingdom;Blackwell Publishing Inc.;1982-1990, 1993-ongoing;"Dentistry (miscellaneous) (Q2); Geriatrics and Gerontology (Q2)"
72;6400153146;Head and Face Medicine;journal;1746160X;0.62;Q2;32;24;133;759;245;131;1.71;31.63;United Kingdom;BioMed Central;2005-ongoing;"Dentistry (miscellaneous) (Q2); Medicine (miscellaneous) (Q2); Otorhinolaryngology (Q2); Neurology (clinical) (Q3)"
73;12236;Journal of Orofacial Orthopedics;journal;14345293;0.579;Q2;39;53;137;1647;130;125;0.91;31.08;Germany;Urban und Vogel Medien und Medizin Verlagsgesellschaft mbH;1996-ongoing;"Medicine (miscellaneous) (Q2); Orthodontics (Q2); Oral Surgery (Q3)"
74;21100199820;Journal of Periodontal and Implant Science;journal;20932278, 20932286;0.577;Q3;20;42;129;1105;164;110;1.23;26.31;South Korea;Korean Academy of Periodontology;2010-ongoing;"Oral Surgery (Q3); Periodontics (Q3)"
75;21100211109;Imaging Science in Dentistry;journal;22337830, 22337822;0.572;Q2;16;41;133;870;186;129;1.11;21.22;South Korea;Korean Academy of Oral and Maxillofacial Radiology;2011-ongoing;"Dentistry (miscellaneous) (Q2); Radiological and Ultrasound Technology (Q2); Radiology, Nuclear Medicine and Imaging (Q2)"
76;26153;The Journal of oral implantology;journal;01606972;0.569;Q3;46;77;376;2120;425;330;1.13;27.53;United States;Allen Press Inc.;1977-ongoing;Oral Surgery (Q3)
77;24937;Dental Materials Journal;journal;02874547;0.568;Q2;50;108;362;3906;535;354;1.41;36.17;Japan;Nihon Shika Riko Gakkai/Japanese Society for Dental Materials and Devices;1982-ongoing;"Ceramics and Composites (Q2); Dentistry (miscellaneous) (Q2)"
78;22964;Quintessence International;journal;00336572;0.563;Q2;66;85;300;2649;303;270;1.11;31.16;United States;Quintessence Publishing Company;1969-ongoing;"Dentistry (miscellaneous) (Q2); Medicine (miscellaneous) (Q2)"
79;21100255399;Journal of Advanced Prosthodontics;journal;20057814, 20057806;0.562;Q2;23;70;218;2116;350;216;1.35;30.23;South Korea;The Korean Academy of prosthodontics;2009-ongoing;"Dentistry (miscellaneous) (Q2); Oral Surgery (Q3)"
80;5800179585;European Archives of Paediatric Dentistry;journal;18186300;0.554;Q2;31;57;186;1281;219;172;1.26;22.47;Germany;Springer Verlag;2006-ongoing;"Dentistry (miscellaneous) (Q2); Pediatrics, Perinatology and Child Health (Q2)"
81;22791;Odontology / the Society of the Nippon Dental University;journal;16181247, 16181255;0.543;Q2;26;65;130;2160;210;128;1.52;33.23;Germany;Springer Verlag;2003-ongoing;Dentistry (miscellaneous) (Q2)
82;20000195083;Clinical, Cosmetic and Investigational Dentistry;journal;11791357;0.54;Q2;16;17;42;533;85;42;1.76;31.35;United Kingdom;Dove Medical Press Ltd.;2009-ongoing;Dentistry (miscellaneous) (Q2)
83;21100211108;Journal of Lasers in Medical Sciences;journal;22286721, 20089783;0.539;Q2;14;50;102;1643;179;102;1.33;32.86;Iran;Laser Application in Medical Sciences Research Center;2010-ongoing;"Dentistry (miscellaneous) (Q2); Dermatology (Q2); Orthopedics and Sports Medicine (Q2); Surgery (Q2); Urology (Q2); Nephrology (Q3)"
84;24338;Australian Endodontic Journal;journal;13291947;0.517;Q2;29;41;100;583;102;72;1.36;14.22;United States;Wiley-Blackwell;1982-1995, 1998-ongoing;Dentistry (miscellaneous) (Q2)
85;19700200878;Iranian Endodontic Journal;journal;20082746, 17357497;0.515;Q2;18;104;174;3610;349;174;1.92;34.71;Iran;Iranian Center for Endodontic Research;2011-ongoing;Dentistry (miscellaneous) (Q2)
86;22817;Oral health & preventive dentistry;journal;16021622;0.511;Q1;31;65;181;2254;208;166;1.1;34.68;United States;Quintessence Publishing Company;2003-ongoing;Dental Hygiene (Q1)
87;23805;American Journal of Dentistry;journal;08948275;0.509;Q2;71;57;192;2246;213;190;1;39.40;United States;Mosher & Linder, Inc.;1988-ongoing;"Dentistry (miscellaneous) (Q2); Medicine (miscellaneous) (Q2)"
88;19900192552;Journal of Conservative Dentistry;journal;09745203, 09720707;0.507;Q2;21;106;367;2127;466;352;1.16;20.07;India;Medknow Publications;2011-ongoing;Dentistry (miscellaneous) (Q2)
89;52142;Pesquisa odontologica brasileira = Brazilian oral research;journal;15177491;0.505;Q2;37;114;347;1333;443;335;1.23;11.69;Brazil;Universidade de Sao Paulo;2001-ongoing;"Dentistry (miscellaneous) (Q2); Medicine (miscellaneous) (Q2)"
90;21100197910;Dental Press Journal of Orthodontics;journal;21776709, 21769451;0.489;Q2;15;78;276;1841;234;243;0.76;23.60;Brazil;Dental Press Editora Ltda;2010-ongoing;"Orthodontics (Q2); Oral Surgery (Q3)"
91;24371;Brazilian Dental Journal;journal;01036440;0.476;Q2;44;112;351;3079;431;351;1.16;27.49;Brazil;Associacao Brasileira de Divulgacao Cientifica;1990-ongoing;Dentistry (miscellaneous) (Q2)
92;26150;Journal of Evidence-Based Dental Practice;journal;15323382, 15323390;0.475;Q2;23;81;231;1393;204;78;2;17.20;United States;Mosby Inc.;2001-ongoing;Dentistry (miscellaneous) (Q2)
93;11900154405;Oral and maxillofacial surgery;journal;18651550;0.471;Q3;24;73;201;1804;192;192;0.99;24.71;Germany;Springer Verlag;2003, 2008-ongoing;"Surgery (Q2); Oral Surgery (Q3); Otorhinolaryngology (Q3)"
94;24412;Community Dental Health;journal;0265539X;0.47;Q2;46;48;152;1051;152;138;1.01;21.90;United Kingdom;FDI World Dental Press Ltd.;1984-ongoing;"Dentistry (miscellaneous) (Q2); Medicine (miscellaneous) (Q2); Public Health, Environmental and Occupational Health (Q3)"
95;25668;Journal of Clinical Pediatric Dentistry;journal;10534628;0.469;Q2;38;84;207;2536;248;207;1.03;30.19;United States;Tufts University;1990-ongoing;"Dentistry (miscellaneous) (Q2); Medicine (miscellaneous) (Q2); Pediatrics, Perinatology and Child Health (Q2)"
96;19466;Journal of Dental Education;journal;00220337;0.469;Q2;61;196;489;4517;562;452;1.21;23.05;United States;American Dental Education Association;1947, 1949, 1965-ongoing;"Dentistry (miscellaneous) (Q2); Education (Q2); Medicine (miscellaneous) (Q2)"
97;24374;British Dental Journal;journal;00070610;0.463;Q2;72;576;1727;6129;812;795;0.99;10.64;United Kingdom;Nature Publishing Group;1947-1951, 1960-1961, 1965-ongoing;Dentistry (miscellaneous) (Q2)
98;4000148504;International Journal of Dental Hygiene;journal;16015029, 16015037;0.453;Q2;32;71;140;2496;162;125;1.28;35.15;United Kingdom;Blackwell Publishing Inc.;2003-ongoing;Dentistry (miscellaneous) (Q2)
99;23589;Swedish Dental Journal;journal;03479994;0.443;Q2;31;0;55;0;49;52;0.94;0.00;Sweden;Sveriges Tandlaekarfoerbund/Swedish Dental Association;1977-ongoing;"Dentistry (miscellaneous) (Q2); Medicine (miscellaneous) (Q3)"
100;25664;Journal of Clinical Dentistry;journal;08958831;0.44;Q2;36;21;61;350;46;61;0.68;16.67;United States;Professional Audience Communications, Inc.;1988-ongoing;Dentistry (miscellaneous) (Q2)
101;21100207619;Journal of Clinical and Experimental Dentistry;journal;19895488;0.431;Q2;15;254;344;6385;458;344;1.13;25.14;Spain;Medicina Oral S.L;2010-ongoing;Dentistry (miscellaneous) (Q2)
102;19383;Fluoride - Quarterly Reports;journal;00154725;0.429;Q2;41;38;114;1179;146;102;1.22;31.03;New Zealand;International Society for Flouride Research;1973-ongoing;"Agricultural and Biological Sciences (miscellaneous) (Q2); Chemistry (miscellaneous) (Q2); Dentistry (miscellaneous) (Q2); Biochemistry (Q3); Health, Toxicology and Mutagenesis (Q3); Public Health, Environmental and Occupational Health (Q3); Toxicology (Q3)"
103;25583;Journal of the Indian Society of Pedodontics and Preventive Dentistry;journal;09704388;0.427;Q2;27;72;218;1508;168;206;0.63;20.94;India;Medknow Publications;1983-1989, 1991-ongoing;Dentistry (miscellaneous) (Q2)
104;21100413835;Dental Research Journal;journal;20080255, 17353327;0.416;Q2;11;69;183;1840;190;179;1.09;26.67;Iran;Isfahan University of Medical Sciences(IUMS);2013-ongoing;Dentistry (miscellaneous) (Q2)
105;25027;European Journal of Paediatric Dentistry;journal;1591996X;0.414;Q3;28;56;234;1645;254;217;1.16;29.38;Italy;Italian Society of Paediatric Dentistry;2001-ongoing;"Dentistry (miscellaneous) (Q3); Medicine (miscellaneous) (Q3); Pediatrics, Perinatology and Child Health (Q3)"
106;12300154713;Japanese Dental Science Review;journal;18827616;0.413;Q3;16;16;43;1026;67;37;1.83;64.13;Netherlands;Elsevier BV;2008-ongoing;Dentistry (miscellaneous) (Q3)
107;20500195011;Open Dentistry Journal;journal;18742106;0.402;Q3;16;78;211;2544;253;201;0.87;32.62;United Arab Emirates;Bentham Science Publishers;2011-ongoing;Dentistry (miscellaneous) (Q3)
108;26158;Journal of oral science;journal;13434934, 18804926;0.397;Q3;44;85;184;2861;215;184;1.02;33.66;Japan;Nihon University;1998-ongoing;"Dentistry (miscellaneous) (Q3); Medicine (miscellaneous) (Q3)"
109;21100461912;Journal of Oral Biology and Craniofacial Research;journal;22124276, 22124268;0.388;Q3;11;44;150;939;184;136;1.51;21.34;Netherlands;Elsevier BV;2011-ongoing;"Dentistry (miscellaneous) (Q3); Otorhinolaryngology (Q3)"
110;11700154732;Frontiers of oral biology;journal;16623770, 14202433;0.387;Q3;20;0;30;0;42;25;1.68;0.00;Switzerland;Karger AG;2008-2010, 2012, 2015-ongoing;"Dentistry (miscellaneous) (Q3); Medicine (miscellaneous) (Q3); Otorhinolaryngology (Q3)"
111;29913;Cranio - Journal of Craniomandibular Practice;journal;08869634;0.374;Q3;40;72;159;1803;150;128;0.95;25.04;United Kingdom;Taylor & Francis;1984-ongoing;"Dentistry (miscellaneous) (Q3); Otorhinolaryngology (Q3)"
112;21100381208;Contemporary Clinical Dentistry;journal;09762361, 0976237X;0.353;Q3;11;129;436;2733;378;401;0.84;21.19;India;Medknow Publications and Media Pvt. Ltd;2015-ongoing;"Oral Surgery (Q3); Orthodontics (Q3); Periodontics (Q3)"
113;24339;Australian orthodontic journal;journal;05873908;0.342;Q3;20;0;88;0;45;81;0.44;0.00;Australia;Australian Society of Orthodontists;1967-1976, 1978-ongoing;"Medicine (miscellaneous) (Q3); Orthodontics (Q3)"
114;21100794827;Applied Adhesion Science;journal;21964351;0.337;Q3;8;21;76;479;64;66;1.02;22.81;Switzerland;Springer International Publishing AG;2015-ongoing;"Polymers and Plastics (Q2); Dentistry (miscellaneous) (Q3); Materials Chemistry (Q3); Surfaces, Coatings and Films (Q3)"
115;19400158380;Saudi Dental Journal;journal;10139052;0.336;Q3;15;29;99;972;135;96;1.12;33.52;Saudi Arabia;King Saud University;2009-ongoing;Dentistry (miscellaneous) (Q3)
116;21100200811;Journal of Indian Society of Periodontology;journal;0972124X;0.335;Q4;19;108;451;2090;330;379;0.77;19.35;India;Medknow Publications and Media Pvt. Ltd;2011-ongoing;Periodontics (Q4)
117;21702;Journal of Long-Term Effects of Medical Implants;journal;10506934;0.332;Q3;33;10;106;268;96;102;0.46;26.80;United States;Begell House;1991-ongoing;"Biomedical Engineering (Q3); Dentistry (miscellaneous) (Q3)"
118;145517;Journal of Indian Prosthodontist Society;journal;09724052;0.319;Q3;14;63;258;1731;142;243;0.64;27.48;India;Medknow Publications;2005-ongoing;"Dentistry (miscellaneous) (Q3); Oral Surgery (Q3)"
119;24386;Journal of the Canadian Dental Association;journal;14882159, 07098936;0.312;Q3;53;11;102;98;76;93;0.92;8.91;Canada;Canadian Dental Association;1947-1949, 1979-ongoing;Dentistry (miscellaneous) (Q3)
120;23536;Seminars in Orthodontics;journal;10738746;0.31;Q3;39;38;109;1413;60;97;0.46;37.18;United Kingdom;W. B. Saunders Co., Ltd.;1995-ongoing;Orthodontics (Q3)
121;23565;Special Care in Dentistry;journal;02751879;0.308;Q3;36;52;149;1458;110;138;0.76;28.04;United States;Wiley-Blackwell;1981-ongoing;Dentistry (miscellaneous) (Q3)
122;26236;Minerva Stomatologica;journal;00264970;0.301;Q3;24;34;121;1117;112;114;1.15;32.85;Italy;Edizioni Minerva Medica;1952-1955, 1961, 1965-ongoing;"Medicine (miscellaneous) (Q3); Oral Surgery (Q3); Otorhinolaryngology (Q3); Surgery (Q3)"
123;145166;Evidence-based dentistry;journal;14620049, 14765446;0.296;Q3;15;63;189;323;128;19;4.21;5.13;United Kingdom;Nature Publishing Group;2004-ongoing;Dentistry (miscellaneous) (Q3)
124;25013;European Journal of Dental Education;journal;16000579, 13965883;0.291;Q3;35;68;119;2110;122;109;1.09;31.03;United Kingdom;Blackwell Publishing Inc.;1997-ongoing;"Dentistry (miscellaneous) (Q3); Education (Q3)"
125;15950;Journal of Medical and Dental Sciences;journal;13428810;0.29;Q3;26;6;27;147;28;27;0.55;24.50;Japan;Tokyo Medical and Dental University;1996-ongoing;"Dentistry (miscellaneous) (Q3); Medicine (miscellaneous) (Q3)"
126;21100301612;Swiss Dental Journal;journal;22966501, 22966498;0.284;-;19;34;95;0;57;93;0.28;0.00;Switzerland;Schweizerische Zahnarzte-Gesellschaft;2014-ongoing;Medicine (miscellaneous) (Q3)
127;19300156929;Pesquisa Brasileira em Odontopediatria e Clinica Integrada;journal;19834632, 15190501;0.283;Q3;6;64;150;1695;74;150;0.63;26.48;Brazil;Associacao de Apoio a Pesquisa em Saude Bucal - APESB;2009-ongoing;"Dentistry (miscellaneous) (Q3); Pediatrics, Perinatology and Child Health (Q3)"
128;21100455922;Saudi Journal for Dental Research;journal;23520043, 23520035;0.276;Q3;7;17;78;553;68;75;0.74;32.53;Netherlands;Elsevier BV;2014-ongoing;Dentistry (miscellaneous) (Q3)
129;25581;Indian Journal of Dental Research;journal;19983603, 09709290;0.266;Q3;33;127;452;2745;279;401;0.62;21.61;India;Medknow Publications;1989-ongoing;"Dentistry (miscellaneous) (Q3); Medicine (miscellaneous) (Q3)"
130;19400157005;Journal of Hard Tissue Biology;journal;13417649, 1880828X;0.266;Q3;10;63;181;1775;116;178;0.59;28.17;Japan;Japanese Society of Hard Tissue Research & Technology;2008-ongoing;"Dentistry (miscellaneous) (Q3); Medicine (miscellaneous) (Q3); Orthopedics and Sports Medicine (Q3); Biochemistry (Q4); Biomaterials (Q4); Cell Biology (Q4)"
131;25682;Journal of Contemporary Dental Practice;journal;15263711;0.263;Q3;38;226;480;5746;296;448;0.67;25.42;United States;Procter & Gamble Co.;1999-ongoing;Dentistry (miscellaneous) (Q3)
132;100968;Oral Radiology;journal;09116028;0.246;Q3;14;38;100;967;54;96;0.41;25.45;Japan;Springer Japan;1985-ongoing;"Dentistry (miscellaneous) (Q3); Radiology, Nuclear Medicine and Imaging (Q3)"
133;21100464566;Journal of International Society of Preventive and Community Dentistry;journal;22310762, 22501002;0.242;Q3;6;106;142;3467;101;139;0.73;32.71;India;Medknow Publications and Media Pvt. Ltd;2016-ongoing;Dentistry (miscellaneous) (Q3)
134;4000148702;International Orthodontics;journal;17617227;0.239;Q3;10;86;168;2304;61;167;0.31;26.79;France;Elsevier Masson;2004-ongoing;Orthodontics (Q3)
135;21100807103;Journal of Stomatology, Oral and Maxillofacial Surgery;journal;24687855;0.233;Q3;16;88;246;1510;88;215;0.39;17.16;Netherlands;Elsevier BV;2017-ongoing;"Oral Surgery (Q3); Otorhinolaryngology (Q3); Surgery (Q3)"
136;21100398002;Case Reports in Dentistry;journal;20906455, 20906447;0.229;Q3;7;102;283;2151;149;280;0.53;21.09;Egypt;Hindawi Publishing Corporation;2015-ongoing;Dentistry (miscellaneous) (Q3)
137;24963;Dental update;journal;03055000;0.229;Q3;28;164;449;3084;129;314;0.38;18.80;United Kingdom;George Warman Publications (Pty.) Ltd.;1973-ongoing;Dentistry (miscellaneous) (Q3)
138;19900193275;Journal of International Dental and Medical Research;journal;1309100X;0.222;Q3;7;194;121;4249;115;121;1.02;21.90;Turkey;Ektodermal Displazi Grubu;2009-ongoing;Dentistry (miscellaneous) (Q3)
139;21100348514;Craniomaxillofacial Trauma and Reconstruction;journal;19433883, 19433875;0.221;Q3;7;0;31;0;22;30;0;0.00;United States;Thieme Medical Publishers;2014;"Oral Surgery (Q3); Otorhinolaryngology (Q3); Surgery (Q3)"
140;26277;New York State Dental Journal;journal;00287571;0.218;Q3;19;0;73;0;29;61;0.25;0.00;United States;New York State Dental Association;1947-1951, 1965-ongoing;"Dentistry (miscellaneous) (Q3); Medicine (miscellaneous) (Q3)"
141;83063;Journal of the California Dental Association;journal;19424396, 10432256;0.217;Q3;36;0;203;0;31;111;0.57;0.00;United States;California Dental Association;1988-ongoing;"Dentistry (miscellaneous) (Q3); Medicine (miscellaneous) (Q3)"
142;64007;Journal of Dentistry for Children;journal;15518949;0.21;Q3;36;26;90;645;43;90;0.42;24.81;United States;American Academy of Pediatric Dentistry;1996-ongoing;Dentistry (miscellaneous) (Q3)
143;21100433341;Saudi Endodontic Journal;journal;23201495, 22789618;0.21;Q3;5;39;60;984;37;52;0.71;25.23;India;Medknow Publications and Media Pvt. Ltd;2016-ongoing;Dentistry (miscellaneous) (Q3)
144;25513;General Dentistry;journal;03636771;0.206;Q3;30;126;423;3079;156;373;0.41;24.44;United States;Academy of General Dentistry;1976-ongoing;Dentistry (miscellaneous) (Q3)
145;21100248027;ORAL and Implantology;journal;20352468, 19745648;0.206;Q3;12;57;79;2768;114;79;1.61;48.56;Italy;CIC Edizioni Internazionali s.r.l.;2013-ongoing;Dentistry (miscellaneous) (Q3)
146;21100206609;Journal of the World Federation of Orthodontists;journal;22124438;0.196;Q3;5;32;91;747;24;79;0.23;23.34;Netherlands;Elsevier BV;2012-ongoing;Orthodontics (Q3)
147;11200153561;Journal of Oral Biosciences;journal;13490079, 18803865;0.194;Q3;15;38;86;1627;59;86;0.7;42.82;Japan;Japanese Association for Oral Biology;2008-ongoing;"Biochemistry, Genetics and Molecular Biology (miscellaneous) (Q3); Dentistry (miscellaneous) (Q3); Medicine (miscellaneous) (Q3)"
148;24333;Atlas of the Oral and Maxillofacial Surgery Clinics of North America;journal;10613315;0.188;Q4;16;27;72;764;28;59;0.44;28.30;United Kingdom;W. B. Saunders Co., Ltd.;1993-ongoing;"Surgery (Q3); Oral Surgery (Q4)"
149;17600155034;Journal of Dental Sciences;journal;19917902;0.184;Q3;14;71;221;1670;118;193;0.68;23.52;Taiwan;Association for Dental Sciences of the Republic of China;2009-ongoing;Dentistry (miscellaneous) (Q3)
150;26278;New Zealand Dental Journal;journal;00288047;0.176;Q4;19;0;63;0;21;47;0.19;0.00;New Zealand;New Zealand Dental Association;1949-1951, 1965-ongoing;"Medicine (miscellaneous) (Q3); Dentistry (miscellaneous) (Q4)"
151;25520;Giornale italiano di endodonzia;journal;11214171;0.175;Q4;7;17;45;502;28;38;0.77;29.53;Italy;C I C Edizioni International srl;1990-1991, 2011-ongoing;Dentistry (miscellaneous) (Q4)
152;23760;Acta Stomatologica Croatica;journal;00017019;0.172;Q4;6;39;117;958;38;104;0.32;24.56;Croatia;University of Zagreb;1966-1972, 1974-1975, 1980-1991, 2009-ongoing;Dentistry (miscellaneous) (Q4)
153;21100231618;Oral Surgery;journal;17522471, 1752248X;0.171;Q4;7;63;147;1320;32;132;0.19;20.95;United Kingdom;Blackwell Publishing;2008-ongoing;"Oral Surgery (Q4); Surgery (Q4)"
154;23785;The Alpha omegan;journal;00026417;0.17;Q4;11;0;23;0;5;13;0;0.00;Netherlands;Elsevier B.V.;1948, 1965-1986, 1988-2014;Dentistry (miscellaneous) (Q4)
155;21100843003;Clinical and Experimental Dental Research;journal;20574347;0.167;Q4;4;38;40;1128;17;35;0.49;29.68;United States;John Wiley & Sons Inc.;2015-ongoing;Dentistry (miscellaneous) (Q4)
156;21100197926;Revista Portuguesa de Estomatologia, Medicina Dentaria e Cirurgia Maxilofacial;journal;16462890;0.167;Q4;7;37;125;1059;34;120;0.18;28.62;Spain;Elsevier Doyma;2007-ongoing;"Dentistry (miscellaneous) (Q4); Surgery (Q4)"
157;21100428109;Canadian Journal of Dental Hygiene;journal;17121728;0.162;Q4;2;17;31;355;6;14;0.43;20.88;Canada;Canadian Dental Hygienists Association;2015-ongoing;Dentistry (miscellaneous) (Q4)
158;21100422055;Medecine Buccale Chirurgie Buccale;journal;12732761, 21051011;0.158;Q4;4;41;113;739;8;95;0.09;18.02;France;EDP Sciences;2015-ongoing;"Dentistry (miscellaneous) (Q4); Oral Surgery (Q4); Periodontics (Q4)"
159;21100222518;Journal of Oral and Maxillofacial Surgery, Medicine, and Pathology;journal;22125558;0.153;Q4;8;117;424;2743;99;418;0.24;23.44;United Kingdom;Elsevier Limited;2012-ongoing;"Oral Surgery (Q4); Otorhinolaryngology (Q4); Pathology and Forensic Medicine (Q4); Surgery (Q4)"
160;21100211710;Dental Hypotheses;journal;21558213;0.152;Q4;8;31;110;630;40;94;0.39;20.32;India;Medknow Publications and Media Pvt. Ltd;2010-ongoing;Dentistry (miscellaneous) (Q4)
161;4700152253;Orthodontic Waves;journal;13440241;0.152;Q4;11;32;49;850;15;48;0.27;26.56;Netherlands;Elsevier BV;2006-ongoing;Orthodontics (Q4)
162;24986;Dentistry Today;journal;87502186;0.15;Q4;22;126;578;947;46;441;0.1;7.52;United States;Dentistry Today, Inc.;1989-1992, 1994-ongoing;Dentistry (miscellaneous) (Q4)
163;21100427196;Journal of Orofacial Sciences;journal;09758844, 23204737;0.139;Q4;3;25;59;542;24;53;0.45;21.68;India;Medknow Publications and Media Pvt. Ltd;2015-ongoing;"Oral Surgery (Q4); Orthodontics (Q4)"
164;20500195141;Dental and Medical Problems;journal;1644387X, 23009020;0.132;Q4;6;69;209;1868;39;197;0.21;27.07;Poland;Wroclaw Medical University, Polish Stomatological Association;2009-ongoing;"Dentistry (miscellaneous) (Q4); Medicine (miscellaneous) (Q4)"
165;21100777717;Implantologie;journal;09439692;0.132;Q4;6;41;117;1108;8;90;0.13;27.02;Germany;Quintessenz Verlags GmbH;2016-ongoing;Oral Surgery (Q4)
166;21100226806;Journal of Osseointegration;journal;20364121, 2036413X;0.132;Q4;5;14;23;407;2;23;0.17;29.07;Italy;Ariesdue srl;2009-ongoing;Oral Surgery (Q4)
167;7400153104;Brazilian Journal of Oral Sciences;journal;16773225;0.131;Q4;9;36;158;1011;39;157;0.18;28.08;Brazil;Universidade Estadual de Campinas;2007-ongoing;Dentistry (miscellaneous) (Q4)
168;21100301604;Pediatric Dental Journal;journal;18803997, 09172394;0.131;Q4;7;27;70;771;10;70;0.14;28.56;Netherlands;Elsevier BV;2013-ongoing;"Dentistry (miscellaneous) (Q4); Pediatrics, Perinatology and Child Health (Q4)"
169;23495;Revista Cubana de Estomatologia;journal;00347507, 1561297X;0.128;Q4;6;45;135;973;24;126;0.17;21.62;Cuba;Editorial Ciencias Medicas;1973-1978, 1982-1989, 1996-2002, 2006-ongoing;Dentistry (miscellaneous) (Q4)
170;24457;Dental Cadmos;journal;00118524;0.127;Q4;7;94;296;1203;24;251;0.12;12.80;France;EDRA S.p.A;1965-1991, 2007-ongoing;"Oral Surgery (Q4); Orthodontics (Q4)"
171;21100778010;Journal of Oral Research;journal;07192479;0.126;Q4;4;95;68;1006;21;37;0.57;10.59;Chile;Universidad de Concepcion;2016-ongoing;Dentistry (miscellaneous) (Q4)
172;21100201510;Oralprophylaxe und Kinderzahnheilkunde;journal;16142217;0.126;Q4;2;18;76;547;3;55;0.05;30.39;Germany;Deutscher Arzte-Verlag GmbH;2011-ongoing;Dentistry (miscellaneous) (Q4)
173;21000195001;Zeitschrift fur Zahnarztliche Implantologie;journal;01773348;0.123;Q4;4;20;56;192;2;39;0.1;9.60;Germany;German Society of Implantology;2011-ongoing;Oral Surgery (Q4)
174;21100791268;European Journal of General Dentistry;journal;23204753, 22789626;0.12;Q4;2;26;24;642;6;23;0.26;24.69;India;Medknow Publications and Media Pvt. Ltd;2016-ongoing;Dentistry (miscellaneous) (Q4)
175;21100818702;Journal of International Oral Health;journal;09767428, 09761799;0.12;Q4;3;38;192;1012;22;189;0.12;26.63;India;Medknow Publications and Media Pvt. Ltd;2016-ongoing;Dentistry (miscellaneous) (Q4)
176;5200153010;Revista Espanola de Cirugia Oral y Maxilofacial;journal;11300558;0.117;Q4;5;65;166;783;19;154;0.13;12.05;Spain;Ediciones Ergon S.A.;2006-ongoing;"Oral Surgery (Q4); Otorhinolaryngology (Q4); Surgery (Q4)"
177;21100318728;Biodental Engineering III - Proceedings of the 3rd International Conference on Biodental Engineering, BIODENTAL 2014;conference and proceedings;00002014;0.111;-;2;0;56;0;4;54;0;0.00;Netherlands;;2014;"Biomedical Engineering; Dentistry (miscellaneous)"
178;23579;Stomatologiya;journal;00391735;0.109;Q4;9;92;298;0;22;296;0.07;0.00;Russian Federation;Meditsina Publishers;1947, 1949-1955, 1961, 1965-ongoing;"Dentistry (miscellaneous) (Q4); Medicine (miscellaneous) (Q4)"
179;19700166623;International Journal of Clinical Dentistry;journal;19395833;0.107;Q4;4;26;118;758;11;110;0.12;29.15;United States;Nova Science Publishers Inc.;2008-ongoing;Dentistry (miscellaneous) (Q4)
180;21100317746;World Journal of Dentistry;journal;09766006, 09766014;0.107;Q4;3;95;164;2194;13;149;0.07;23.09;India;Jaypee Brothers Medical Publishers (P) Ltd;2014-ongoing;Dentistry (miscellaneous) (Q4)
181;52916;Avances en odontoestomatologia;journal;02131285, 23403152;0.105;Q4;6;23;86;618;12;83;0.18;26.87;Spain;Avances En Odontoestomatologia;1985-1991, 2003-ongoing;"Dentistry (miscellaneous) (Q4); Otorhinolaryngology (Q4)"
182;40079;Journal of Stomatology;journal;2299551X, 00114553;0.104;Q4;5;62;192;1668;20;188;0.1;26.90;Poland;Panstwowy Zaklad Wydawnictw Lekarskich;1951-1955, 1961-1962, 1965-1990, 2011-ongoing;Dentistry (miscellaneous) (Q4)
183;82723;RGO;journal;01036971;0.104;Q4;2;0;8;0;0;8;0;0.00;Brazil;Inodon Editora;1979, 1983, 1987-1988, 1990, 2009, 2015-ongoing;Dentistry (miscellaneous) (Q4)
184;23627;Texas dental journal;journal;00404284;0.104;Q4;11;0;57;0;3;50;0;0.00;United States;Texas Dental Association;1946, 1948-1950, 1965-2014;"Dentistry (miscellaneous) (Q4); Medicine (miscellaneous) (Q4)"
185;21100211749;Cumhuriyet Dental Journal;journal;21462852;0.103;Q4;3;20;141;563;9;134;0.06;28.15;Turkey;Cumhuriyet University Faculty of Dentistry;2012-ongoing;Dentistry (miscellaneous) (Q4)
186;21100372441;Dental Press Endodontics;journal;21783713;0.103;Q4;4;39;99;845;7;90;0.08;21.67;Brazil;Dental Press Editora Ltda;2011, 2014-ongoing;Dentistry (miscellaneous) (Q4)
187;21100852996;Forum Ortodontyczne;journal;17341558;0.103;Q4;1;0;7;0;1;7;0.2;0.00;Poland;Polish Orthodontic Society;2014-ongoing;Orthodontics (Q4)
188;21100853553;Journal of Hacettepe Faculty of Dentistry;journal;02505207;0.103;Q4;1;0;7;0;0;7;0;0.00;Turkey;Hacettepe Universitesi Yerbilmleri;2015-ongoing;Dentistry (miscellaneous) (Q4)
189;21100853012;Journal of IMAB - Annual Proceeding (Scientific Papers);journal;1312773X;0.103;Q4;1;1;15;58;1;15;0.07;58.00;Bulgaria;Peytchinski Publishing;2015-ongoing;Dentistry (miscellaneous) (Q4)
190;86349;Oral Therapeutics and Pharmacology;journal;02881012;0.103;Q4;5;13;27;223;1;27;0.05;17.15;Japan;Shika Yakubutsu Ryoho Kenkyukai;1984-ongoing;"Dentistry (miscellaneous) (Q4); Pharmacology (Q4); Pharmacology (medical) (Q4)"
191;21100393214;Oral and Maxillofacial Surgery Cases;journal;22145419;0.102;Q4;2;21;23;329;1;23;0.04;15.67;Netherlands;Elsevier BV;2015-ongoing;"Oral Surgery (Q4); Otorhinolaryngology (Q4); Surgery (Q4)"
192;19600157923;Acta Stomatologica Naissi;journal;18201202, 03525252;0.101;Q4;8;11;31;324;0;31;0;29.45;Serbia;University of Nis;2009-ongoing;Dentistry (miscellaneous) (Q4)
193;19900193269;Revista Odonto Ciencia;journal;01029460;0.101;Q4;5;40;101;1051;5;101;0.04;26.28;Brazil;Pontificia Universidade Catolica do Rio Grande do Sul;2011-ongoing;Dentistry (miscellaneous) (Q4)
194;21925;Journal of Japanese Dental Society of Anesthesiology;journal;03865835;0.1;Q4;5;59;142;332;2;142;0.01;5.63;Japan;Japanese Dental Society of Anesthesiology;1993-ongoing;"Anesthesiology and Pain Medicine (Q4); Dentistry (miscellaneous) (Q4)"
195;21100842664;Archives of Orofacial Sciences;journal;22317163, 18238602;;-;1;17;0;359;0;0;0;21.12;Malaysia;School of Dental Sciences, Universiti Sains Malaysia;2017-ongoing;"Oral Surgery; Orthodontics"
196;21100831445;Brazilian Dental Science;journal;21786011;;-;2;79;0;2104;0;0;0;26.63;Brazil;Universidade Estadual Paulista, Institute of Science and Technology of Sao Jose dos Campo;2017-ongoing;Dentistry (miscellaneous)
197;21100855507;Bulletin of the International Association for Paleodontology;journal;18466273;;-;1;7;0;320;0;0;0;45.71;Croatia;University of Zagreb, School of Dental Medicine, Department of Dental Anthropology;2017-ongoing;"Dentistry (miscellaneous); Paleontology"
198;21100869243;JDR Clinical and Translational Research;journal;23800844, 23800852;;-;6;49;40;1280;32;32;1;26.12;United Kingdom;SAGE Publications Ltd;2016-ongoing;Dentistry (miscellaneous)
199;21100857390;Journal of the Korean Association of Oral and Maxillofacial Surgeons;journal;22347550, 22345930;;-;3;52;0;1300;0;0;0;25.00;South Korea;Korean Association of Oral and Maxillofacial Surgeons;2017-ongoing;"Oral Surgery; Surgery"
200;82216;Protetyka stomatologiczna;journal;00331783;;-;1;31;0;801;0;0;0;25.84;Poland;Zwiazku Zawodowego Pracownikow Sluzby Zdrowia;1967-1990, 2017-ongoing;"Dentistry (miscellaneous); Oral Surgery"
