Rank;Sourceid;Title;Type;Issn;SJR;SJR Best Quartile;H index;Total Docs. (2000);Total Docs. (3years);Total Refs.;Total Cites (3years);Citable Docs. (3years);Cites / Doc. (2years);Ref. / Doc.;Country;Categories
1;29431;Quarterly Journal of Economics;journal;ISSN 00335533, 15314650;17.5;Q1;219;43;119;1986;655;119;4.33;46.19;United States;Economics and Econometrics (Q1)
2;27165;Journal of Economic Literature;journal;ISSN 00220515;14.575;Q1;140;15;58;1458;497;58;7.76;97.2;United States;Economics and Econometrics (Q1)
3;20110;NBER Macroeconomics Annual;book serie;ISSN 08893365;13.171;Q1;51;6;18;351;57;18;1.75;58.5;United States;Economics and Econometrics (Q1)
4;19482;Econometrica;journal;ISSN 00129682, 14680262;11.593;Q1;158;50;145;827;370;145;1.81;16.54;United Kingdom;Economics and Econometrics (Q1)
5;28418;Brookings Papers on Economic Activity;journal;ISSN 00072303, 15334465;11.489;Q1;70;11;31;514;176;31;6.05;46.73;United States;"Business, Management and Accounting (miscellaneous) (Q1); Economics and Econometrics (Q1)"
6;24404;Journal of Political Economy;journal;ISSN 1537534, 00223808;9.302;Q1;159;49;146;1293;431;146;2.54;26.39;United States;Economics and Econometrics (Q1)
7;17500;Journal of Finance;journal;ISSN 15406261, 00221082;9.222;Q1;249;89;236;3511;1111;236;3.64;39.45;United Kingdom;"Accounting (Q1); Economics and Econometrics (Q1); Finance (Q1)"
8;24202;Review of Economic Studies;journal;ISSN 1467937, 00346527;8.617;Q1;118;16;109;424;237;109;1.77;26.5;United Kingdom;Economics and Econometrics (Q1)
9;24379;Journal of Financial Economics;journal;ISSN 0304405X, 0304405;7.393;Q1;206;56;160;1759;563;160;3.02;31.41;Netherlands;"Accounting (Q1); Economics and Econometrics (Q1); Finance (Q1); Strategy and Management (Q1)"
10;16161;Review of Financial Studies;journal;ISSN 08939454, 14657368;6.98;Q1;145;36;102;1251;247;102;1.82;34.75;United Kingdom;"Accounting (Q1); Economics and Econometrics (Q1); Finance (Q1)"
11;28980;Journal of Economic Perspectives;journal;ISSN 08953309;5.632;Q1;162;53;150;1846;583;150;3.11;34.83;United States;Economics and Econometrics (Q1)
12;22697;American Economic Review;journal;ISSN 00028282;5.445;Q1;237;166;438;3445;982;432;1.99;20.75;United States;Economics and Econometrics (Q1)
13;19700180554;Handbook of Labour Economics;book serie;ISSN 15734463;4.216;Q1;42;0;34;0;52;31;1.68;0.0;Netherlands;"Business and International Management (Q1); Economics and Econometrics (Q1); Economics, Econometrics and Finance (miscellaneous) (Q1); Organizational Behavior and Human Resource Management (Q1)"
14;28978;Journal of Economic Growth;journal;ISSN 15737020, 13814338;3.878;Q1;72;14;48;477;69;48;0.84;34.07;Netherlands;Economics and Econometrics (Q1)
15;28981;Journal of Economic Theory;journal;ISSN 10957235, 00220531;3.804;Q1;84;73;294;1567;252;294;0.67;21.47;United States;Economics and Econometrics (Q1)
16;19700180549;Handbook of Population and Family Economics;book serie;ISSN 1574003X, 1574003;3.773;Q1;17;0;24;0;35;20;0.0;0.0;Netherlands;"Demography (Q1); Economics and Econometrics (Q1); Economics, Econometrics and Finance (miscellaneous) (Q1)"
17;26259;Review of Economic Dynamics;journal;ISSN 10942025, 10966099;3.737;Q1;52;31;57;816;48;57;0.84;26.32;United States;Economics and Econometrics (Q1)
18;17555;Journal of Monetary Economics;journal;ISSN 03043932;3.717;Q1;107;52;148;1571;179;148;1.01;30.21;Netherlands;"Economics and Econometrics (Q1); Finance (Q1)"
19;20246;Journal of Labor Economics;journal;ISSN 15375307, 0734306X, 0734306;3.68;Q1;90;30;114;839;175;114;1.3;27.97;United States;"Economics and Econometrics (Q1); Industrial Relations (Q1)"
20;22951;Journal of Marketing;journal;ISSN 00222429, 15477185;3.652;Q1;208;25;101;1599;462;101;3.58;63.96;United States;"Business and International Management (Q1); Economics and Econometrics (Q1); Marketing (Q1)"
21;28096;Accounting Review;journal;ISSN 00014826;3.605;Q1;125;19;73;686;169;73;2.04;36.11;United States;"Accounting (Q1); Economics and Econometrics (Q1); Finance (Q1)"
22;23672;RAND Journal of Economics;journal;ISSN 07416261;3.449;Q1;92;35;121;1015;182;121;1.31;29.0;United States;Economics and Econometrics (Q1)
23;22899;Journal of Consumer Research;journal;ISSN 15375277, 00935301;3.445;Q1;146;36;82;1789;221;82;2.6;49.69;United States;"Anthropology (Q1); Arts and Humanities (miscellaneous) (Q1); Business and International Management (Q1); Economics and Econometrics (Q1); Marketing (Q1)"
24;29857;Journal of Accounting Research;journal;ISSN 1475679, 00218456;3.229;Q1;113;31;93;640;176;93;1.83;20.65;United Kingdom;"Accounting (Q1); Economics and Econometrics (Q1); Finance (Q1)"
25;80370;Journal of Financial and Quantitative Analysis;journal;ISSN 00221090;3.195;Q1;97;29;73;882;112;73;1.17;30.41;United Kingdom;"Accounting (Q1); Economics and Econometrics (Q1); Finance (Q1)"
26;24870;Journal of Human Resources;journal;ISSN 0022166X, 15488004, 0022166;3.145;Q1;86;32;103;922;151;103;1.33;28.81;United States;"Economics and Econometrics (Q1); Management of Technology and Innovation (Q1); Organizational Behavior and Human Resource Management (Q1); Strategy and Management (Q1)"
27;22961;Journal of Marketing Research;journal;ISSN 00222437, 15477193;3.132;Q1;141;39;116;1565;326;116;2.06;40.13;United States;"Business and International Management (Q1); Economics and Econometrics (Q1); Marketing (Q1)"
28;24393;Journal of International Economics;journal;ISSN 00221996;3.043;Q1;113;56;147;1472;244;147;1.46;26.29;Netherlands;"Economics and Econometrics (Q1); Finance (Q1)"
29;23011;Economic Journal;journal;ISSN 14680297, 00130133;2.994;Q1;134;72;236;1760;435;236;1.62;24.44;United States;Economics and Econometrics (Q1)
30;23714;Marketing Science;journal;ISSN 1526548, 07322399;2.901;Q1;108;22;77;749;177;77;1.71;34.05;United States;"Business and International Management (Q1); Economics and Econometrics (Q1); Marketing (Q1)"
31;17557;Journal of Money, Credit and Banking;journal;ISSN 00222879, 15384616;2.848;Q1;91;37;115;889;151;115;1.09;24.03;United States;"Accounting (Q1); Economics and Econometrics (Q1); Finance (Q1)"
32;14547;Social Choice and Welfare;journal;ISSN 01761714, 1432217;2.829;Q1;42;43;104;1018;81;104;0.77;23.67;Germany;"Economics and Econometrics (Q1); Social Sciences (miscellaneous) (Q1)"
33;29838;Journal of Accounting and Economics;journal;ISSN 01654101;2.795;Q1;122;29;83;1009;179;83;1.8;34.79;Netherlands;"Accounting (Q1); Economics and Econometrics (Q1); Finance (Q1)"
34;19700180550;Handbook of Macroeconomics;book serie;ISSN 15740048;2.702;Q1;24;0;28;0;20;27;0.74;0.0;Netherlands;"Economics and Econometrics (Q1); Economics, Econometrics and Finance (miscellaneous) (Q1)"
35;24204;Review of Economics and Statistics;journal;ISSN 00346535, 15309142;2.656;Q1;134;53;189;1608;242;189;1.16;30.34;United States;"Economics and Econometrics (Q1); Social Sciences (miscellaneous) (Q1)"
36;28488;Economic Theory;journal;ISSN 14320479, 09382259;2.634;Q1;49;82;216;1568;97;216;0.4;19.12;Germany;Economics and Econometrics (Q1)
37;14194;Games and Economic Behavior;journal;ISSN 08998256, 10902473;2.618;Q1;79;64;183;1202;121;183;0.52;18.78;United States;"Economics and Econometrics (Q1); Finance (Q1)"
38;25654;Post-Soviet Affairs;journal;ISSN 1060586, 1060586X;2.609;Q1;36;12;49;528;85;49;1.46;44.0;United Kingdom;"Economics and Econometrics (Q1); Political Science and International Relations (Q1); Sociology and Political Science (Q1)"
39;20749;European Economic Review;journal;ISSN 00142921;2.604;Q1;110;103;287;2187;360;287;1.06;21.23;Netherlands;"Economics and Econometrics (Q1); Finance (Q1)"
40;28976;Journal of Economic Dynamics and Control;journal;ISSN 01651889;2.529;Q1;75;69;204;2023;193;204;0.58;29.32;Netherlands;"Applied Mathematics (Q1); Control and Optimization (Q1); Economics and Econometrics (Q1)"
41;23666;International Economic Review;journal;ISSN 00206598, 14682354;2.496;Q1;74;42;147;1095;152;147;1.03;26.07;United Kingdom;Economics and Econometrics (Q1)
42;20109;Macroeconomic Dynamics;journal;ISSN 14698056, 13651005;2.452;Q1;39;20;80;635;57;79;0.6;31.75;United Kingdom;Economics and Econometrics (Q1)
43;16159;Review of Derivatives Research;journal;ISSN 13806645;2.445;Q1;24;16;15;405;18;15;1.2;25.31;Netherlands;"Economics, Econometrics and Finance (miscellaneous) (Q1); Finance (Q1)"
44;29009;Journal of Public Economics;journal;ISSN 00472727;2.388;Q1;115;73;249;2019;278;249;0.99;27.66;Netherlands;"Economics and Econometrics (Q1); Finance (Q1)"
45;18173;Mathematical Finance;journal;ISSN 14679965, 09601627;2.371;Q1;65;26;54;503;101;54;1.31;19.35;United Kingdom;"Accounting (Q1); Applied Mathematics (Q1); Economics and Econometrics (Q1); Finance (Q1); Social Sciences (miscellaneous) (Q1)"
46;28973;Journal of Econometrics;journal;ISSN 03044076;2.281;Q1;127;83;265;2609;401;265;1.27;31.43;Netherlands;"Applied Mathematics (Q1); Economics and Econometrics (Q1); History and Philosophy of Science (Q1)"
47;22336;Harvard Business Review;journal;ISSN 00178012;2.249;Q1;154;57;143;16;546;141;3.61;0.28;United States;"Business and International Management (Q1); Business, Management and Accounting (miscellaneous) (Q1); Economics and Econometrics (Q1); Management of Technology and Innovation (Q1); Medicine (miscellaneous) (Q1); Strategy and Management (Q1)"
48;28996;Journal of Financial Intermediation;journal;ISSN 10429573, 10960473;2.245;Q1;63;16;39;579;32;39;0.63;36.19;United States;"Economics and Econometrics (Q1); Finance (Q1)"
49;20022;Economic Policy;journal;ISSN 14680327, 02664658;2.234;Q1;63;11;36;376;87;36;2.54;34.18;United Kingdom;"Economics and Econometrics (Q1); Management, Monitoring, Policy and Law (Q1)"
50;28464;Econometric Theory;journal;ISSN 02664666, 14694360;2.189;Q1;58;43;146;676;94;146;0.62;15.72;United Kingdom;"Economics and Econometrics (Q1); Social Sciences (miscellaneous) (Q1)"
51;17528;Journal of Financial Markets;journal;ISSN 13864181;2.103;Q1;49;15;29;544;31;29;1.07;36.27;Netherlands;"Economics and Econometrics (Q1); Finance (Q1)"
52;24406;Journal of Urban Economics;journal;ISSN 00941190, 10959068;2.071;Q1;89;45;140;1146;156;140;1.04;25.47;United States;"Economics and Econometrics (Q1); Urban Studies (Q1)"
53;26261;Review of International Political Economy;journal;ISSN 14664526, 09692290;2.038;Q1;56;28;69;1570;136;69;1.7;56.07;United Kingdom;"Economics and Econometrics (Q1); Political Science and International Relations (Q1); Sociology and Political Science (Q1)"
54;23352;Journal of Environmental Economics and Management;journal;ISSN 10960449, 00950696;2.003;Q1;101;36;132;1275;230;130;1.26;35.42;United States;"Economics and Econometrics (Q1); Management, Monitoring, Policy and Law (Q1)"
55;28988;Journal of Economics and Management Strategy;journal;ISSN 10586407, 15309134;1.994;Q1;58;23;71;597;85;71;0.63;25.96;United Kingdom;"Business, Management and Accounting (miscellaneous) (Q1); Economics and Econometrics (Q1); Management of Technology and Innovation (Q1); Strategy and Management (Q1)"
56;29113;Contemporary Accounting Research;journal;ISSN 08239150;1.987;Q1;77;27;63;752;61;63;1.12;27.85;United States;"Accounting (Q1); Economics and Econometrics (Q1); Finance (Q1)"
57;23835;Journal of Business;journal;ISSN 00219398;1.912;Q1;81;22;56;786;92;56;1.62;35.73;United States;"Business and International Management (Q1); Economics and Econometrics (Q1); Statistics, Probability and Uncertainty (Q1)"
58;24392;Journal of International Business Studies;journal;ISSN 14786990, 00472506;1.904;Q1;156;41;120;1809;238;114;1.39;44.12;United Kingdom;"Business and International Management (Q1); Business, Management and Accounting (miscellaneous) (Q1); Economics and Econometrics (Q1); Management of Technology and Innovation (Q1); Strategy and Management (Q1)"
59;19900192439;IMF Economic Review;book serie;ISSN 20414161, 2041417;1.852;Q1;57;24;63;685;111;63;2.05;28.54;United Kingdom;"Business, Management and Accounting (miscellaneous) (Q1); Economics, Econometrics and Finance (miscellaneous) (Q1)"
60;28092;Economic Geography;journal;ISSN 00130095;1.834;Q1;71;16;64;1229;134;64;1.98;76.81;United Kingdom;"Economics and Econometrics (Q1); Geography, Planning and Development (Q1)"
61;16242;Journal of Law, Economics, and Organization;journal;ISSN 87566222, 14657341;1.753;Q1;60;20;70;968;82;70;1.17;48.4;United Kingdom;"Economics and Econometrics (Q1); Law (Q1); Organizational Behavior and Human Resource Management (Q1)"
62;20635;Journal of Management;journal;ISSN 01492063;1.705;Q1;176;55;105;3939;221;99;1.51;71.62;United States;"Finance (Q1); Strategy and Management (Q1)"
63;23241;International Journal of Game Theory;journal;ISSN 14321270, 00207276;1.65;Q1;37;40;115;548;55;115;0.43;13.7;Germany;"Economics and Econometrics (Q1); Mathematics (miscellaneous) (Q1); Social Sciences (miscellaneous) (Q1); Statistics and Probability (Q1); Statistics, Probability and Uncertainty (Q1)"
64;28708;National Tax Journal;journal;ISSN 00280283;1.605;Q1;49;54;129;1594;76;129;0.5;29.52;United States;"Accounting (Q1); Economics and Econometrics (Q1); Finance (Q1)"
65;17499;Journal of Empirical Finance;journal;ISSN 09275398;1.536;Q1;63;22;57;654;60;57;0.52;29.73;Netherlands;"Economics and Econometrics (Q1); Finance (Q1)"
66;26878;Journal of Population Economics;journal;ISSN 14321475, 09331433;1.529;Q1;63;33;84;819;55;84;0.44;24.82;Germany;"Demography (Q1); Economics and Econometrics (Q1)"
67;24900;Real Estate Economics;journal;ISSN 10808620, 15406229;1.519;Q1;52;26;85;591;79;85;0.89;22.73;United Kingdom;"Accounting (Q1); Economics and Econometrics (Q1); Finance (Q1)"
68;34037;Land Economics;journal;ISSN 00237639;1.504;Q1;73;42;119;1338;155;119;1.04;31.86;United States;"Economics and Econometrics (Q1); Environmental Science (miscellaneous) (Q1)"
69;13530;Journal of the Royal Statistical Society. Series A, (Statistics in Society);journal;ISSN 09641998, 1467985;1.481;Q1;67;23;70;647;102;70;1.36;28.13;United Kingdom;"Economics and Econometrics (Q1); Social Sciences (miscellaneous) (Q1); Statistics and Probability (Q1); Statistics, Probability and Uncertainty (Q1)"
70;20002;Economic Inquiry;journal;ISSN 00952583, 14657295;1.444;Q1;61;45;161;1239;133;161;0.79;27.53;United Kingdom;"Business, Management and Accounting (miscellaneous) (Q1); Economics and Econometrics (Q1)"
71;24389;Journal of Industrial Economics;journal;ISSN 00221821, 14676451;1.431;Q1;67;28;69;573;79;69;1.3;20.46;United Kingdom;"Accounting (Q1); Business, Management and Accounting (miscellaneous) (Q1); Economics and Econometrics (Q1)"
72;14834;Journal of Development of Economics;journal;ISSN 03043878;1.412;Q1;115;65;196;1925;152;196;0.7;29.62;Netherlands;"Development (Q1); Economics and Econometrics (Q1)"
73;27162;Journal of Business and Economic Statistics;journal;ISSN 07350015, 15372707;1.382;Q1;80;46;152;1348;136;152;0.74;29.3;United Kingdom;"Economics and Econometrics (Q1); Social Sciences (miscellaneous) (Q1); Statistics and Probability (Q1); Statistics, Probability and Uncertainty (Q2)"
74;27365;World Bank Economic Review;journal;ISSN 1564698, 02586770;1.382;Q1;77;26;64;835;100;64;1.07;32.12;United Kingdom;"Accounting (Q1); Development (Q1); Economics and Econometrics (Q1); Finance (Q1)"
75;29011;Journal of Risk and Uncertainty;journal;ISSN 08955646, 15730476;1.315;Q1;62;25;81;697;78;81;0.84;27.88;Netherlands;"Accounting (Q1); Economics and Econometrics (Q1); Finance (Q1)"
76;22903;Oxford Economic Papers;journal;ISSN 00307653, 14643812;1.303;Q1;60;38;111;930;122;111;1.0;24.47;United Kingdom;Economics and Econometrics (Q1)
77;17472;Journal of Banking and Finance;journal;ISSN 03784266;1.24;Q1;126;79;219;2328;202;218;0.81;29.47;Netherlands;"Economics and Econometrics (Q1); Finance (Q1)"
78;24385;Journal of the Academy of Marketing Science;journal;ISSN 00920703;1.229;Q1;139;37;62;1891;186;62;2.0;51.11;United States;"Business and International Management (Q1); Economics and Econometrics (Q1); Marketing (Q1)"
79;23861;Journal of Comparative Economics;journal;ISSN 10957227, 01475967;1.223;Q1;69;37;104;1149;118;104;1.22;31.05;United States;Economics and Econometrics (Q1)
80;15298;Structural Equation Modeling;journal;ISSN 10705511, 15328007;1.207;Q1;79;29;69;909;111;68;1.87;31.34;United States;"Decision Sciences (miscellaneous) (Q1); Economics, Econometrics and Finance (miscellaneous) (Q1); Modeling and Simulation (Q1); Sociology and Political Science (Q1)"
81;20048;Economica;journal;ISSN 00130427, 14680335;1.176;Q1;54;28;102;567;82;102;0.74;20.25;United Kingdom;Economics and Econometrics (Q1)
82;74502;Financial Management;journal;ISSN 00463892, 1755053;1.167;Q1;56;21;84;730;73;84;0.85;34.76;United States;"Accounting (Q1); Economics and Econometrics (Q1); Finance (Q1)"
83;23582;Journal of Real Estate Finance and Economics;journal;ISSN 08955638, 1573045;1.159;Q1;53;36;100;911;88;100;0.75;25.31;Netherlands;"Economics and Econometrics (Q1); Urban Studies (Q1); Accounting (Q2); Finance (Q2)"
84;24353;Journal of Economic Surveys;journal;ISSN 14676419, 09500804;1.156;Q1;76;25;59;1053;51;59;0.76;42.12;United Kingdom;Economics and Econometrics (Q1)
85;23411;Journal of Industrial Ecology;journal;ISSN 15309290, 10881980;1.116;Q1;80;22;108;633;133;105;1.17;28.77;United States;"Economics and Econometrics (Q1); Environmental Science (miscellaneous) (Q1); Social Sciences (miscellaneous) (Q1)"
86;20662;Entrepreneurship and Regional Development;journal;ISSN 14645114, 08985626;1.109;Q2;69;17;58;1053;85;58;1.24;61.94;United Kingdom;"Business and International Management (Q1); Economics and Econometrics (Q2)"
87;29400;Journal of World Business;journal;ISSN 10909516;1.108;Q2;87;22;71;882;95;71;0.92;40.09;United Kingdom;"Business and International Management (Q1); Marketing (Q1); Finance (Q2)"
88;28491;Economics of Transition;journal;ISSN 09670750, 14680351;1.099;Q2;44;27;76;473;69;76;0.94;17.52;United Kingdom;Economics and Econometrics (Q2)
89;26941;Theory and Decision;journal;ISSN 00405833, 15737187;1.091;Q1;30;42;83;838;40;83;0.51;19.95;Netherlands;"Applied Psychology (Q1); Arts and Humanities (miscellaneous) (Q1); Computer Science Applications (Q1); Decision Sciences (miscellaneous) (Q1); Developmental and Educational Psychology (Q1); Economics, Econometrics and Finance (miscellaneous) (Q1); Social Sciences (miscellaneous) (Q1)"
90;23687;Marketing Letters;journal;ISSN 09230645, 1573059;1.04;Q2;55;26;91;634;57;91;0.53;24.38;Netherlands;"Business and International Management (Q1); Marketing (Q1); Economics and Econometrics (Q2)"
91;29374;Energy Economics;journal;ISSN 18736181, 01409883;1.036;Q2;109;26;92;595;72;92;0.59;22.88;Netherlands;"Energy (miscellaneous) (Q1); Economics and Econometrics (Q2)"
92;24350;Journal of Economic Education;journal;ISSN 00220485;1.009;Q2;41;47;111;492;45;111;0.33;10.47;United States;"Education (Q1); Economics and Econometrics (Q2)"
93;14733;Financial Analysts Journal;journal;ISSN 0015198X, 0015198;1.008;Q2;66;40;152;786;91;152;0.64;19.65;United States;"Accounting (Q2); Economics and Econometrics (Q2); Finance (Q2)"
94;11700154334;Journal of Derivatives;journal;ISSN 10741240;0.979;Q2;39;26;78;342;44;71;0.42;13.15;United States;"Economics and Econometrics (Q2); Finance (Q2)"
95;28979;Journal of Economic History;journal;ISSN 00220507, 14716372;0.979;Q1;50;40;129;1958;70;126;0.49;48.95;United Kingdom;"Economics, Econometrics and Finance (miscellaneous) (Q1); History (Q1); Economics and Econometrics (Q2)"
96;28999;Journal of Mathematical Economics;journal;ISSN 03044068;0.975;Q2;35;58;152;892;53;152;0.31;15.38;Netherlands;"Applied Mathematics (Q2); Economics and Econometrics (Q2)"
97;28466;Economic History Review;journal;ISSN 14680289, 00130117;0.965;Q2;41;22;79;1699;68;79;0.79;77.23;United Kingdom;"History (Q1); Economics and Econometrics (Q2)"
98;27614;Resources and Energy Economics;journal;ISSN 09287655;0.964;Q2;57;21;56;426;46;56;0.66;20.29;Netherlands;Economics and Econometrics (Q2)
99;28062;International Tax and Public Finance;journal;ISSN 15736970, 09275940;0.964;Q2;43;36;77;849;46;77;0.51;23.58;Netherlands;"Accounting (Q2); Economics and Econometrics (Q2); Finance (Q2)"
100;30060;World Development;journal;ISSN 0305750, 0305750X;0.952;Q2;140;129;413;5562;503;413;1.25;43.12;United Kingdom;"Development (Q1); Geography, Planning and Development (Q1); Sociology and Political Science (Q1); Economics and Econometrics (Q2)"
101;28561;Auditing;journal;ISSN 02780380;0.942;Q2;58;27;47;823;30;47;0.52;30.48;United States;"Accounting (Q2); Economics and Econometrics (Q2); Finance (Q2)"
102;28945;Industrial and Corporate Change;journal;ISSN 09606491, 14643650;0.915;Q2;92;21;80;1225;67;80;0.53;58.33;United Kingdom;Economics and Econometrics (Q2)
103;16220;Journal of Law and Economics;journal;ISSN 00222186, 15375285;0.915;Q2;71;24;78;878;78;78;0.97;36.58;United States;"Law (Q1); Economics and Econometrics (Q2)"
104;21366;Cambridge Journal of Economics;journal;ISSN 0309166, 0309166X, 14643545;0.914;Q2;70;40;129;2104;160;129;1.43;52.6;United Kingdom;Economics and Econometrics (Q2)
105;17533;Journal of International Money and Finance;journal;ISSN 02615606;0.909;Q2;77;45;145;1281;139;145;0.78;28.47;United Kingdom;"Economics and Econometrics (Q2); Finance (Q2)"
106;69623;American Journal of Agricultural Economics;journal;ISSN 00029092;0.873;Q2;90;106;399;2231;365;399;0.78;21.05;United Kingdom;"Agricultural and Biological Sciences (miscellaneous) (Q1); Economics and Econometrics (Q2)"
107;23865;Journal of Economic Behavior and Organization;journal;ISSN 01672681;0.869;Q2;94;80;254;2358;153;254;0.64;29.48;Netherlands;"Organizational Behavior and Human Resource Management (Q1); Economics and Econometrics (Q2)"
108;20043;Scandinavian Actuarial Journal;journal;ISSN 03461238, 16512030;0.855;Q2;30;12;40;137;28;40;0.89;11.42;United Kingdom;"Economics and Econometrics (Q2); Statistics and Probability (Q2); Statistics, Probability and Uncertainty (Q2)"
109;18034;World Bank Research Observer;journal;ISSN 02573032, 15646971;0.841;Q2;55;12;42;365;53;42;1.21;30.42;United Kingdom;"Development (Q1); Economics and Econometrics (Q2)"
110;19875;Journal of Common Market Studies;journal;ISSN 14685965, 00219886;0.831;Q2;76;39;81;1651;108;81;1.18;42.33;United Kingdom;"Business and International Management (Q1); Business, Management and Accounting (miscellaneous) (Q1); Political Science and International Relations (Q1); Economics and Econometrics (Q2)"
111;64461;European Journal of Political Economy;journal;ISSN 01762680;0.828;Q2;65;40;120;1073;70;120;0.4;26.83;Netherlands;"Political Science and International Relations (Q1); Economics and Econometrics (Q2)"
112;28957;Japan and the World Economy;journal;ISSN 09221425;0.805;Q2;28;21;80;472;24;80;0.17;22.48;Netherlands;"Political Science and International Relations (Q1); Economics and Econometrics (Q2); Finance (Q2)"
113;29401;Journal of the Japanese and International Economies;journal;ISSN 08891583, 10958681;0.801;Q2;34;17;63;581;36;63;0.37;34.18;United States;"Political Science and International Relations (Q1); Economics and Econometrics (Q2); Finance (Q2)"
114;29441;Review of Economic Design;journal;ISSN 14344750, 14344742;0.789;Q1;21;18;44;321;15;44;0.37;17.83;Germany;Economics, Econometrics and Finance (miscellaneous) (Q1)
115;29391;Energy Journal;journal;ISSN 01956574;0.777;Q2;64;23;97;293;92;97;0.91;12.74;United States;"Energy (miscellaneous) (Q1); Economics and Econometrics (Q2)"
116;20290;Ecological Economics;journal;ISSN 09218009;0.774;Q2;161;136;328;5038;368;303;1.16;37.04;Netherlands;"Environmental Science (miscellaneous) (Q1); Economics and Econometrics (Q2)"
117;20142;Review of Income and Wealth;journal;ISSN 00346586, 14754991;0.773;Q2;47;25;90;667;50;90;0.43;26.68;United Kingdom;Economics and Econometrics (Q2)
118;28994;Journal of Evolutionary Economics;journal;ISSN 14321386, 09369937;0.772;Q2;61;30;59;985;51;59;0.55;32.83;Germany;"Business, Management and Accounting (miscellaneous) (Q1); Economics and Econometrics (Q2)"
119;19251;Work, Employment and Society;journal;ISSN 09500170;0.768;Q2;64;45;112;1508;108;112;0.91;33.51;United States;"Sociology and Political Science (Q1); Accounting (Q2); Economics and Econometrics (Q2); Organizational Behavior and Human Resource Management (Q2)"
120;18111;Insurance: Mathematics and Economics;journal;ISSN 01676687;0.763;Q2;62;47;126;871;85;126;0.56;18.53;Netherlands;"Economics and Econometrics (Q2); Statistics and Probability (Q2); Statistics, Probability and Uncertainty (Q2)"
121;28964;Journal of Applied Econometrics;journal;ISSN 10991255, 08837252;0.761;Q2;81;31;92;1006;81;92;0.48;32.45;United States;"Social Sciences (miscellaneous) (Q1); Economics and Econometrics (Q2)"
122;15139;Regional Science and Urban Economics;journal;ISSN 01660462;0.745;Q2;63;30;106;761;60;106;0.46;25.37;Netherlands;"Urban Studies (Q1); Economics and Econometrics (Q2)"
123;28148;Eurasian Geography and Economics;journal;ISSN 15387216;0.745;Q2;36;33;88;1018;66;88;0.67;30.85;United Kingdom;"Geography, Planning and Development (Q1); Economics and Econometrics (Q2)"
124;20928;Environmental and Resource Economics;journal;ISSN 09246460;0.741;Q2;77;72;174;1817;130;171;0.69;25.24;Netherlands;"Aerospace Engineering (Q1); Management, Monitoring, Policy and Law (Q1); Economics and Econometrics (Q2)"
125;16904;International Finance;journal;ISSN 13670271, 14682362;0.739;Q2;34;19;25;664;17;25;0.68;34.95;United Kingdom;"Development (Q1); Geography, Planning and Development (Q1); Finance (Q2)"
126;6400153171;ASTIN Bulletin;journal;ISSN 05150361, 17831350;0.739;Q2;35;21;68;330;38;67;0.66;15.71;United Kingdom;"Accounting (Q2); Economics and Econometrics (Q2); Finance (Q2)"
127;22904;Oxford Review of Economic Policy;journal;ISSN 14602121, 0266903, 0266903X;0.738;Q2;73;35;93;1218;113;93;1.15;34.8;United Kingdom;"Management, Monitoring, Policy and Law (Q1); Economics and Econometrics (Q2)"
128;23594;World Economy;journal;ISSN 14679701, 03785920;0.731;Q2;58;66;163;1483;135;163;0.81;22.47;United Kingdom;"Political Science and International Relations (Q1); Accounting (Q2); Economics and Econometrics (Q2); Finance (Q2)"
129;21386;Canadian Journal of Economics;journal;ISSN 00084085;0.728;Q2;58;52;196;939;86;196;0.34;18.06;United States;Economics and Econometrics (Q2)
130;16525;Journal of Portfolio Management;journal;ISSN 00954918;0.722;Q2;42;39;129;399;64;129;0.47;10.23;United States;"Business, Management and Accounting (miscellaneous) (Q1); Accounting (Q2); Economics and Econometrics (Q2); Finance (Q2)"
131;24380;Journal of Financial Research;journal;ISSN 02702592, 14756803;0.72;Q2;41;29;91;458;54;90;0.4;15.79;United Kingdom;"Accounting (Q2); Finance (Q2)"
132;18900;Journal of Transport Economics and Policy;journal;ISSN 00225258;0.71;Q2;46;19;61;477;44;61;0.68;25.11;United Kingdom;"Management, Monitoring, Policy and Law (Q1); Transportation (Q1); Economics and Econometrics (Q2)"
133;20727;Europe-Asia Studies;journal;ISSN 09668136, 14653427;0.703;Q2;47;58;154;4806;129;154;0.87;82.86;United Kingdom;"Geography, Planning and Development (Q1); History (Q1); Sociology and Political Science (Q1); Economics and Econometrics (Q2)"
134;24849;Scandinavian Journal of Economics;journal;ISSN 03470520, 14679442;0.7;Q2;55;37;103;760;58;103;0.5;20.54;United Kingdom;Economics and Econometrics (Q2)
135;14122;Economic Development and Cultural Change;journal;ISSN 00130079, 15392988;0.698;Q2;59;41;109;1582;93;109;0.92;38.59;United States;"Development (Q1); Economics and Econometrics (Q2)"
136;22255;National Institute Economic Review;journal;ISSN 00279501, 17413036;0.669;Q1;27;44;122;526;66;106;0.42;11.95;United States;Economics, Econometrics and Finance (miscellaneous) (Q1)
137;29429;Post-Communist Economies;journal;ISSN 14631377;0.652;Q2;22;26;85;844;40;85;0.43;32.46;United Kingdom;Economics and Econometrics (Q2)
138;26043;Economy and Society;journal;ISSN 14695766, 03085147;0.648;Q1;78;25;78;1277;57;78;0.75;51.08;United Kingdom;"Business and International Management (Q1); Economics, Econometrics and Finance (miscellaneous) (Q1); History (Q1); Social Sciences (miscellaneous) (Q1); Economics and Econometrics (Q2)"
139;3200147830;Journal of Accounting, Auditing and Finance;journal;ISSN 0148558, 0148558X;0.648;Q1;38;25;72;620;38;72;0.47;24.8;United States;"Economics, Econometrics and Finance (miscellaneous) (Q1); Accounting (Q2); Finance (Q2)"
140;21210;Local Economy;journal;ISSN 02690942, 14709325;0.634;Q1;30;41;133;722;63;118;0.58;17.61;United States;Economics, Econometrics and Finance (miscellaneous) (Q1)
141;29170;Critical Perspectives on Accounting;journal;ISSN 10452354, 10959955;0.63;Q2;52;35;90;1686;73;90;0.67;48.17;United States;"Sociology and Political Science (Q1); Accounting (Q2); Finance (Q2); Information Systems and Management (Q2)"
142;22902;Oxford Bulletin of Economics and Statistics;journal;ISSN 14680084, 03059049;0.628;Q2;61;43;89;1039;67;89;0.57;24.16;United Kingdom;"Social Sciences (miscellaneous) (Q1); Economics and Econometrics (Q2); Statistics and Probability (Q3); Statistics, Probability and Uncertainty (Q3)"
143;29010;Journal of Regulatory Economics;journal;ISSN 15730468, 0922680, 0922680X;0.627;Q2;48;25;96;837;59;96;0.65;33.48;Netherlands;Economics and Econometrics (Q2)
144;21995;Contemporary Economic Policy;journal;ISSN 14657287, 10743529;0.621;Q2;41;41;127;1124;79;127;0.45;27.41;United Kingdom;"Business, Management and Accounting (miscellaneous) (Q1); Economics and Econometrics (Q2); Public Administration (Q2)"
145;18617;Journal of Risk and Insurance;journal;ISSN 15396975, 00224367;0.617;Q2;53;28;83;721;55;83;0.54;25.75;United Kingdom;"Accounting (Q2); Economics and Econometrics (Q2); Finance (Q2)"
146;20672;Journal of Productivity Analysis;journal;ISSN 15730441, 0895562X, 0895562;0.614;Q2;61;24;84;654;73;84;0.68;27.25;Netherlands;"Business and International Management (Q1); Social Sciences (miscellaneous) (Q1); Economics and Econometrics (Q2)"
147;19692;Economics of Education Review;journal;ISSN 02727757;0.611;Q2;65;23;120;664;48;120;0.29;28.87;United Kingdom;"Education (Q1); Economics and Econometrics (Q2)"
148;29447;Review of Industrial Organization;journal;ISSN 0889938X, 0889938, 15737160;0.608;Q2;49;54;127;1271;57;127;0.33;23.54;Netherlands;"Management of Technology and Innovation (Q1); Economics and Econometrics (Q2); Organizational Behavior and Human Resource Management (Q2); Strategy and Management (Q2)"
149;29104;Small Business Economics;journal;ISSN 0921898, 0921898X, 15730913;0.607;Q2;98;43;145;1635;113;145;0.69;38.02;Netherlands;"Business, Management and Accounting (miscellaneous) (Q1); Economics and Econometrics (Q2)"
150;19966;Bulletin of Indonesian Economic Studies;journal;ISSN 00074918, 14727234;0.6;Q2;27;20;46;442;56;46;1.53;22.1;United Kingdom;"Development (Q1); Economics and Econometrics (Q2)"
151;25494;Southern Economic Journal;journal;ISSN 00384038;0.597;Q2;47;55;182;1474;100;182;0.56;26.8;United States;Economics and Econometrics (Q2)
152;22944;Journal of International Marketing;journal;ISSN 1069031, 15477215, 1069031X;0.589;Q2;73;19;57;646;49;57;0.79;34.0;United States;"Business and International Management (Q1); Marketing (Q1); Economics and Econometrics (Q2)"
153;21100852014;International Journal of Business Communication;journal;ISSN 23294892, 23294884;0.579;Q1;44;17;72;794;63;71;0.4;46.71;United States;"Business, Management and Accounting (miscellaneous) (Q1); Economics, Econometrics and Finance (miscellaneous) (Q1)"
154;28490;Economics Letters;journal;ISSN 01651765;0.579;Q2;77;215;646;1955;234;646;0.3;9.09;Netherlands;"Economics and Econometrics (Q2); Finance (Q2)"
155;27094;Fiscal Studies;journal;ISSN 14755890, 01435671;0.565;Q2;34;16;62;684;38;62;0.61;42.75;United States;"Accounting (Q2); Economics and Econometrics (Q2); Finance (Q2)"
156;23611;Public Choice;journal;ISSN 15737101, 00485829;0.565;Q2;65;68;258;2014;113;258;0.37;29.62;Netherlands;"Economics and Econometrics (Q2); Sociology and Political Science (Q2)"
157;26424;Resources, Conservation and Recycling;journal;ISSN 09213449;0.55;Q2;94;62;163;1516;114;161;0.52;24.45;Netherlands;"Waste Management and Disposal (Q1); Economics and Econometrics (Q2)"
158;15662;International Review of Law and Economics;journal;ISSN 01448188;0.538;Q2;37;24;86;720;48;86;0.57;30.0;Netherlands;"Law (Q1); Economics and Econometrics (Q2); Finance (Q2)"
159;5600152814;Journal of Public Economic Theory;journal;ISSN 14679779, 10973923;0.534;Q2;28;20;23;411;8;21;0.38;20.55;United Kingdom;"Economics and Econometrics (Q2); Finance (Q2); Sociology and Political Science (Q2)"
160;20091;Journal of Macroeconomics;journal;ISSN 01640704;0.534;Q2;37;32;128;859;55;128;0.31;26.84;Netherlands;Economics and Econometrics (Q2)
161;80835;Journal of Agricultural and Resource Economics;journal;ISSN 10685502;0.531;Q2;40;40;97;1199;52;97;0.57;29.98;United States;"Agronomy and Crop Science (Q2); Animal Science and Zoology (Q2); Economics and Econometrics (Q2)"
162;130105;Accounting, Auditing and Accountability Journal;journal;ISSN 09513574;0.525;Q1;76;28;87;1733;60;87;0.49;61.89;United Kingdom;"Economics, Econometrics and Finance (miscellaneous) (Q1); Accounting (Q2)"
163;145573;GENEVA Risk and Insurance Review;journal;ISSN 15549658, 1554964;0.523;Q2;17;10;31;181;11;31;0.38;18.1;Germany;"Business, Management and Accounting (miscellaneous) (Q1); Accounting (Q2); Economics and Econometrics (Q2); Finance (Q2)"
164;17529;Journal of Financial Services Research;journal;ISSN 15730735, 09208550;0.522;Q2;44;27;75;897;31;75;0.34;33.22;Netherlands;"Accounting (Q2); Economics and Econometrics (Q2); Finance (Q2)"
165;22733;Journal of African Economies;journal;ISSN 14643723, 09638024;0.52;Q2;37;27;82;901;47;82;0.47;33.37;United Kingdom;"Development (Q1); Economics and Econometrics (Q2)"
166;28487;Economic Systems Research;journal;ISSN 09535314, 14695758;0.52;Q2;45;25;47;644;60;47;1.31;25.76;United Kingdom;Economics and Econometrics (Q2)
167;17272;Defence and Peace Economics;journal;ISSN 10242694, 14768267;0.511;Q2;31;34;49;922;29;49;0.53;27.12;United Kingdom;"Social Sciences (miscellaneous) (Q1); Economics and Econometrics (Q2)"
168;53554;Australian Journal of Agricultural and Resource Economics;journal;ISSN 1364985, 1364985X, 14678489;0.511;Q2;41;27;72;881;62;72;0.78;32.63;United Kingdom;"Agricultural and Biological Sciences (miscellaneous) (Q1); Economics and Econometrics (Q2)"
169;22717;Business Ethics Quarterly;journal;ISSN 1052150, 1052150X;0.509;Q2;57;29;63;1388;48;63;0.66;47.86;United Kingdom;"Business, Management and Accounting (miscellaneous) (Q1); Philosophy (Q1); Economics and Econometrics (Q2)"
170;17332;International Journal of Finance and Economics;journal;ISSN 10769307, 10991158;0.509;Q2;33;21;70;554;25;70;0.33;26.38;United States;"Economics and Econometrics (Q2); Finance (Q2); Accounting (Q3)"
171;19053;Computational Economics;journal;ISSN 15729974, 09277099;0.506;Q1;33;26;81;629;43;81;0.57;24.19;Netherlands;"Economics, Econometrics and Finance (miscellaneous) (Q1); Computer Science Applications (Q2)"
172;19709;Education Economics;journal;ISSN 09645292, 14695782;0.498;Q2;27;9;14;269;3;14;0.2;29.89;United Kingdom;"Economics and Econometrics (Q2); Education (Q2)"
173;24076;New England Economic Review;journal;ISSN 00284726;0.497;Q2;21;8;56;139;35;56;0.38;17.38;United States;Economics and Econometrics (Q2)
174;24884;Scottish Journal of Political Economy;journal;ISSN 00369292, 14679485;0.494;Q2;42;28;95;910;57;95;0.51;32.5;United Kingdom;"Economics and Econometrics (Q2); Sociology and Political Science (Q2)"
175;20314;Journal of Institutional and Theoretical Economics;journal;ISSN 09324569;0.491;Q2;30;54;134;1164;53;134;0.43;21.56;Germany;Economics and Econometrics (Q2)
176;28465;Economic Development Quarterly;journal;ISSN 08912424;0.482;Q2;40;37;93;922;57;93;0.48;24.92;United States;"Development (Q1); Economics and Econometrics (Q2); Urban Studies (Q2)"
177;19165;International Journal of Production Economics;journal;ISSN 09255273;0.472;Q2;141;153;439;3350;209;437;0.3;21.9;Netherlands;"Business, Management and Accounting (miscellaneous) (Q1); Industrial and Manufacturing Engineering (Q1); Economics and Econometrics (Q2); Management Science and Operations Research (Q3)"
178;16509;Journal of Futures Markets;journal;ISSN 02707314, 10969934;0.467;Q2;45;47;134;1152;67;134;0.44;24.51;United States;"Business, Management and Accounting (miscellaneous) (Q1); Economics and Econometrics (Q2); Finance (Q2); Accounting (Q3)"
179;16110;Kyklos;journal;ISSN 00235962, 14676435;0.461;Q3;51;20;62;648;38;62;0.44;32.4;United Kingdom;"Arts and Humanities (miscellaneous) (Q2); Economics and Econometrics (Q3)"
180;16922;Labour Economics;journal;ISSN 09275371;0.46;Q3;60;35;74;842;37;74;0.45;24.06;Netherlands;"Organizational Behavior and Human Resource Management (Q2); Economics and Econometrics (Q3)"
181;88586;Journal of Agricultural Economics;journal;ISSN 0021857, 14779552, 0021857X;0.451;Q3;50;26;94;1006;66;94;0.67;38.69;United States;"Agricultural and Biological Sciences (miscellaneous) (Q2); Economics and Econometrics (Q3)"
182;19691;International Journal of Electronic Commerce;journal;ISSN 10864415;0.45;Q3;70;25;68;921;58;68;0.55;36.84;United States;"Business and International Management (Q1); Economics and Econometrics (Q3)"
183;15465;Pacific Basin Finance Journal;journal;ISSN 0927538, 0927538X;0.45;Q2;43;25;78;691;33;78;0.29;27.64;Netherlands;"Finance (Q2); Economics and Econometrics (Q3)"
184;21255;Feminist Economics;journal;ISSN 14664372, 13545701;0.449;Q3;45;21;76;783;38;76;0.52;37.29;United Kingdom;"Business, Management and Accounting (miscellaneous) (Q1); Gender Studies (Q1); Arts and Humanities (miscellaneous) (Q2); Economics and Econometrics (Q3)"
185;28489;Economics and Politics;journal;ISSN 14680343, 09541985;0.446;Q3;37;15;45;483;13;45;0.34;32.2;United Kingdom;Economics and Econometrics (Q3)
186;17496;Journal of Corporate Finance;journal;ISSN 09291199;0.439;Q3;77;17;45;610;23;45;0.39;35.88;Netherlands;"Business and International Management (Q1); Strategy and Management (Q2); Economics and Econometrics (Q3); Finance (Q3)"
187;23715;Science Technology and Human Values;journal;ISSN 01622439;0.429;Q3;61;21;58;1124;61;55;0.94;53.52;United States;"Engineering (miscellaneous) (Q1); Philosophy (Q1); Social Sciences (miscellaneous) (Q1); Anthropology (Q2); Human-Computer Interaction (Q2); Sociology and Political Science (Q2); Economics and Econometrics (Q3)"
188;74286;AgBioForum;journal;ISSN 1522936, 1522936X;0.428;Q3;38;43;58;314;32;53;0.6;7.3;United States;"Agronomy and Crop Science (Q2); Biotechnology (Q2); Food Science (Q2); Economics and Econometrics (Q3)"
189;27852;Marine Resource Economics;journal;ISSN 07381360;0.425;Q3;37;22;69;501;36;69;0.47;22.77;United States;"Geography, Planning and Development (Q1); Management, Monitoring, Policy and Law (Q2); Oceanography (Q2); Economics and Econometrics (Q3)"
190;5600152909;Capital and Class;journal;ISSN 03098168;0.42;Q3;20;21;78;925;36;77;0.47;44.05;United States;"History (Q1); Sociology and Political Science (Q2); Economics and Econometrics (Q3)"
191;20873;Environment and Development Economics;journal;ISSN 1355770, 1355770X, 14694395;0.418;Q3;52;35;122;675;79;122;0.32;19.29;United Kingdom;"Development (Q1); Environmental Science (miscellaneous) (Q1); Economics and Econometrics (Q3)"
192;24356;Journal of Economics/ Zeitschrift f√ºr Nationalokonomie;journal;ISSN 16177134, 09318658;0.415;Q3;26;21;91;443;26;91;0.23;21.1;Germany;"Business, Management and Accounting (miscellaneous) (Q1); Economics and Econometrics (Q3)"
193;24230;Review of World Economics;journal;ISSN 16102878;0.412;Q2;44;27;92;479;52;92;0.3;17.74;Germany;Economics, Econometrics and Finance (miscellaneous) (Q2)
194;13927;Journal of Housing Economics;journal;ISSN 10511377, 10960791;0.412;Q3;41;15;51;349;16;51;0.3;23.27;United States;Economics and Econometrics (Q3)
195;13176;Tijdschrift voor Economische en Sociale Geografie;journal;ISSN 0040747, 0040747X, 14679663;0.41;Q3;45;34;107;1335;64;107;0.43;39.26;United Kingdom;"Geography, Planning and Development (Q1); Economics and Econometrics (Q3)"
196;28952;Journal of Economic Issues;journal;ISSN 00213624;0.41;Q3;36;52;192;1787;100;192;0.41;34.37;United Kingdom;"Business, Management and Accounting (miscellaneous) (Q1); Economics and Econometrics (Q3)"
197;21100781509;Journal of Public Policy and Marketing;journal;ISSN 15477207, 07439156;0.409;Q3;60;26;90;1307;70;90;0.6;50.27;United States;"Business and International Management (Q1); Marketing (Q2); Economics and Econometrics (Q3)"
198;12277;Management Accounting Research;journal;ISSN 10445005, 10961224;0.409;Q3;72;24;60;1086;68;60;1.35;45.25;United States;"Information Systems and Management (Q2); Accounting (Q3); Finance (Q3)"
199;18299;American Journal of Economics and Sociology;journal;ISSN 15367150, 00029246;0.409;Q3;31;57;130;1035;33;130;0.18;18.16;United Kingdom;"Sociology and Political Science (Q2); Economics and Econometrics (Q3)"
200;21203;Longe Range Planning;journal;ISSN 00246301;0.407;Q3;81;22;213;650;194;213;0.55;29.55;United Kingdom;"Geography, Planning and Development (Q1); Strategy and Management (Q2); Finance (Q3)"
201;29008;Journal of Post Keynesian Economics;journal;ISSN 01603477;0.402;Q3;34;36;106;1011;53;106;0.42;28.08;United States;Economics and Econometrics (Q3)
202;23859;Journal of Business Ethics;journal;ISSN 01674544, 15730697;0.401;Q3;132;165;430;8215;636;430;1.1;49.79;Netherlands;"Business and International Management (Q1); Business, Management and Accounting (miscellaneous) (Q1); Law (Q1); Arts and Humanities (miscellaneous) (Q2); Economics and Econometrics (Q3)"
203;29448;Review of Radical Political Economics;journal;ISSN 04866134;0.4;Q3;23;31;91;1037;20;88;0.19;33.45;United States;"Philosophy (Q1); Economics and Econometrics (Q3)"
204;20077;De Economist;journal;ISSN 0013063, 0013063X, 15729982;0.399;Q3;25;25;69;834;24;69;0.33;33.36;Netherlands;Economics and Econometrics (Q3)
205;27851;Marine Policy;journal;ISSN 0308597, 0308597X;0.396;Q3;73;47;116;1348;100;116;0.78;28.68;United Kingdom;"Environmental Science (miscellaneous) (Q1); Law (Q1); Management, Monitoring, Policy and Law (Q2); Aquatic Science (Q3); Economics and Econometrics (Q3)"
206;20023;Economic Record;journal;ISSN 14754932, 00130249;0.393;Q3;37;24;87;634;32;87;0.37;26.42;United Kingdom;Economics and Econometrics (Q3)
207;22819;International Journal of Market Research;journal;ISSN 14707853;0.38;Q3;43;22;74;303;41;74;0.51;13.77;United Kingdom;"Business and International Management (Q1); Marketing (Q2); Economics and Econometrics (Q3)"
208;20062;Economie et Statistique;journal;ISSN 03361454;0.374;Q3;9;0;9;0;5;9;0.43;0.0;France;"Sociology and Political Science (Q2); Economics and Econometrics (Q3); Statistics and Probability (Q3)"
209;19600157009;North American Actuarial Journal;journal;ISSN 10920277;0.371;Q3;38;80;277;815;49;277;0.19;10.19;United Kingdom;"Economics and Econometrics (Q3); Statistics and Probability (Q3); Statistics, Probability and Uncertainty (Q3)"
210;17914;Venture Capital;journal;ISSN 13691066, 14645343;0.366;Q3;39;18;19;554;22;17;1.29;30.78;United Kingdom;Finance (Q3)
211;29020;Manchester School;journal;ISSN 14636786, 14679957;0.365;Q3;34;43;102;1078;37;102;0.31;25.07;United Kingdom;Economics and Econometrics (Q3)
212;18768;Applied Economics;journal;ISSN 00036846;0.363;Q3;67;194;486;4725;167;486;0.27;24.36;United Kingdom;Economics and Econometrics (Q3)
213;23736;Research in Economics;journal;ISSN 10909443, 10909451;0.36;Q3;22;16;51;568;13;51;0.23;35.5;United States;Economics and Econometrics (Q3)
214;28528;Explorations in Economic History;journal;ISSN 00144983;0.35;Q3;36;16;55;860;25;55;0.4;53.75;United States;"History (Q1); Economics and Econometrics (Q3)"
215;18881;Australian Economic Review;journal;ISSN 00049018, 14678462;0.347;Q3;25;26;118;541;30;118;0.15;20.81;United Kingdom;Economics and Econometrics (Q3)
216;17531;Journal of International Financial Markets, Institutions and Money;journal;ISSN 10424431;0.338;Q3;42;24;66;599;15;66;0.24;24.96;Netherlands;"Economics and Econometrics (Q3); Finance (Q3)"
217;35048;Food Policy;journal;ISSN 03069192;0.334;Q3;76;42;123;1083;63;123;0.51;25.79;United Kingdom;"Development (Q2); Food Science (Q2); Management, Monitoring, Policy and Law (Q2); Sociology and Political Science (Q2); Economics and Econometrics (Q3)"
218;65131;Canadian Journal of Agricultural Economics;journal;ISSN 00083976;0.331;Q3;30;48;124;677;32;124;0.28;14.1;United States;"Agronomy and Crop Science (Q3); Animal Science and Zoology (Q3); Ecology (Q3); Economics and Econometrics (Q3); Global and Planetary Change (Q3)"
219;24888;Economics and Philosophy;journal;ISSN 02662671, 14740028;0.328;Q3;32;15;38;409;21;38;0.5;27.27;United Kingdom;"Philosophy (Q1); Economics and Econometrics (Q3)"
220;20642;Empirical Economics;journal;ISSN 14358921, 03777332;0.328;Q3;45;39;91;1111;36;91;0.37;28.49;Germany;"Social Sciences (miscellaneous) (Q2); Economics and Econometrics (Q3); Mathematics (miscellaneous) (Q3); Statistics and Probability (Q4)"
221;26836;Journal of International Economic Law;journal;ISSN 14643758, 13693034;0.327;Q2;41;38;30;2543;30;30;1.0;66.92;United Kingdom;"Law (Q1); Economics, Econometrics and Finance (miscellaneous) (Q2)"
222;22839;International Marketing Review;journal;ISSN 02651335;0.324;Q3;71;31;87;1308;49;87;0.51;42.19;United Kingdom;"Business and International Management (Q2); Marketing (Q2); Economics and Econometrics (Q3)"
223;26842;Journal of World Trade;journal;ISSN 10116702;0.316;Q3;29;24;77;1821;50;77;0.64;75.88;Netherlands;"Law (Q1); Political Science and International Relations (Q2); Economics and Econometrics (Q3)"
224;29064;Engineering Economist;journal;ISSN 0013791, 0013791X;0.313;Q3;28;21;53;437;26;53;0.43;20.81;United Kingdom;"Education (Q2); Engineering (miscellaneous) (Q2); Economics and Econometrics (Q3)"
225;29440;Review of Austrian Economics;journal;ISSN 08893047, 15737128;0.309;Q2;28;11;35;437;16;35;0.41;39.73;Netherlands;Economics, Econometrics and Finance (miscellaneous) (Q2)
226;18972;Information Economics and Policy;journal;ISSN 01676245;0.309;Q3;43;19;64;378;19;64;0.33;19.89;Netherlands;"Management, Monitoring, Policy and Law (Q2); Economics and Econometrics (Q3)"
227;28467;Economic Modelling;journal;ISSN 02649993;0.309;Q3;50;28;86;648;31;86;0.3;23.14;Netherlands;Economics and Econometrics (Q3)
228;22915;Journal of Economic Psychology;journal;ISSN 01674870;0.308;Q3;77;35;99;1201;47;99;0.26;34.31;Netherlands;"Sociology and Political Science (Q2); Applied Psychology (Q3); Economics and Econometrics (Q3)"
229;200147129;Cato Journal;journal;ISSN 02733072;0.304;Q2;26;18;50;310;16;50;0.29;17.22;United States;"Economics, Econometrics and Finance (miscellaneous) (Q2); Geography, Planning and Development (Q2); Public Administration (Q3)"
230;35510;European Review of Agricultural Economics;journal;ISSN 14643618, 01651587;0.302;Q3;50;51;95;691;38;95;0.3;13.55;United Kingdom;"Agricultural and Biological Sciences (miscellaneous) (Q2); Economics and Econometrics (Q3)"
231;24257;Asian-Pacific Economic Literature;journal;ISSN 14678411, 08189935;0.302;Q3;18;6;23;74;15;23;0.47;12.33;United Kingdom;"Development (Q2); Geography, Planning and Development (Q2); Economics and Econometrics (Q3)"
232;130073;Journal of Consumer Policy;journal;ISSN 01687034;0.302;Q3;34;17;52;629;24;52;0.4;37.0;Netherlands;"Business, Management and Accounting (miscellaneous) (Q2); Economics and Econometrics (Q3)"
233;145211;Asia Pacific Journal of Management;journal;ISSN 02174561, 15729958;0.299;Q2;60;23;40;1327;23;40;0.43;57.7;United States;"Business and International Management (Q2); Economics, Econometrics and Finance (miscellaneous) (Q2); Strategy and Management (Q3)"
234;100147313;Journal of Business Finance and Accounting;journal;ISSN 14685957, 0306686;0.299;Q3;60;58;205;1600;89;202;0.39;27.59;United Kingdom;"Business, Management and Accounting (miscellaneous) (Q2); Accounting (Q3); Finance (Q3)"
235;29035;Open Economies Review;journal;ISSN 09237992, 1573708;0.299;Q3;27;31;70;822;22;70;0.32;26.52;Netherlands;Economics and Econometrics (Q3)
236;23665;International Business Review;journal;ISSN 09695931;0.299;Q3;73;36;94;1899;47;94;0.3;52.75;United Kingdom;"Business and International Management (Q2); Marketing (Q2); Finance (Q3)"
237;29554;Journal of Bioeconomics;journal;ISSN 13876996, 15736989;0.299;Q3;21;13;19;494;13;19;0.68;38.0;Netherlands;"Geography, Planning and Development (Q2); Economics and Econometrics (Q3)"
238;29487;Structural Change and Economic Dynamics;journal;ISSN 0954349X, 0954349;0.296;Q3;38;27;70;656;27;70;0.24;24.3;Netherlands;Economics and Econometrics (Q3)
239;110031;Resources Policy;journal;ISSN 03014207;0.294;Q3;50;20;73;445;25;73;0.36;22.25;United Kingdom;"Law (Q2); Management, Monitoring, Policy and Law (Q2); Sociology and Political Science (Q2); Economics and Econometrics (Q3)"
240;19571;Journal of Media Economics;journal;ISSN 15327736, 08997764;0.294;Q3;26;14;44;389;13;44;0.3;27.79;United States;"Communication (Q3); Economics and Econometrics (Q3)"
241;17493;Internet Research;journal;ISSN 10662243;0.289;Q3;68;56;198;1031;102;196;0.43;18.41;United Kingdom;"Sociology and Political Science (Q2); Communication (Q3); Economics and Econometrics (Q3)"
242;18700156722;Agribusiness;journal;ISSN 15206297, 07424477;0.288;Q3;36;35;139;797;42;138;0.28;22.77;United States;"Geography, Planning and Development (Q2); Agronomy and Crop Science (Q3); Animal Science and Zoology (Q3); Economics and Econometrics (Q3); Food Science (Q3)"
243;4100151519;Advances in Austrian Economics;book serie;ISSN 15292134;0.286;Q3;12;0;18;0;5;18;0.0;0.0;United Kingdom;Economics and Econometrics (Q3)
244;18895;Journal of Advanced Transportation;journal;ISSN 01976729;0.286;Q3;31;17;58;438;13;58;0.16;25.76;Egypt;"Automotive Engineering (Q2); Mechanical Engineering (Q2); Computer Science Applications (Q3); Economics and Econometrics (Q3); Strategy and Management (Q3)"
245;29258;Public Finance Review;journal;ISSN 10911421;0.285;Q3;26;30;97;711;23;97;0.13;23.7;United States;"Economics and Econometrics (Q3); Finance (Q3); Public Administration (Q3)"
246;24378;Journal of Economics and Business;journal;ISSN 01486195, 00129933;0.28;Q3;43;27;96;334;31;96;0.37;12.37;Netherlands;"Business, Management and Accounting (miscellaneous) (Q2); Economics and Econometrics (Q3)"
247;27949;Zeitschrift f√ºr Wirtschaftsgeographie;journal;ISSN 00443751;0.278;Q3;14;17;46;594;11;46;0.32;34.94;Germany;"Geography, Planning and Development (Q2); Economics and Econometrics (Q3)"
248;20633;Journal of International Management;journal;ISSN 10754253;0.277;Q3;56;16;32;696;5;32;0.16;43.5;Netherlands;"Business and International Management (Q2); Finance (Q3); Strategy and Management (Q3)"
249;20750;European Journal of Law and Economics;journal;ISSN 15729990, 09291261;0.274;Q3;24;28;63;783;22;63;0.36;27.96;Netherlands;"Business and International Management (Q2); Law (Q2); Economics and Econometrics (Q3)"
250;28935;History of Political Economy;journal;ISSN 00182702, 15271919;0.274;Q3;25;49;120;2021;28;120;0.21;41.24;United States;"History (Q1); Economics and Econometrics (Q3)"
251;4000148307;Family Business Review;journal;ISSN 08944865, 17416248;0.273;Q3;80;11;94;341;32;88;0.38;31.0;United States;"Business, Management and Accounting (miscellaneous) (Q2); Finance (Q3)"
252;15263;Pulp and Paper Canada;journal;ISSN 03164004;0.261;Q3;26;121;420;820;102;420;0.2;6.78;Canada;"Chemical Engineering (miscellaneous) (Q2); Industrial and Manufacturing Engineering (Q2); Materials Science (miscellaneous) (Q2); Mechanical Engineering (Q2); Economics and Econometrics (Q3)"
253;22736;Journal of Asian Economics;journal;ISSN 10490078;0.259;Q3;37;18;88;565;22;88;0.3;31.39;Netherlands;"Economics and Econometrics (Q3); Finance (Q3)"
254;5200153112;European Financial Management;journal;ISSN 13547798, 1468036;0.259;Q2;51;25;54;0;14;53;0.16;0.0;United Kingdom;"Economics, Econometrics and Finance (miscellaneous) (Q2); Accounting (Q3)"
255;19900192165;Financial Review;journal;ISSN 07328516, 15406288;0.257;Q3;37;32;123;899;28;123;0.22;28.09;United States;"Economics and Econometrics (Q3); Finance (Q3)"
256;73771;Agricultural Economics;journal;ISSN 01695150;0.254;Q3;63;63;144;1608;70;141;0.46;25.52;Netherlands;"Agronomy and Crop Science (Q3); Economics and Econometrics (Q3)"
257;14089;Developing Economies;journal;ISSN 00121533, 17461049;0.253;Q3;21;19;55;626;18;55;0.28;32.95;United States;"Development (Q2); Economics and Econometrics (Q3)"
258;15493;Finance and Development;journal;ISSN 01451707, 15645142;0.253;Q3;28;35;90;59;38;90;0.47;1.69;United States;"Development (Q2); Geography, Planning and Development (Q2); Finance (Q3)"
259;28970;Journal of Cultural Economics;journal;ISSN 08852545, 15736997;0.248;Q2;34;16;55;478;24;55;0.39;29.88;United States;Economics, Econometrics and Finance (miscellaneous) (Q2)
260;81032;Japanese Economic Review;journal;ISSN 14685876, 13524739;0.244;Q3;22;38;91;973;14;91;0.17;25.61;United Kingdom;Economics and Econometrics (Q3)
261;21100821602;Business and Professional Communication Quarterly;journal;ISSN 23294922, 23294906;0.244;Q2;28;45;194;475;45;166;0.17;10.56;United States;"Business and International Management (Q2); Business, Management and Accounting (miscellaneous) (Q2); Economics, Econometrics and Finance (miscellaneous) (Q2); Arts and Humanities (miscellaneous) (Q3)"
262;27132;Jahrbucher f√ºr Nationalokonomie und Statistik;journal;ISSN 00214027;0.243;Q3;17;41;146;954;20;146;0.1;23.27;Germany;"Business, Management and Accounting (miscellaneous) (Q2); Social Sciences (miscellaneous) (Q2); Economics and Econometrics (Q3)"
263;19980;Economic and Social Review;journal;ISSN 00129984;0.242;Q3;22;13;62;463;15;62;0.28;35.62;Ireland;"Economics and Econometrics (Q3); Sociology and Political Science (Q3)"
264;21100372152;Journal of Behavioral and Experimental Economics;journal;ISSN 22148051, 22148043;0.236;Q3;48;32;108;1110;33;108;0.25;34.69;United States;"Social Sciences (miscellaneous) (Q2); Economics and Econometrics (Q3); Applied Psychology (Q4)"
265;12964;Review of Quantitative Finance and Accounting;journal;ISSN 0924865, 15737179;0.236;Q3;33;39;103;1083;14;103;0.13;27.77;United States;"Business, Management and Accounting (miscellaneous) (Q2); Accounting (Q3); Finance (Q3)"
266;23052;Politicka Ekonomie;journal;ISSN 00323233, 23368225;0.235;Q3;14;42;155;811;13;155;0.06;19.31;Czech Republic;"Economics and Econometrics (Q3); Sociology and Political Science (Q3)"
267;145680;Business Information Review;journal;ISSN 02663821, 17416450;0.235;Q2;13;33;112;247;15;93;0.21;7.48;United States;"Business and International Management (Q2); Business, Management and Accounting (miscellaneous) (Q2); Economics, Econometrics and Finance (miscellaneous) (Q2)"
268;100147314;Journal of International Financial Management and Accounting;journal;ISSN 1467646X, 1467646, 09541314;0.232;Q3;30;11;34;272;15;32;0.38;24.73;United Kingdom;"Business, Management and Accounting (miscellaneous) (Q2); Accounting (Q3); Finance (Q3)"
269;20566;China Economic Review;journal;ISSN 1043951X, 1043951;0.231;Q3;56;16;33;515;13;33;0.19;32.19;Netherlands;"Economics and Econometrics (Q3); Finance (Q3)"
270;15500;Journal of Family and Economic Issues;journal;ISSN 15733475, 10580476;0.231;Q3;38;16;51;652;8;51;0.23;40.75;United States;"Economics and Econometrics (Q3); Social Psychology (Q4)"
271;86934;Economics of Planning;journal;ISSN 00130451;0.23;Q3;15;11;33;263;18;33;0.3;23.91;Netherlands;Economics and Econometrics (Q3)
272;20097;Bulletin of Economic Research;journal;ISSN 14678586, 03073378;0.224;Q3;24;21;61;517;16;61;0.26;24.62;United Kingdom;Economics and Econometrics (Q3)
273;19600157368;Revista de Historia Economica - Journal of Iberian and Latin American Economic History;journal;ISSN 02126109;0.222;Q3;15;22;70;743;15;70;0.18;33.77;United Kingdom;"History (Q1); Economics and Econometrics (Q3)"
274;21100384312;Journal des Economistes et des Etudes Humaines;journal;ISSN 21531552, 21945799, 11456396;0.221;Q2;9;70;71;2047;14;70;0.2;29.24;Germany;"Economics, Econometrics and Finance (miscellaneous) (Q2); Social Sciences (miscellaneous) (Q3)"
275;88147;Indian Journal of Labour Economics;journal;ISSN 09717927, 00195308;0.221;Q3;10;66;108;1054;15;108;0.14;15.97;Germany;Economics and Econometrics (Q3)
276;200147123;Accounting and Finance;journal;ISSN 1467629X, 08105391;0.221;Q2;38;12;29;415;12;29;0.33;34.58;United States;"Economics, Econometrics and Finance (miscellaneous) (Q2); Finance (Q3); Accounting (Q4)"
277;20669;Journal of Multinational Financial Management;journal;ISSN 1042444, 1042444X;0.219;Q3;34;25;75;729;15;75;0.17;29.16;Netherlands;"Economics and Econometrics (Q3); Finance (Q3)"
278;15015;Agricultural History Review;journal;ISSN 00021490;0.218;Q3;17;21;46;77;8;46;0.03;3.67;United States;"History and Philosophy of Science (Q2); Agronomy and Crop Science (Q3); Animal Science and Zoology (Q3); Economics and Econometrics (Q3)"
279;23717;International Journal of Social Economics;journal;ISSN 03068293;0.215;Q3;32;63;271;2038;54;271;0.2;32.35;United Kingdom;"Economics and Econometrics (Q3); Social Sciences (miscellaneous) (Q3)"
280;19900191763;New Zealand Economic Papers;journal;ISSN 00779954, 19434863;0.212;Q2;10;13;44;316;10;44;0.27;24.31;United Kingdom;Economics, Econometrics and Finance (miscellaneous) (Q2)
281;18291;Socio-Economic Planning Sciences;journal;ISSN 00380121;0.212;Q4;41;16;62;525;12;62;0.26;32.81;United Kingdom;"Geography, Planning and Development (Q2); Strategy and Management (Q3); Economics and Econometrics (Q4); Management Science and Operations Research (Q4); Statistics, Probability and Uncertainty (Q4)"
282;24228;Review of Social Economy;journal;ISSN 00346764, 14701162;0.211;Q4;27;24;83;850;21;83;0.29;35.42;United Kingdom;Economics and Econometrics (Q4)
283;23633;Quarterly Review of Economics and Finance;journal;ISSN 10629769;0.21;Q3;42;31;144;926;27;144;0.15;29.87;Netherlands;"Finance (Q3); Economics and Econometrics (Q4)"
284;18769;Applied Economics Letters;journal;ISSN 14664291, 13504851;0.21;Q4;39;150;521;1799;90;521;0.12;11.99;United Kingdom;Economics and Econometrics (Q4)
285;21759;Journal of Consumer Affairs;journal;ISSN 00220078;0.208;Q2;49;16;43;185;24;43;0.34;11.56;United States;"Economics, Econometrics and Finance (miscellaneous) (Q2); Sociology and Political Science (Q3)"
286;20902;Environment, Development and Sustainability;journal;ISSN 1387585, 15732975, 1387585X;0.207;Q4;43;18;21;377;7;21;0.33;20.94;Netherlands;"Geography, Planning and Development (Q2); Management, Monitoring, Policy and Law (Q3); Economics and Econometrics (Q4)"
287;19700169607;Annals of Public and Cooperative Economics;journal;ISSN 13704788, 14678292;0.207;Q4;29;25;80;1068;14;75;0.15;42.72;United Kingdom;"Sociology and Political Science (Q3); Economics and Econometrics (Q4)"
288;24010;Constitutional Political Economy;journal;ISSN 15729966, 10434062;0.205;Q4;23;19;63;770;21;63;0.36;40.53;Netherlands;"Law (Q2); Philosophy (Q2); Sociology and Political Science (Q3); Economics and Econometrics (Q4)"
289;11800154587;China Information;journal;ISSN 1741590, 1741590X, 0920203;0.205;Q2;19;19;59;647;15;33;2.0;34.05;United Kingdom;"Economics, Econometrics and Finance (miscellaneous) (Q2); Arts and Humanities (miscellaneous) (Q3); Social Sciences (miscellaneous) (Q3)"
290;27142;Indian Economic and Social History Review;journal;ISSN 00194646;0.205;Q4;15;14;51;1987;11;51;0.24;141.93;India;"History (Q1); Social Sciences (miscellaneous) (Q3); Economics and Econometrics (Q4)"
291;15556;Financial History Review;journal;ISSN 09685650, 14740052;0.204;Q3;15;0;28;0;9;27;0.11;0.0;United Kingdom;"History (Q1); Finance (Q3)"
292;144657;Journal of Property Investment and Finance;journal;ISSN 1463578X, 1463578;0.204;Q2;28;64;46;853;8;44;0.18;13.33;United Kingdom;"Business, Management and Accounting (miscellaneous) (Q2); Economics, Econometrics and Finance (miscellaneous) (Q2); Finance (Q3)"
293;28408;Australian Economic History Review;journal;ISSN 00048992, 14678446;0.203;Q4;13;9;29;453;11;29;0.33;50.33;United Kingdom;"History (Q1); Economics and Econometrics (Q4)"
294;20126;Ekonomicky Casopis;journal;ISSN 00133035;0.202;Q4;14;37;87;468;11;87;0.07;12.65;Slovakia;Economics and Econometrics (Q4)
295;25587;Pacific Economic Review;journal;ISSN 1361374, 1361374X;0.201;Q4;27;27;54;335;9;54;0.15;12.41;United Kingdom;"Geography, Planning and Development (Q2); Aerospace Engineering (Q3); Development (Q3); Economics and Econometrics (Q4)"
296;25524;Social Marketing Quarterly;journal;ISSN 15394093, 15245004;0.198;Q4;21;54;88;418;8;76;0.1;7.74;United States;"Marketing (Q3); Economics and Econometrics (Q4)"
297;21781;Metroeconomica;journal;ISSN 00261386, 1467999;0.197;Q4;23;24;51;0;3;51;0.03;0.0;United States;Economics and Econometrics (Q4)
298;24206;Review of Financial Economics;journal;ISSN 10583300;0.197;Q3;32;9;40;255;6;40;0.08;28.33;Netherlands;"Finance (Q3); Economics and Econometrics (Q4)"
299;53958;Agrekon;journal;ISSN 03031853, 20780400;0.196;Q4;19;55;178;1026;67;175;0.35;18.65;United Kingdom;"Geography, Planning and Development (Q2); Agronomy and Crop Science (Q4); Economics and Econometrics (Q4)"
300;144667;Property Management;journal;ISSN 02637472;0.194;Q3;21;117;198;405;11;197;0.04;3.46;United Kingdom;"Business, Management and Accounting (miscellaneous) (Q2); Finance (Q3); Tourism, Leisure and Hospitality Management (Q3)"
301;29449;Revue d'Etudes Comparatives Est-Ouest;journal;ISSN 03380599;0.193;Q3;8;32;92;1455;10;88;0.15;45.47;France;"Finance (Q3); Political Science and International Relations (Q3)"
302;35154;Berichte uber Landwirtschaft;journal;ISSN 00059080;0.192;Q4;10;27;107;1057;12;107;0.13;39.15;Germany;"Agronomy and Crop Science (Q4); Animal Science and Zoology (Q4); Economics and Econometrics (Q4)"
303;144968;Asia-Pacific Financial Markets;journal;ISSN 13872834;0.19;Q3;18;20;39;364;7;39;0.15;18.2;Netherlands;Finance (Q3)
304;19700175212;Revista Espanola de Financiacion y Contabilidad;journal;ISSN 02102412;0.189;Q3;13;28;100;1225;14;100;0.16;43.75;United Kingdom;"Finance (Q3); Accounting (Q4); Economics and Econometrics (Q4)"
305;21100774787;Journal of Financial Regulation and Compliance;journal;ISSN 17400279, 13581988;0.189;Q4;14;31;121;712;9;115;0.07;22.97;United Kingdom;"Strategy and Management (Q3); Finance (Q4)"
306;12100155919;Journal of Financial Counseling and Planning;journal;ISSN 19477910, 10523073;0.188;Q4;29;16;49;460;17;49;0.26;28.75;United States;"Economics and Econometrics (Q4); Finance (Q4)"
307;18165;International Social Security Review;journal;ISSN 0020871, 1468246, 0020871X;0.188;Q3;21;22;60;0;19;60;0.35;0.0;United Kingdom;"Economics, Econometrics and Finance (miscellaneous) (Q3); Sociology and Political Science (Q3); Public Administration (Q4)"
308;29804;International Journal of Accounting;journal;ISSN 10944060;0.188;Q4;45;24;66;141;21;66;0.14;5.88;United Kingdom;"Accounting (Q4); Finance (Q4)"
309;19800188055;Journal of Financial Crime;journal;ISSN 17587239, 13590790;0.187;Q3;15;45;161;1385;16;161;0.12;30.78;United Kingdom;"Law (Q2); Economics, Econometrics and Finance (miscellaneous) (Q3)"
310;20811;Betriebswirtschaftliche Forschung und Praxis;journal;ISSN 03405370;0.186;Q4;8;41;137;1525;9;137;0.07;37.2;Germany;"Business and International Management (Q2); Business, Management and Accounting (miscellaneous) (Q2); Economics and Econometrics (Q4)"
311;26747;Desarrollo Economico: Revista de Ciencias Sociales;journal;ISSN 0046001;0.184;Q4;15;24;101;895;10;101;0.06;37.29;Argentina;Economics and Econometrics (Q4)
312;23148;IMA Journal Management Mathematics;journal;ISSN 14716798, 1471678X, 1471678;0.184;Q3;27;20;71;28;15;68;0.15;1.4;United Kingdom;"Economics, Econometrics and Finance (miscellaneous) (Q3); Management Information Systems (Q3); Modeling and Simulation (Q3); Strategy and Management (Q3); Applied Mathematics (Q4); Management Science and Operations Research (Q4)"
313;5700162947;Global Economic Review;journal;ISSN 1226508, 17443873;0.184;Q3;15;29;79;819;8;78;0.1;28.24;United Kingdom;"Business and International Management (Q2); Economics, Econometrics and Finance (miscellaneous) (Q3); Political Science and International Relations (Q3)"
314;20320;Journal of Policy Modeling;journal;ISSN 01618938;0.182;Q4;40;38;116;920;24;116;0.21;24.21;Netherlands;Economics and Econometrics (Q4)
315;17423;Geneva Papers on Risk and Insurance: Issues and Practice;journal;ISSN 14680440, 10185895;0.181;Q4;25;40;39;633;6;39;0.15;15.83;Germany;"Business, Management and Accounting (miscellaneous) (Q3); Accounting (Q4); Economics and Econometrics (Q4); Finance (Q4)"
316;23720;International Review of Applied Economics;journal;ISSN 14653486, 02692171;0.18;Q4;31;29;74;852;24;74;0.2;29.38;United Kingdom;Economics and Econometrics (Q4)
317;5800191435;Economic Analysis and Policy;journal;ISSN 03135926;0.178;Q4;18;16;42;317;9;41;0.29;19.81;Netherlands;Economics and Econometrics (Q4)
318;23930;Conflict Management and Peace Science;journal;ISSN 07388942;0.174;Q4;32;5;17;141;4;17;0.24;28.2;United States;"Political Science and International Relations (Q3); Economics and Econometrics (Q4)"
319;22726;Applied Financial Economics;journal;ISSN 09603107, 14664305;0.172;Q4;44;52;209;1448;47;209;0.18;27.85;United Kingdom;"Economics and Econometrics (Q4); Finance (Q4)"
320;17700155020;Handbook of Regional and Urban Economics;book serie;ISSN 15740080;0.169;Q4;25;0;15;0;3;13;0.23;0.0;Netherlands;"Geography, Planning and Development (Q3); Urban Studies (Q3); Economics and Econometrics (Q4)"
321;22707;International Review of Economics and Finance;journal;ISSN 10590560;0.167;Q4;38;23;84;521;10;84;0.07;22.65;Netherlands;"Economics and Econometrics (Q4); Finance (Q4)"
322;28524;European Review of Economic History;journal;ISSN 14740044, 13614916;0.165;Q3;29;0;4;0;3;4;0.75;0.0;United Kingdom;"History (Q1); Economics, Econometrics and Finance (miscellaneous) (Q3)"
323;15089;Finance a Uver;journal;ISSN 00151920, 24647683;0.162;Q4;15;70;147;732;6;147;0.07;10.46;Czech Republic;"Accounting (Q4); Economics and Econometrics (Q4); Finance (Q4)"
324;19276;Fortune;journal;ISSN 00158259;0.157;Q4;13;22;44;0;12;44;0.32;0.0;United States;"Business and International Management (Q2); Business, Management and Accounting (miscellaneous) (Q3); Economics and Econometrics (Q4)"
325;4100151512;Research in Labor Economics;book serie;ISSN 01479121;0.155;Q4;20;15;15;501;1;14;0.07;33.4;United Kingdom;"Industrial Relations (Q3); Political Science and International Relations (Q3); Economics and Econometrics (Q4)"
326;100147317;Journal of Supply Chain Management;journal;ISSN 15232409;0.154;Q3;71;26;29;716;11;28;0.39;27.54;United States;"Economics, Econometrics and Finance (miscellaneous) (Q3); Management Information Systems (Q3); Marketing (Q3); Information Systems (Q4)"
327;36512;Tropical Science;journal;ISSN 00413291;0.154;Q4;16;34;127;589;13;127;0.1;17.32;United Kingdom;"Environmental Science (miscellaneous) (Q2); Agricultural and Biological Sciences (miscellaneous) (Q3); Economics and Econometrics (Q4); Plant Science (Q4)"
328;11200153526;Studies in Economics and Finance;journal;ISSN 10867376;0.153;Q3;13;0;27;0;2;27;0.06;0.0;United Kingdom;"Economics, Econometrics and Finance (miscellaneous) (Q3); Economics and Econometrics (Q4); Finance (Q4)"
329;25477;South African Journal of Economics;journal;ISSN 00382280;0.153;Q4;24;35;73;351;13;73;0.19;10.03;United States;Economics and Econometrics (Q4)
330;19700187644;Politica Economica;journal;ISSN 11209496;0.151;Q4;7;13;44;461;4;44;0.1;35.46;Italy;"Political Science and International Relations (Q3); Economics and Econometrics (Q4)"
331;12300154710;Economic and Labour Relations Review;journal;ISSN 10353046;0.151;Q4;12;7;17;204;3;17;0.0;29.14;United States;"Economics and Econometrics (Q4); Organizational Behavior and Human Resource Management (Q4)"
332;55037;Asian Affairs;journal;ISSN 00927678;0.15;Q4;11;9;45;248;7;44;0.1;27.56;United States;"Geography, Planning and Development (Q3); Law (Q3); Political Science and International Relations (Q3); Economics and Econometrics (Q4)"
333;24982;Singapore Economic Review;journal;ISSN 02175908;0.147;Q4;11;12;36;289;4;36;0.08;24.08;United States;Economics and Econometrics (Q4)
334;22371;Hitotsubashi Journal of Economics;journal;ISSN 0018280, 0018280X;0.144;Q4;8;13;27;168;6;27;0.36;12.92;Japan;"Business, Management and Accounting (miscellaneous) (Q3); Economics and Econometrics (Q4)"
335;29884;Journal of International Accounting, Auditing and Taxation;journal;ISSN 10619518;0.143;Q4;33;9;42;357;1;42;0.03;39.67;United Kingdom;"Accounting (Q4); Finance (Q4)"
336;5600153382;Journal of the Economic and Social History of the Orient;journal;ISSN 00224995, 15685209;0.142;Q4;22;16;93;0;10;92;0.18;0.0;Netherlands;"History (Q2); Sociology and Political Science (Q3); Economics and Econometrics (Q4)"
337;24200;Review of Black Political Economy;journal;ISSN 00346446;0.142;Q4;13;18;32;506;6;32;0.07;28.11;United States;"Cultural Studies (Q2); Economics and Econometrics (Q4)"
338;145660;Atlantic Economic Journal;journal;ISSN 01974254;0.142;Q3;19;35;123;742;17;123;0.15;21.2;Netherlands;Economics, Econometrics and Finance (miscellaneous) (Q3)
339;144642;Managerial Auditing Journal;journal;ISSN 02686902;0.141;Q3;43;41;130;867;16;130;0.17;21.15;United Kingdom;"Business, Management and Accounting (miscellaneous) (Q3); Economics, Econometrics and Finance (miscellaneous) (Q3); Accounting (Q4); Organizational Behavior and Human Resource Management (Q4)"
340;27859;University of Pennsylvania Journal of International Economic Law;journal;ISSN 10867872;0.14;Q3;20;16;74;0;23;74;0.3;0.0;United States;"Economics, Econometrics and Finance (miscellaneous) (Q3); Law (Q3)"
341;12915;Space Policy;journal;ISSN 02659646;0.139;Q4;18;24;59;696;6;59;0.13;29.0;United Kingdom;"Economics and Econometrics (Q4); Sociology and Political Science (Q4); Space and Planetary Science (Q4)"
342;5700168589;Public Budgeting and Finance;journal;ISSN 02751100;0.135;Q4;20;27;83;0;6;82;0.04;0.0;United States;"Economics and Econometrics (Q4); Finance (Q4); Public Administration (Q4)"
343;4100151536;Research in Transportation Economics;journal;ISSN 07398859;0.133;Q3;30;0;6;0;1;5;0.2;0.0;United Kingdom;"Economics, Econometrics and Finance (miscellaneous) (Q3); Transportation (Q3)"
344;33245;Crisis Intervention and Time-Limited Treatment;journal;ISSN 10645136;0.132;Q3;9;18;33;708;12;33;0.38;39.33;United States;Economics, Econometrics and Finance (miscellaneous) (Q3)
345;14890;Mondes En Developpement;journal;ISSN 17821444, 03023052;0.131;Q4;9;27;78;894;4;78;0.05;33.11;Belgium;"Development (Q3); Economics and Econometrics (Q4)"
346;145661;International Advances in Economic Research;journal;ISSN 1573966X, 10830898;0.129;Q3;20;61;113;1301;4;112;0.05;21.33;United States;"Economics, Econometrics and Finance (miscellaneous) (Q3); Economics and Econometrics (Q4)"
347;25366;South Asia Research;journal;ISSN 02627280, 17413141;0.129;Q3;12;10;31;479;6;27;0.33;47.9;United States;"Economics, Econometrics and Finance (miscellaneous) (Q3); Social Sciences (miscellaneous) (Q3); Arts and Humanities (miscellaneous) (Q4)"
348;15498;International Journal of Sociology and Social Policy;journal;ISSN 0144333X, 0144333;0.129;Q3;20;34;116;1028;11;116;0.01;30.24;United Kingdom;"Economics, Econometrics and Finance (miscellaneous) (Q3); Sociology and Political Science (Q4)"
349;24352;Journal of Economic Studies;journal;ISSN 01443585;0.129;Q4;30;34;67;1003;10;67;0.12;29.5;United Kingdom;Economics, Econometrics and Finance (miscellaneous) (Q4)
350;19600162140;Asian Review of Accounting;journal;ISSN 13217348;0.127;Q4;15;15;39;554;4;39;0.09;36.93;United Kingdom;"Accounting (Q4); Finance (Q4)"
351;28419;Intereconomics;journal;ISSN 00205346, 1613964X;0.125;Q4;17;44;130;657;10;112;0.08;14.93;Germany;"Business, Management and Accounting (miscellaneous) (Q3); Economics, Econometrics and Finance (miscellaneous) (Q4)"
352;21100262312;Journal of Corporate Real Estate;journal;ISSN 1463001, 14791048;0.124;Q4;19;27;26;173;4;26;0.15;6.41;United Kingdom;"Business, Management and Accounting (miscellaneous) (Q3); Finance (Q4)"
353;21100781411;Journal of Risk Finance;journal;ISSN 15265943, 09657967;0.122;Q4;24;25;7;371;2;7;0.29;14.84;United Kingdom;"Accounting (Q4); Finance (Q4)"
354;17018;New Perspectives on Turkey;journal;ISSN 08966346, 13053299;0.121;Q4;13;1;1;0;0;1;0.0;0.0;United Kingdom;"Cultural Studies (Q2); History (Q2); Economics and Econometrics (Q4); Sociology and Political Science (Q4)"
355;19957;Economic and Political Weekly;journal;ISSN 00129976;0.121;Q4;39;0;1;0;1;1;0.0;0.0;India;"Economics, Econometrics and Finance (miscellaneous) (Q4); Political Science and International Relations (Q4); Sociology and Political Science (Q4)"
356;20140;Research in Human Capital and Development;book serie;ISSN 01943960;0.121;Q4;6;10;1;244;0;1;0.0;24.4;United States;"Demography (Q3); Development (Q4); Economics and Econometrics (Q4); Industrial Relations (Q4); Political Science and International Relations (Q4)"
357;20176;Business Economics;journal;ISSN 0007666, 0007666X;0.121;Q4;9;0;1;0;0;1;0.0;0.0;United States;"Business and International Management (Q3); Economics and Econometrics (Q4)"
358;22691;International Economic Journal;journal;ISSN 10168737;0.121;Q4;11;0;1;0;0;1;0.0;0.0;United Kingdom;Economics, Econometrics and Finance (miscellaneous) (Q4)
359;23702;Recherches economiques de Louvain;journal;ISSN 07704518;0.121;Q4;7;0;1;0;0;1;0.0;0.0;Belgium;Economics, Econometrics and Finance (miscellaneous) (Q4)
360;28992;Journal of European Economic History;journal;ISSN 03915115;0.121;Q4;3;1;1;0;0;1;0.0;0.0;Italy;"History (Q2); Economics and Econometrics (Q4)"
361;16000154737;Vierteljahresschrift fur Sozial und Wirtschaftsgeschichte;journal;ISSN 03410846, 03408728;0.121;Q4;5;0;1;0;0;1;0.0;0.0;Germany;"Cultural Studies (Q2); History (Q2); Economics, Econometrics and Finance (miscellaneous) (Q4); Sociology and Political Science (Q4)"
362;18500168400;Asian Affairs;journal;ISSN 03068374, 14771500;0.121;Q4;4;0;1;0;0;1;0.0;0.0;United Kingdom;"Geography, Planning and Development (Q3); Law (Q3); Economics and Econometrics (Q4); Political Science and International Relations (Q4)"
363;61617;Review of Economic Conditions in Italy;journal;ISSN 00346799;0.118;Q4;5;11;47;56;2;47;0.04;5.09;Italy;Economics and Econometrics (Q4)
364;12100157208;Journal of Economics and Finance;journal;ISSN 19389744, 10550925;0.116;Q4;25;23;78;630;3;78;0.06;27.39;United States;"Economics and Econometrics (Q4); Finance (Q4)"
365;19458;Eastern European Economics;journal;ISSN 00128775;0.115;Q4;17;15;48;286;14;48;0.21;19.07;United States;Economics and Econometrics (Q4)
366;56380;IEEE/IAFE Conference on Computational Intelligence for Financial Engineering, Proceedings (CIFEr);conference and proceeding;-;0.114;-;14;43;89;337;18;87;0.1;7.84;United Kingdom;"Applied Mathematics; Artificial Intelligence; Computer Science Applications; Finance; Software"
367;26181;Trimestre Economico;journal;ISSN 00413011;0.114;Q4;9;22;59;572;3;59;0.03;26.0;Mexico;Economics and Econometrics (Q4)
368;19700167301;Environmental Economics and Policy Studies;journal;ISSN 1432847X, 1432847;0.113;Q4;15;24;16;486;2;16;0.13;20.25;Germany;"Economics and Econometrics (Q4); Management, Monitoring, Policy and Law (Q4)"
369;21081;Contributions to Political Economy;journal;ISSN 02775921;0.112;Q4;15;5;20;0;1;19;0.08;0.0;United Kingdom;"Economics and Econometrics (Q4); Sociology and Political Science (Q4)"
370;22273;Peace Economics, Peace Science and Public Policy;journal;ISSN 10792457;0.112;Q4;12;10;11;221;1;11;0.09;22.1;Germany;"Economics and Econometrics (Q4); Management, Monitoring, Policy and Law (Q4); Political Science and International Relations (Q4); Sociology and Political Science (Q4)"
371;28854;International Trade Journal;journal;ISSN 08853908, 15210545;0.112;Q4;15;13;49;317;3;48;0.06;24.38;United Kingdom;"Business and International Management (Q3); Economics, Econometrics and Finance (miscellaneous) (Q4)"
372;5700168926;Humanomics;journal;ISSN 08288666;0.111;Q4;12;10;60;332;3;59;0.07;33.2;United Kingdom;"Philosophy (Q3); Economics and Econometrics (Q4)"
373;29339;International Journal on Hydropower and Dams;journal;ISSN 13522523;0.111;Q4;14;123;254;277;16;254;0.05;2.25;United Kingdom;"Energy Engineering and Power Technology (Q3); Mechanical Engineering (Q3); Civil and Structural Engineering (Q4); Economics and Econometrics (Q4)"
374;24850;Economic Outlook;journal;ISSN 0140489X, 14680319, 0140489;0.111;Q4;6;8;35;35;3;35;0.12;4.38;United Kingdom;Economics and Econometrics (Q4)
375;21100800043;Journal of Hospitality Financial Management;journal;ISSN 10913211, 21522790;0.111;Q4;8;10;39;64;4;39;0.07;6.4;United Kingdom;"Finance (Q4); Strategy and Management (Q4); Tourism, Leisure and Hospitality Management (Q4)"
376;28956;Jahrbuch f√ºr Wirtschaftsgeschichte;journal;ISSN 00752800;0.11;Q4;8;3;2;0;0;2;0.0;0.0;Germany;"History (Q3); Economics and Econometrics (Q4)"
377;15900154750;South African Journal of Economic and Management Sciences;journal;ISSN 10158812;0.11;Q4;11;0;2;0;0;2;0.0;0.0;South Africa;"Business, Management and Accounting (miscellaneous) (Q3); Economics, Econometrics and Finance (miscellaneous) (Q4)"
378;17385;International Review of Financial Analysis;journal;ISSN 10575219;0.109;Q4;38;24;51;578;2;51;0.03;24.08;Netherlands;"Economics and Econometrics (Q4); Finance (Q4)"
379;21100777369;Managerial Finance;journal;ISSN 03074358, 17587743;0.109;Q4;31;62;178;1473;11;178;0.04;23.76;United Kingdom;"Business, Management and Accounting (miscellaneous) (Q3); Finance (Q4); Strategy and Management (Q4)"
380;26285;Revue d'Economie du Developpement;journal;ISSN 12454060;0.108;Q4;7;22;45;630;1;45;0.0;28.64;Belgium;"Development (Q4); Economics, Econometrics and Finance (miscellaneous) (Q4)"
381;18175;OPEC Bulletin;journal;ISSN 04746279;0.107;Q4;2;188;127;31;1;127;0.0;0.16;Austria;"Energy Engineering and Power Technology (Q3); Fuel Technology (Q3); Economics and Econometrics (Q4)"
382;20193;Business Ethics;journal;ISSN 09628770;0.107;Q4;21;0;3;0;1;3;0.0;0.0;United Kingdom;"Business and International Management (Q3); Economics and Econometrics (Q4)"
383;24915;Economist;journal;ISSN 00130613;0.107;Q4;8;0;5;0;0;3;0.0;0.0;United Kingdom;"Business, Management and Accounting (miscellaneous) (Q3); Economics and Econometrics (Q4)"
384;28392;African Economic History;journal;ISSN 01452258;0.107;Q4;7;1;3;0;0;3;0.0;0.0;United States;"History (Q3); Economics and Econometrics (Q4)"
385;14394;Etudes Rurales;journal;ISSN 00142182;0.104;Q4;8;1;5;0;0;5;0.0;0.0;France;"History (Q3); Agricultural and Biological Sciences (miscellaneous) (Q4); Economics and Econometrics (Q4); Geography, Planning and Development (Q4)"
386;74334;Journal of International Studies;journal;ISSN 09105476;0.104;Q4;0;0;5;0;0;5;0.0;0.0;Japan;"Economics and Econometrics (Q4); Sociology and Political Science (Q4)"
387;19700180730;Developments in Environmental Economics;book serie;ISSN 09275207;0.104;Q4;1;0;6;0;0;5;0.0;0.0;Netherlands;"Economics and Econometrics (Q4); Law (Q4); Management, Monitoring, Policy and Law (Q4)"
388;16106;Foresight;journal;ISSN 14659832, 14636689;0.104;Q4;24;53;43;0;3;43;0.07;0.0;United Kingdom;"Business and International Management (Q3); Management of Technology and Innovation (Q3); Economics, Econometrics and Finance (miscellaneous) (Q4); Management Science and Operations Research (Q4)"
389;145412;Decisions in Economics and Finance;journal;ISSN 15938883, 11296569;0.103;Q4;12;8;7;145;0;7;0.0;18.13;Germany;"Economics, Econometrics and Finance (miscellaneous) (Q4); Finance (Q4)"
390;21100217635;International Insolvency Review;journal;ISSN 11800518, 10991107;0.103;Q4;6;16;34;0;2;34;0.05;0.0;United Kingdom;"Finance (Q4); Law (Q4)"
391;28141;Journal of Taxation;journal;ISSN 00224863;0.102;Q4;7;53;75;1874;30;75;0.4;35.36;United States;"Accounting (Q4); Economics and Econometrics (Q4); Finance (Q4)"
392;4100151542;Advances in Applied Microeconomics;book serie;ISSN 02780984;0.102;Q4;13;13;12;287;0;11;0.0;22.08;United States;Economics, Econometrics and Finance (miscellaneous) (Q4)
393;24089;North American Journal of Economics and Finance;journal;ISSN 10629408;0.102;Q4;29;12;39;347;5;39;0.04;28.92;Netherlands;"Economics and Econometrics (Q4); Finance (Q4)"
394;12100155623;The Forum for Social Economics;journal;ISSN 07360932, 18746381;0.102;Q4;5;0;15;0;0;13;0.0;0.0;United States;"Economics and Econometrics (Q4); Sociology and Political Science (Q4)"
395;18880;Australian Economic Papers;journal;ISSN 14678454, 0004900X, 0004900;0.101;Q4;11;0;14;0;1;14;0.0;0.0;United Kingdom;Economics, Econometrics and Finance (miscellaneous) (Q4)
396;15173;International Woodfiber Report;journal;-;0.101;Q4;1;76;155;0;1;150;0.01;0.0;United States;"Media Technology (Q3); Economics and Econometrics (Q4); Forestry (Q4); Materials Chemistry (Q4)"
397;17570;Middle East Economic Survey;journal;ISSN 05440424;0.101;Q4;1;994;19;17;0;19;0.0;0.02;Cyprus;Economics, Econometrics and Finance (miscellaneous) (Q4)
398;4700152459;Economic Change and Restructuring;journal;ISSN 15739414, 15740277;0.101;Q4;15;11;32;263;0;32;0.0;23.91;Germany;Economics and Econometrics (Q4)
399;17600155015;Journal of Entrepreneurship;journal;ISSN 09730745, 09713557;0.101;Q4;11;0;34;0;0;34;0.0;0.0;United States;"Business and International Management (Q4); Economics and Econometrics (Q4); Strategy and Management (Q4)"
400;18217;Acta Oeconomica;journal;ISSN 00016373, 15882659;0.1;Q4;10;19;35;552;7;35;0.28;29.05;Hungary;Economics and Econometrics (Q4)
401;27748;Emerging Markets Finance and Trade;journal;ISSN 1540496, 1540496X;0.1;Q4;24;18;37;376;1;37;0.0;20.89;United States;"Economics, Econometrics and Finance (miscellaneous) (Q4); Finance (Q4)"
402;16230;Global Finance Journal;journal;ISSN 10440283;0.1;Q4;26;8;53;254;3;53;0.03;31.75;Netherlands;"Economics and Econometrics (Q4); Finance (Q4)"
403;38885;Real Estate Taxation;journal;ISSN 00935107;0.1;Q4;2;26;54;0;1;54;0.02;0.0;United States;"Accounting (Q4); Economics and Econometrics (Q4); Finance (Q4)"
404;14500154708;Statistical Journal of the IAOS;journal;ISSN 18747655;0.1;Q4;12;14;56;293;1;56;0.0;20.93;Netherlands;"Economics and Econometrics (Q4); Management Information Systems (Q4); Statistics, Probability and Uncertainty (Q4)"
405;15666;Banking Law Journal;journal;ISSN 00055506;0.1;Q4;5;24;92;790;0;92;0.0;32.92;United States;"Business, Management and Accounting (miscellaneous) (Q4); Finance (Q4); Law (Q4)"
406;14727;International Paperworld IPW;journal;ISSN 16151720;0.1;Q4;6;93;102;185;0;102;0.0;1.99;Germany;"Chemical Engineering (miscellaneous) (Q4); Chemistry (miscellaneous) (Q4); Economics and Econometrics (Q4); Materials Chemistry (Q4); Materials Science (miscellaneous) (Q4); Media Technology (Q4)"
407;14453;Emerging Markets Review;journal;ISSN 15660141;0.0;-;39;13;0;315;0;0;0.0;24.23;Netherlands;"Business and International Management; Economics and Econometrics"
408;20595;Economic Research-Ekonomska Istrazivanja;journal;ISSN 1331677X, 1331677;0.0;-;11;12;0;141;0;0;0.0;11.75;United Kingdom;Economics and Econometrics
409;21780;Nonlinear Analysis: Real World Applications;journal;ISSN 14681218;0.0;-;69;28;0;649;0;0;0.0;23.18;Netherlands;"Analysis; Applied Mathematics; Computational Mathematics; Economics, Econometrics and Finance (miscellaneous); Engineering (miscellaneous); Medicine (miscellaneous)"
410;22223;Forest Policy and Economics;journal;ISSN 13899341;0.0;-;54;23;0;642;0;0;0.0;27.91;Netherlands;"Economics and Econometrics; Forestry; Management, Monitoring, Policy and Law; Sociology and Political Science"
411;29806;International Journal of Accounting Information Systems;journal;ISSN 14670895;0.0;-;42;11;0;425;0;0;0.0;38.64;United Kingdom;"Accounting; Finance; Information Systems and Management; Management Information Systems"
412;69005;Agricultural Finance Review;journal;ISSN 20416326, 00021466;0.0;-;18;6;0;119;0;0;0.0;19.83;United Kingdom;"Agricultural and Biological Sciences (miscellaneous); Economics and Econometrics; Economics, Econometrics and Finance (miscellaneous); Finance; Strategy and Management"
413;3300147410;Journal of Asian Pacific Communication;journal;ISSN 15699838, 09576851;0.0;-;13;15;0;397;0;0;0.0;26.47;Netherlands;"Business, Management and Accounting (miscellaneous); Communication; Economics and Econometrics; Geography, Planning and Development"
414;4000152103;Advances in Entrepreneurship, Firm Emergence and Growth;book serie;ISSN 10747540;0.0;-;13;13;0;684;0;0;0.0;52.62;United Kingdom;"Business, Management and Accounting (miscellaneous); Economics, Econometrics and Finance (miscellaneous)"
415;4000152104;Research in the History of Economic Thought and Methodology;book serie;ISSN 07434154;0.0;-;6;50;0;1000;0;0;0.0;20.0;United Kingdom;"Arts and Humanities (miscellaneous); Economics, Econometrics and Finance (miscellaneous); History and Philosophy of Science"
416;4000152110;Advances in Accounting;book serie;ISSN 10465715, 08826110;0.0;-;20;11;0;324;0;0;0.0;29.45;United Kingdom;"Accounting; Finance"
417;4000152117;Advances in Econometrics;book serie;ISSN 07319053;0.0;-;20;12;0;432;0;0;0.0;36.0;United Kingdom;Economics and Econometrics
418;4100151518;Advances in the Study of Entrepreneurship, Innovation, and Economic Growth;book serie;ISSN 10484736;0.0;-;9;8;0;399;0;0;0.0;49.88;United Kingdom;"Business, Management and Accounting (miscellaneous); Finance; Management of Technology and Innovation"
419;4100151526;Advances in Strategic Management;book serie;ISSN 07423322;0.0;-;24;35;0;796;0;0;0.0;22.74;United Kingdom;"Economics, Econometrics and Finance (miscellaneous); Strategy and Management"
420;4100151535;Research in Political Economy;book serie;ISSN 01617230;0.0;-;8;14;0;485;0;0;0.0;34.64;United Kingdom;"Economics and Econometrics; Political Science and International Relations"
421;4100151544;International Finance Review;book serie;ISSN 15693767;0.0;-;8;18;0;367;0;0;0.0;20.39;United Kingdom;Finance
422;4800153107;Advances in Business Marketing and Purchasing;book serie;ISSN 10690964;0.0;-;7;31;0;1330;0;0;0.0;42.9;United Kingdom;"Economics, Econometrics and Finance (miscellaneous); Marketing"
423;4800153109;Advances in Taxation;book serie;ISSN 10587497;0.0;-;5;8;0;253;0;0;0.0;31.63;United Kingdom;"Business, Management and Accounting (miscellaneous); Finance"
424;5200152633;Research in Law and Economics;book serie;ISSN 01935895;0.0;-;8;8;0;480;0;0;0.0;60.0;United Kingdom;"Economics and Econometrics; Law"
425;8300153115;Advances in Environmental Accounting and Management;book serie;ISSN 14793598;0.0;-;12;9;0;531;0;0;0.0;59.0;United Kingdom;"Accounting; Economics, Econometrics and Finance (miscellaneous); Management, Monitoring, Policy and Law"
426;11800154592;Journal of Sports Economics;journal;ISSN 15270025;0.0;-;36;26;0;445;0;0;0.0;17.12;United States;"Economics, Econometrics and Finance (miscellaneous); Sports Science"
427;12100156731;South Asia Economic Journal;journal;ISSN 13915614;0.0;-;10;19;0;225;0;0;0.0;11.84;United States;Economics, Econometrics and Finance (miscellaneous)
428;19200156908;Annals of Economics and Finance;journal;ISSN 15297373;0.0;-;19;20;0;564;0;0;0.0;28.2;United States;"Economics and Econometrics; Finance"
429;19300156810;Asia-Pacific Journal of Accounting and Economics;journal;ISSN 16081625;0.0;-;8;1;0;45;0;0;0.0;45.0;United Kingdom;"Accounting; Economics and Econometrics; Finance"
430;19400157144;Handbook of Income Distribution;book serie;ISSN 15740056;0.0;-;19;16;0;2646;0;0;0.0;165.38;Netherlands;"Economics and Econometrics; Finance; Sociology and Political Science"
431;19700180551;Handbook of Health Economics;book serie;ISSN 15740064;0.0;-;32;37;0;4846;0;0;0.0;130.97;Netherlands;"Economics, Econometrics and Finance (miscellaneous); Health Policy"
432;19900192150;Pacific Rim Property Research Journal;journal;ISSN 14445921;0.0;-;13;12;0;262;0;0;0.0;21.83;United Kingdom;Economics, Econometrics and Finance (miscellaneous)
433;21100228046;America Latina en la Historia Economica;journal;ISSN 14052253;0.0;-;3;14;0;275;0;0;0.0;19.64;Mexico;"Economics, Econometrics and Finance (miscellaneous); History"
