Rank;Sourceid;Title;Type;Issn;SJR;SJR Best Quartile;H index;Total Docs. (2002);Total Docs. (3years);Total Refs.;Total Cites (3years);Citable Docs. (3years);Cites / Doc. (2years);Ref. / Doc.;Country;Publisher;Coverage;Categories
1;20651;Annual Review of Immunology;journal;15453278, 07320582;37.525;Q1;279;27;84;4515;4576;84;56.07;167.22;United States;Annual Reviews Inc.;1983-ongoing;"Immunology (Q1); Immunology and Allergy (Q1)"
2;20798;Immunity;journal;10974180, 10747613;15.691;Q1;355;150;476;7076;8602;464;17.52;47.17;United States;Cell Press;1994-ongoing;"Immunology (Q1); Immunology and Allergy (Q1); Infectious Diseases (Q1)"
3;21315;Nature Immunology;journal;15292908, 15292916;14.426;Q1;344;240;354;8098;5602;304;18.43;33.74;United Kingdom;Nature Publishing Group;2000-ongoing;Immunology (Q1)
4;20278;Microbiology and Molecular Biology Reviews;journal;10922172;12.098;Q1;229;28;97;7131;1848;96;16.41;254.68;United States;American Society for Microbiology;1997-ongoing;"Immunology and Microbiology (miscellaneous)  (Q1); Molecular Biology (Q1)"
5;21272;Journal of Experimental Medicine;journal;00221007;10.994;Q1;411;342;1180;14257;17261;1076;16.13;41.69;United States;Rockefeller University Press;1945-ongoing;"Immunology (Q1); Immunology and Allergy (Q1); Medicine (miscellaneous) (Q1)"
6;17435;EMBO Journal;journal;02614189, 14602075;10.695;Q1;368;707;2070;33224;23459;2032;10.77;46.99;Germany;Wiley-Blackwell;1982-ongoing;"Biochemistry, Genetics and Molecular Biology (miscellaneous) (Q1); Immunology and Microbiology (miscellaneous)  (Q1); Medicine (miscellaneous) (Q1); Molecular Biology (Q1); Neuroscience (miscellaneous) (Q1)"
7;19614;Annual Review of Microbiology;journal;00664227, 15453251;9.141;Q1;175;31;77;3364;1155;74;14.83;108.52;United States;Annual Reviews Inc.;1948, 1950-1958, 1960, 1962-ongoing;Microbiology (Q1)
8;18797;Current Opinion in Immunology;journal;09527915;7.616;Q1;177;111;335;6154;3669;295;12.43;55.44;Netherlands;Elsevier BV;1988-ongoing;"Immunology (Q1); Immunology and Allergy (Q1)"
9;20151;Advances in Immunology;book series;00652776;7.33;Q1;97;6;66;1538;740;57;11.21;256.33;United States;Elsevier Inc.;1961, 1963-1964, 1966-ongoing;"Immunology (Q1); Immunology and Allergy (Q1)"
10;20736;Clinical and Experimental Immunology, Supplement;journal;09642536;6.715;Q1;23;0;1;0;23;1;0;0;United Kingdom;Blackwell Publishing Inc.;1991, 1993-1997, 1999;Immunology (Q1)
11;17421;Cytokine and Growth Factor Reviews;journal;13596101;5.312;Q1;148;40;81;4287;726;78;9.8;107.18;United Kingdom;Elsevier Ltd.;1990-1992, 1994-ongoing;"Biochemistry, Genetics and Molecular Biology (miscellaneous) (Q1); Endocrinology, Diabetes and Metabolism (Q1); Immunology (Q1); Immunology and Allergy (Q1)"
12;19651;Clinical Microbiology Reviews;journal;08938512, 10986618;5.292;Q1;245;43;116;8154;1517;111;11.82;189.63;United States;American Society for Microbiology;1988-ongoing;"Epidemiology (Q1); Immunology and Microbiology (miscellaneous)  (Q1); Infectious Diseases (Q1); Microbiology (medical) (Q1); Public Health, Environmental and Occupational Health (Q1)"
13;21318;Nature Reviews Immunology;journal;14741733;5.192;Q1;351;212;42;8681;286;42;6.81;40.95;United Kingdom;Nature Publishing Group;2001-ongoing;"Immunology (Q1); Medicine (miscellaneous) (Q1)"
14;21365;Trends in Immunology;journal;14714906, 14714981;5.173;Q1;209;173;510;4252;3938;351;9.77;24.58;Netherlands;Elsevier BV;1987-1990, 1993-1994, 2001-ongoing;"Immunology (Q1); Immunology and Allergy (Q1)"
15;21359;Seminars in Immunology;journal;10445323, 10963618;5.153;Q1;114;58;164;2633;981;145;7.86;45.4;United States;Elsevier Inc.;1989-ongoing;"Immunology (Q1); Immunology and Allergy (Q1)"
16;19708;FEMS Microbiology Reviews;journal;01686445;4.989;Q1;187;28;94;3295;921;91;9.86;117.68;United Kingdom;Oxford University Press;1985-ongoing;"Infectious Diseases (Q1); Microbiology (Q1)"
17;20810;Immunological Reviews;journal;01052896, 1600065X;4.949;Q1;197;99;363;8410;2916;357;7.74;84.95;United Kingdom;Blackwell Publishing Inc.;1969-ongoing;"Immunology (Q1); Immunology and Allergy (Q1)"
18;21275;Journal of Immunology;journal;15506606, 00221767;4.601;Q1;345;1696;5469;76267;39884;5379;7.26;44.97;United States;American Association of Immunologists;1945-ongoing;Immunology (Q1)
19;20298;Molecular Microbiology;journal;13652958, 0950382X;3.982;Q1;226;534;1544;24858;9056;1465;5.87;46.55;United Kingdom;Blackwell Publishing Inc.;1987-ongoing;"Microbiology (Q1); Molecular Biology (Q1)"
20;19602;Advances in Microbial Physiology;book series;00652911;3.827;Q1;59;7;27;1350;188;27;5.14;192.86;United States;Elsevier Inc.;1967-1969, 1971-1995, 1997-ongoing;"Microbiology (Q1); Physiology (Q1)"
21;19669;Current Opinion in Microbiology;journal;13695274;3.753;Q1;159;92;322;4067;2053;300;6.3;44.21;Netherlands;Elsevier BV;1998-ongoing;"Infectious Diseases (Q1); Microbiology (Q1); Microbiology (medical) (Q1)"
22;21309;AIDS;journal;02699370;3.427;Q1;203;530;1654;12360;8236;1194;6.14;23.32;United States;Lippincott Williams & Wilkins Ltd.;1987-ongoing;"Immunology (Q1); Immunology and Allergy (Q1); Infectious Diseases (Q1)"
23;20779;European Journal of Immunology;journal;00142980, 15214141;3.301;Q1;187;415;1299;15452;6638;1284;4.97;37.23;United Kingdom;John Wiley & Sons Ltd.;1971-ongoing;"Immunology (Q1); Immunology and Allergy (Q1)"
24;20250;Journal of Virology;journal;10985514, 0022538X;3.27;Q1;271;1401;4062;64910;22318;4012;5.41;46.33;United States;American Society for Microbiology;1967-ongoing;"Immunology (Q1); Insect Science (Q1); Microbiology (Q1); Virology (Q1)"
25;20862;Trends in Microbiology;journal;0966842X;3.243;Q1;172;172;587;4300;1842;361;4.7;25;Netherlands;Elsevier BV;1993-ongoing;"Infectious Diseases (Q1); Microbiology (Q1); Microbiology (medical) (Q1); Virology (Q1)"
26;16115;Nature Biotechnology;journal;10870156;3.212;Q1;399;406;1446;5311;7383;1012;7.46;13.08;United Kingdom;Nature Publishing Group;1990-ongoing;"Applied Microbiology and Biotechnology (Q1); Bioengineering (Q1); Biomedical Engineering (Q1); Biotechnology (Q1); Molecular Medicine (Q1)"
27;130030;Proceedings of the Royal Society B: Biological Sciences;journal;14712954, 09628452;3.083;Q1;221;350;1103;14104;4011;1085;3.52;40.3;United Kingdom;The Royal Society;1947, 1949-ongoing;"Agricultural and Biological Sciences (miscellaneous) (Q1); Biochemistry, Genetics and Molecular Biology (miscellaneous) (Q1); Environmental Science (miscellaneous) (Q1); Immunology and Microbiology (miscellaneous)  (Q1); Medicine (miscellaneous) (Q1)"
28;19603;Advances in Parasitology;journal;0065308X;2.982;Q1;81;8;45;2036;230;38;5.18;254.5;United States;Elsevier Inc.;1963-ongoing;"Medicine (miscellaneous) (Q1); Parasitology (Q1)"
29;18483;Cellular Microbiology;journal;14625814, 14625822;2.686;Q1;125;70;158;3791;790;158;4.88;54.16;United Kingdom;Blackwell Publishing Inc.;1999-ongoing;"Immunology (Q1); Microbiology (Q1); Virology (Q1)"
30;20220;Journal of Bacteriology;journal;00219193, 10985530;2.522;Q1;222;882;3007;35783;11957;2957;4.03;40.57;United States;American Society for Microbiology;1945-ongoing;"Microbiology (Q1); Molecular Biology (Q1)"
31;21267;Journal of Allergy and Clinical Immunology;journal;10976825, 00916749;2.506;Q1;262;405;1365;12088;7967;1227;6.55;29.85;United States;Mosby Inc.;1962-1965, 1971-ongoing;"Immunology (Q1); Immunology and Allergy (Q1)"
32;21100297606;Arthritis and Rheumatology;journal;23265205;2.488;Q1;290;500;1277;14611;7736;1084;7.02;29.22;United Kingdom;John Wiley and Sons Ltd;2014-ongoing;"Immunology (Q1); Immunology and Allergy (Q1); Rheumatology (Q1)"
33;21245;International Immunology;journal;14602377, 09538178;2.471;Q1;124;148;563;6507;2113;558;3.65;43.97;United Kingdom;Oxford University Press;1989-ongoing;"Immunology (Q1); Medicine (miscellaneous) (Q1)"
34;25454;Blood;journal;15280020, 00064971;2.276;Q1;426;1432;6583;54479;29454;6202;3.86;38.04;United States;American Society of Hematology;1946-ongoing;"Biochemistry (Q1); Cell Biology (Q1); Hematology (Q1); Immunology (Q1)"
35;14133;Molecular and Biochemical Parasitology;journal;01666851;2.24;Q1;103;191;649;5996;1838;643;2.99;31.39;Netherlands;Elsevier BV;1980-ongoing;"Molecular Biology (Q1); Parasitology (Q1)"
36;20863;Trends in Parasitology;journal;14714922;2.235;Q1;128;187;547;3659;1548;367;4.2;19.57;Netherlands;Elsevier BV;2001-ongoing;"Infectious Diseases (Q1); Parasitology (Q1)"
37;22343;Infection and Immunity;journal;10985522, 00199567;2.178;Q1;204;948;3087;37881;13045;3039;4.23;39.96;United States;American Society for Microbiology;1971-ongoing;"Immunology (Q1); Infectious Diseases (Q1); Microbiology (Q1); Parasitology (Q1)"
38;29607;Journal of Leukocyte Biology;journal;07415400;2.154;Q1;175;263;760;14015;3461;748;4.3;53.29;United States;Federation of American Societies for Experimental Biology;1984-ongoing;"Cell Biology (Q1); Immunology (Q1)"
39;20752;Critical Reviews in Immunology;journal;10408401;2.152;Q1;71;23;75;3582;343;74;3.11;155.74;United States;Begell House;1980-ongoing;Immunology (Q1)
40;19618;Applied and Environmental Microbiology;journal;00992240, 10985336;2.062;Q1;293;888;2598;33011;10864;2564;3.95;37.17;United States;American Society for Microbiology;1976-ongoing;"Applied Microbiology and Biotechnology (Q1); Biotechnology (Q1); Ecology (Q1); Food Science (Q1)"
41;27974;Frontiers in Bioscience - Landmark;journal;10939946;1.974;Q1;130;211;334;21294;1333;334;3.31;100.92;United States;Frontiers in Bioscience;1996-ongoing;"Biochemistry, Genetics and Molecular Biology (miscellaneous) (Q1); Immunology and Microbiology (miscellaneous)  (Q1); Medicine (miscellaneous) (Q1)"
42;28861;Biometrics;journal;0006341X, 15410420;1.876;Q1;116;121;539;2523;674;519;1.08;20.85;United Kingdom;Blackwell Publishing Inc.;1946-1951, 1965-ongoing;"Agricultural and Biological Sciences (miscellaneous) (Q1); Applied Mathematics (Q1); Biochemistry, Genetics and Molecular Biology (miscellaneous) (Q1); Immunology and Microbiology (miscellaneous)  (Q1); Medicine (miscellaneous) (Q1); Statistics and Probability (Q1)"
43;19671;Current Topics in Microbiology and Immunology;book series;0070217X;1.837;Q1;105;156;380;13101;1264;357;3.47;83.98;Germany;Springer Verlag;1967-ongoing;"Immunology (Q1); Immunology and Allergy (Q1); Microbiology (Q1); Microbiology (medical) (Q1)"
44;19761;International Journal of Systematic and Evolutionary Microbiology;journal;14665026, 14665034;1.818;Q1;156;302;818;10143;2457;775;3.09;33.59;United Kingdom;Society for General Microbiology;2000-ongoing;"Ecology, Evolution, Behavior and Systematics (Q1); Medicine (miscellaneous) (Q1); Microbiology (Q1)"
45;20723;Clinical and Experimental Allergy;journal;09547894, 13652222;1.789;Q1;139;281;749;9641;3072;628;4.53;34.31;United Kingdom;Blackwell Publishing Inc.;1971-ongoing;"Immunology (Q1); Immunology and Allergy (Q1)"
46;34345;Reviews in Immunogenetics;journal;13981714;1.769;Q1;30;0;75;0;261;70;3.56;0;Denmark;Munksgaard International Publishers;1999-2000;"Genetics (Q1); Immunology (Q1)"
47;19601;Advances in Microbial Ecology;book series;01474863;1.765;Q1;11;0;14;0;56;14;4.57;0;United States;Kluwer Academic/Plenum Publishers;1985, 1995, 1999-2000;"Ecology (Q1); Microbiology (Q1)"
48;17905;Yeast;journal;10970061, 0749503X;1.695;Q1;95;123;461;4734;1096;457;2.37;38.49;United States;John Wiley & Sons Inc.;1985-ongoing;"Applied Microbiology and Biotechnology (Q1); Biochemistry (Q1); Bioengineering (Q1); Biotechnology (Q1); Medicine (miscellaneous) (Q1); Genetics (Q2)"
49;21528;AIDS, Supplement;journal;13502840;1.694;Q1;35;3;21;228;87;20;3.56;76;United States;Lippincott Williams & Wilkins Ltd.;1993, 1995-2000, 2002-2005;"Immunology (Q1); Immunology and Allergy (Q1); Virology (Q1)"
50;20886;Virology;journal;00426822, 1089862X;1.629;Q1;162;465;1635;20948;5573;1626;3.4;45.05;United States;Elsevier Inc.;1944, 1955-ongoing;Virology (Q1)
51;19683;Environmental Microbiology;journal;14622912, 14622920;1.585;Q1;164;114;248;3836;764;238;3.17;33.65;United Kingdom;Blackwell Publishing Inc.;1992, 1999-ongoing;"Ecology, Evolution, Behavior and Systematics (Q1); Microbiology (Q1)"
52;22379;International Journal for Parasitology;journal;00207519;1.567;Q1;132;184;602;8901;1694;569;2.92;48.38;Netherlands;Elsevier BV;1971-ongoing;"Infectious Diseases (Q1); Parasitology (Q1)"
53;20268;Microbiology;journal;13500872, 14652080;1.541;Q1;163;415;1066;17040;3180;1026;3.04;41.06;United Kingdom;Society for General Microbiology;1994-ongoing;Microbiology (Q1)
54;20808;Immunologic Research;journal;0257277X;1.517;Q1;77;50;162;3421;469;160;2.41;68.42;United States;Humana Press, Inc.;1986-ongoing;Immunology (Q1)
55;18571;Fungal Genetics and Biology;journal;10960937, 10871845;1.511;Q1;97;75;190;3541;590;179;3.23;47.21;United States;Elsevier Inc.;1996-ongoing;"Microbiology (Q1); Genetics (Q2)"
56;14802;Soil Biology and Biochemistry;journal;00380717;1.5;Q1;186;225;681;7992;1550;666;2.1;35.52;United Kingdom;Elsevier Ltd.;1933, 1969-ongoing;"Microbiology (Q1); Soil Science (Q1)"
57;19034;Microbial Drug Resistance;journal;10766294;1.463;Q1;62;55;126;1786;379;123;3.04;32.47;United States;Mary Ann Liebert Inc.;1995-ongoing;"Immunology (Q1); Medicine (miscellaneous) (Q1); Microbiology (Q1); Microbiology (medical) (Q1); Pharmacology (Q1)"
58;20264;Microbes and Infection;journal;12864579;1.456;Q1;129;181;518;9509;1556;479;3.26;52.54;Netherlands;Elsevier BV;1989, 1999-ongoing;"Immunology (Q1); Infectious Diseases (Q1); Microbiology (Q1)"
59;16749;Journal of Neuroimmunology;journal;01655728;1.446;Q1;129;272;779;11466;2966;766;3.7;42.15;Netherlands;Elsevier BV;1981-ongoing;"Immunology (Q1); Immunology and Allergy (Q1); Neurology (Q1); Neurology (clinical) (Q1)"
60;20230;Journal of General Virology;journal;00221317, 14652099;1.441;Q1;152;349;1102;14407;3671;1090;3.4;41.28;United Kingdom;Society for General Microbiology;1967-ongoing;Virology (Q1)
61;14156;Molecular Immunology;journal;01615890;1.429;Q1;113;162;279;7162;651;269;2.16;44.21;United Kingdom;Elsevier Ltd.;1973-ongoing;"Immunology (Q1); Molecular Biology (Q2)"
62;21787;American Journal of Tropical Medicine and Hygiene;journal;00029637;1.407;Q1;135;265;852;7093;2007;812;2.13;26.77;United States;American Society of Tropical Medicine and Hygiene;1945-ongoing;"Infectious Diseases (Q1); Medicine (miscellaneous) (Q1); Parasitology (Q1); Virology (Q1)"
63;20691;BMC Immunology;journal;14712172;1.406;Q1;50;16;12;734;21;12;1.75;45.88;United Kingdom;BioMed Central;2000-ongoing;Immunology (Q1)
64;20239;Journal of Molecular Microbiology and Biotechnology;journal;14753774, 14641801;1.401;Q1;73;64;194;3084;550;190;2.55;48.19;Switzerland;S. Karger AG;1999-ongoing;"Applied Microbiology and Biotechnology (Q1); Biotechnology (Q1); Microbiology (Q1); Molecular Biology (Q2)"
65;21250;International Reviews of Immunology;journal;08830185;1.395;Q1;61;30;109;2589;242;100;2.09;86.3;United Kingdom;Taylor & Francis;1986-ongoing;"Immunology (Q1); Immunology and Allergy (Q1)"
66;22271;Immunogenetics;journal;00937711, 14321211;1.39;Q1;85;111;511;4102;1221;484;2.57;36.95;Germany;Springer Verlag;1974-ongoing;"Immunology (Q1); Genetics (Q2)"
67;21270;Journal of Clinical Immunology;journal;02719142, 15732592;1.379;Q1;87;46;155;1893;556;153;2.86;41.15;United States;Kluwer Academic/Plenum Publishers;1981-ongoing;"Immunology (Q1); Immunology and Allergy (Q1)"
68;19604;Advances in Virus Research;book series;00653527;1.367;Q1;78;8;91;1296;337;89;2.91;162;United States;Elsevier Inc.;1953-1955, 1957-1970, 1972-1974, 1976-1979, 1981-ongoing;"Infectious Diseases (Q1); Medicine (miscellaneous) (Q1); Virology (Q1)"
69;19705;FEMS Microbiology Ecology;journal;01686496;1.335;Q1;135;131;346;5181;923;342;2.65;39.55;United Kingdom;Oxford University Press;1985-ongoing;"Applied Microbiology and Biotechnology (Q1); Ecology (Q1); Microbiology (Q1)"
70;27592;Arthritis Research and Therapy;journal;14786354;1.312;Q1;132;107;203;2847;495;117;4.3;26.61;United Kingdom;BioMed Central;2003-ongoing;"Immunology (Q1); Immunology and Allergy (Q1); Rheumatology (Q1)"
71;23046;Transactions of the Royal Society of Tropical Medicine and Hygiene;journal;00359203;1.31;Q1;97;209;564;4802;1172;539;2.06;22.98;United Kingdom;Oxford University Press;1907-ongoing;"Infectious Diseases (Q1); Medicine (miscellaneous) (Q1); Parasitology (Q1); Public Health, Environmental and Occupational Health (Q1)"
72;20813;Immunology;journal;00192805, 13652567;1.302;Q2;117;188;680;8034;1920;669;2.79;42.73;United Kingdom;Blackwell Publishing Inc.;1958-ongoing;"Immunology and Allergy (Q1); Immunology (Q2)"
73;13076;Protist;journal;14344610;1.294;Q1;68;40;114;1449;243;102;2.03;36.23;Netherlands;Elsevier BV;1998-ongoing;Microbiology (Q1)
74;21274;Journal of Immunological Methods;journal;00221759;1.285;Q2;123;276;677;8865;1935;661;2.81;32.12;Netherlands;Elsevier BV;1971-ongoing;"Immunology and Allergy (Q1); Immunology (Q2)"
75;19665;Current Issues in Intestinal Microbiology;journal;1466531X, 14665328;1.27;Q1;34;5;11;339;51;11;4.64;67.8;United Kingdom;Horizon Scientific Press;2000-2007;"Applied Microbiology and Biotechnology (Q1); Gastroenterology (Q1); Microbiology (medical) (Q1)"
76;13932;Journal of Foraminiferal Research;journal;00961191;1.269;Q1;58;38;82;1970;139;82;1.44;51.84;United States;Cushman Fondation for Foraminiferal Research;1979-ongoing;"Microbiology (Q1); Paleontology (Q1)"
77;20861;Systematic and Applied Microbiology;journal;07232020;1.267;Q1;88;73;231;2443;528;228;1.97;33.47;Netherlands;Elsevier BV;1983-ongoing;"Applied Microbiology and Biotechnology (Q1); Ecology, Evolution, Behavior and Systematics (Q1); Microbiology (Q1)"
78;21268;Journal of Autoimmunity;journal;10959157, 08968411;1.225;Q2;101;60;300;2389;917;293;3.06;39.82;United States;Elsevier Inc.;1988-ongoing;"Immunology and Allergy (Q1); Immunology (Q2)"
79;20356;Reviews in Medical Virology;journal;10529276, 10991654;1.219;Q1;84;34;102;2313;351;84;4.48;68.03;United States;John Wiley & Sons Inc.;1991-ongoing;"Infectious Diseases (Q1); Virology (Q1)"
80;19623;Archives of Microbiology;journal;1432072X, 03028933;1.203;Q1;94;138;356;4758;759;346;2.1;34.48;Germany;Springer Verlag;1974-ongoing;"Medicine (miscellaneous) (Q1); Microbiology (Q1); Biochemistry (Q2); Genetics (Q2); Molecular Biology (Q2)"
81;7100153107;Seminars in Immunopathology;journal;18632297, 18632300;1.199;Q2;85;24;99;1706;217;92;1.92;71.08;Germany;Springer Verlag;2007-ongoing;"Immunology and Allergy (Q1); Immunology (Q2)"
82;15477;Biotechnology and Bioengineering;journal;00063592, 10970290;1.185;Q1;171;349;1093;10239;2693;1080;2.18;29.34;Germany;Wiley - V C H Verlag GmbbH & Co.;1962-ongoing;"Applied Microbiology and Biotechnology (Q1); Bioengineering (Q1); Biotechnology (Q1)"
83;16339;Metabolic Engineering;journal;10967176, 10967184;1.179;Q1;101;32;96;1255;288;93;2.76;39.22;United States;Elsevier Inc.;1999-ongoing;"Applied Microbiology and Biotechnology (Q1); Bioengineering (Q1); Biotechnology (Q1)"
84;22993;Parasitology;journal;14698161, 00311820;1.179;Q1;102;148;525;6154;1079;518;2.04;41.58;United Kingdom;Cambridge University Press;1908-ongoing;"Animal Science and Zoology (Q1); Infectious Diseases (Q1); Parasitology (Q1)"
85;23122;Tropical Medicine and International Health;journal;13602276, 13653156;1.177;Q1;101;148;467;3840;838;402;2.1;25.95;United Kingdom;Blackwell Publishing Inc.;1996-ongoing;"Infectious Diseases (Q1); Parasitology (Q1); Public Health, Environmental and Occupational Health (Q1)"
86;22987;Papillomavirus Report;journal;09574190;1.168;Q1;7;17;18;384;16;5;3.2;22.59;United Kingdom;Maney Publishing;2001-2005;Virology (Q1)
87;19136;Annals of the Rheumatic Diseases;journal;00034967, 14682060;1.164;Q2;212;380;772;7967;2325;605;3.86;20.97;United Kingdom;BMJ Publishing Group;1947-1948, 1950-ongoing;"Biochemistry, Genetics and Molecular Biology (miscellaneous) (Q1); Immunology and Allergy (Q1); Rheumatology (Q1); Immunology (Q2)"
88;20610;Journal of Food Protection;journal;0362028X;1.161;Q2;125;308;860;8803;1991;852;2;28.58;United States;International Association for Food Protection;1977-1980, 1982-1989, 1993-ongoing;"Food Science (Q1); Microbiology (Q2)"
89;21771;AIDS Research and Human Retroviruses;journal;08892229;1.153;Q1;87;176;672;5567;1589;626;2.5;31.63;United States;Mary Ann Liebert Inc.;1987-ongoing;"Infectious Diseases (Q1); Virology (Q1); Immunology (Q2)"
90;20823;Immunology and Cell Biology;journal;14401711, 08189641;1.145;Q2;96;70;234;3912;660;231;2.65;55.89;Germany;Springer Verlag;1987-ongoing;"Cell Biology (Q2); Immunology (Q2)"
91;20740;Clinical Immunology;journal;15217035, 15216616;1.135;Q2;112;150;486;6751;1277;458;2.57;45.01;United States;Elsevier Inc.;1999-ongoing;"Immunology and Allergy (Q1); Immunology (Q2)"
92;21376;Vaccine;journal;0264410X, 13588745;1.132;Q1;164;466;1751;14214;5072;1653;3.07;30.5;Netherlands;Elsevier BV;1983-ongoing;"Immunology and Microbiology (miscellaneous)  (Q1); Infectious Diseases (Q1); Public Health, Environmental and Occupational Health (Q1); Veterinary (miscellaneous) (Q1); Molecular Medicine (Q2)"
93;22129;Genes and Immunity;journal;14664879, 14765470;1.124;Q2;95;95;164;4086;578;162;3.19;43.01;United Kingdom;Nature Publishing Group;1999-ongoing;"Genetics (Q2); Genetics (clinical) (Q2); Immunology (Q2)"
94;19760;International Journal of Food Microbiology;journal;01681605;1.113;Q2;170;220;712;7048;1525;705;1.85;32.04;Netherlands;Elsevier BV;1984-ongoing;"Food Science (Q1); Medicine (miscellaneous) (Q1); Safety, Risk, Reliability and Quality (Q1); Microbiology (Q2)"
95;20712;Cellular Immunology;journal;10902163, 00088749;1.105;Q2;83;84;423;3601;1011;419;2.13;42.87;United States;Elsevier Inc.;1970-ongoing;Immunology (Q2)
96;20354;Research in Microbiology;journal;09232508;1.103;Q2;92;98;269;3084;586;262;2.26;31.47;Netherlands;Elsevier BV;1987-ongoing;"Medicine (miscellaneous) (Q1); Microbiology (Q2); Molecular Biology (Q2)"
97;19108;Tuberculosis;journal;14729792;1.103;Q2;79;29;114;684;277;108;1.87;23.59;United States;Churchill Livingstone;1974, 2001-ongoing;"Infectious Diseases (Q1); Microbiology (medical) (Q1); Immunology (Q2); Microbiology (Q2)"
98;22083;Cytokine;journal;10960023, 10434666;1.089;Q2;103;171;581;5872;1537;574;2.47;34.34;United States;Elsevier Inc.;1989-ongoing;"Hematology (Q1); Immunology and Allergy (Q1); Biochemistry (Q2); Immunology (Q2); Molecular Biology (Q2)"
99;20732;Clinical and Experimental Allergy, Supplement;journal;09602178;1.072;Q2;46;0;101;0;384;89;5.35;0;United Kingdom;Blackwell Publishing Inc.;1990-1993, 1995-2000;"Immunology and Allergy (Q1); Immunology (Q2)"
100;15610;Extremophiles;journal;14310651, 14334909;1.06;Q2;76;66;134;2190;300;134;2.4;33.18;Germany;Springer Verlag;1997-ongoing;"Medicine (miscellaneous) (Q1); Microbiology (Q2); Molecular Medicine (Q2)"
101;29152;Cancer Immunology, Immunotherapy;journal;14320851, 03407004;1.049;Q2;104;80;264;3222;787;262;2.89;40.28;Germany;Springer Verlag;1976-ongoing;"Medicine (miscellaneous) (Q1); Oncology (Q1); Cancer Research (Q2); Immunology (Q2); Immunology and Allergy (Q2)"
102;15968;Journal of Medical Virology;journal;10969071, 01466615;1.045;Q1;105;264;685;8030;2052;679;2.89;30.42;United States;John Wiley & Sons Inc.;1977-ongoing;"Infectious Diseases (Q1); Virology (Q1)"
103;40981;Biology and Fertility of Soils;journal;14320789, 01782762;1.031;Q2;109;124;482;4583;696;478;1.28;36.96;Germany;Springer Verlag;1985-ongoing;"Agronomy and Crop Science (Q1); Soil Science (Q1); Microbiology (Q2)"
104;21100775663;HLA;journal;20592302, 20592310;1.027;Q2;93;180;531;3908;1232;515;2.13;21.71;United Kingdom;Wiley-Blackwell;2016-ongoing;"Genetics (Q2); Immunology (Q2); Immunology and Allergy (Q2)"
105;19240;Journal of Rheumatology;journal;14992752, 0315162X;1.022;Q2;165;527;1813;13466;4960;1429;3.24;25.55;Canada;Journal of Rheumatology Publishing Co., Ltd.;1974-ongoing;"Rheumatology (Q1); Immunology (Q2); Immunology and Allergy (Q2)"
106;16785;Journal of NeuroVirology;journal;15382443, 13550284;1.02;Q2;78;95;264;4822;744;253;2.28;50.76;United Kingdom;Taylor and Francis Ltd;1995-ongoing;"Neurology (Q1); Neurology (clinical) (Q1); Virology (Q2); Cellular and Molecular Neuroscience (Q3)"
107;22989;Parasite Immunology;journal;01419838, 13653024;1.011;Q1;67;66;223;2186;432;217;1.8;33.12;United Kingdom;Blackwell Publishing Inc.;1979-ongoing;"Parasitology (Q1); Immunology (Q2)"
108;25300;Journal of Viral Hepatitis;journal;13520504, 13652893;1.002;Q2;93;66;211;2499;707;207;2.95;37.86;United Kingdom;Blackwell Publishing Inc.;1994-ongoing;"Hepatology (Q1); Infectious Diseases (Q1); Virology (Q2)"
109;15701;Pediatric Allergy and Immunology;journal;13993038, 09056157;0.997;Q2;80;73;155;1758;342;122;2.68;24.08;United Kingdom;Blackwell Publishing Inc.;1990-ongoing;"Pediatrics, Perinatology and Child Health (Q1); Immunology (Q2); Immunology and Allergy (Q2)"
110;20795;Human Immunology;journal;01988859;0.97;Q2;87;153;516;5356;1193;505;2.46;35.01;Netherlands;Elsevier BV;1980-ongoing;"Medicine (miscellaneous) (Q1); Immunology (Q2); Immunology and Allergy (Q2)"
111;20734;Clinical and Experimental Immunology;journal;00099104, 13652249;0.969;Q2;125;315;954;11700;2557;935;2.49;37.14;United Kingdom;Blackwell Publishing Inc.;1966-ongoing;"Immunology (Q2); Immunology and Allergy (Q2)"
112;20185;Allergy: European Journal of Allergy and Clinical Immunology;journal;01054538, 13989995;0.966;Q2;156;316;854;6974;2298;792;3.01;22.07;United Kingdom;Blackwell Publishing Inc.;1948-ongoing;"Immunology (Q2); Immunology and Allergy (Q2)"
113;34291;Journal of Applied Bacteriology Symposium Supplement;journal;02674440;0.965;Q1;49;21;65;1231;168;63;3;58.62;United Kingdom;Blackwell Publishing Inc.;1987-2003;"Agricultural and Biological Sciences (miscellaneous) (Q1); Applied Microbiology and Biotechnology (Q1); Biotechnology (Q1); Microbiology (Q2)"
114;21282;Journal of Interferon and Cytokine Research;journal;10799907;0.961;Q2;85;144;435;5918;1035;431;1.92;41.1;United States;Mary Ann Liebert Inc.;1995-ongoing;"Medicine (miscellaneous) (Q1); Cell Biology (Q2); Immunology (Q2); Virology (Q2)"
115;19662;Critical Reviews in Microbiology;journal;15497828, 1040841X;0.956;Q1;76;11;36;2019;97;36;2.88;183.55;United Kingdom;Taylor & Francis;1971-ongoing;"Applied Microbiology and Biotechnology (Q1); Medicine (miscellaneous) (Q1); Microbiology (Q2)"
116;19706;FEMS Microbiology Letters;journal;03781097;0.955;Q2;134;513;1719;11960;3411;1693;1.91;23.31;United Kingdom;Oxford University Press;1977-ongoing;"Genetics (Q2); Microbiology (Q2); Molecular Biology (Q3)"
117;110112;Journal of immunotherapy (Hagerstown, Md. : 1997);journal;15249557;0.953;Q2;89;77;237;2772;639;219;2.78;36;United States;Lippincott Williams & Wilkins Ltd.;1994-ongoing;"Pharmacology (Q1); Cancer Research (Q2); Immunology (Q2); Immunology and Allergy (Q2)"
118;20775;Developmental and Comparative Immunology;journal;0145305X;0.949;Q2;98;81;204;2884;508;192;2.09;35.6;United Kingdom;Elsevier Ltd.;1977-ongoing;"Developmental Biology (Q2); Immunology (Q2)"
119;29663;Journal of Theoretical Biology;journal;10958541, 00225193;0.948;Q1;139;243;699;9320;1139;663;1.66;38.35;United States;Elsevier Inc.;1961-ongoing;"Agricultural and Biological Sciences (miscellaneous) (Q1); Biochemistry, Genetics and Molecular Biology (miscellaneous) (Q1); Immunology and Microbiology (miscellaneous)  (Q1); Medicine (miscellaneous) (Q1); Modeling and Simulation (Q1); Applied Mathematics (Q2); Statistics and Probability (Q2)"
120;22995;Parassitologia;journal;00482951;0.945;Q2;40;40;186;682;220;185;0.36;17.05;Italy;Lombardo Editore;1971, 1973-2008, 2010;Parasitology (Q2)
121;14957;Applied Microbiology and Biotechnology;journal;14320614, 01757598;0.937;Q1;198;231;854;8209;1740;847;1.9;35.54;Germany;Springer Verlag;1984-ongoing;"Applied Microbiology and Biotechnology (Q1); Biotechnology (Q1); Medicine (miscellaneous) (Q1)"
122;22941;Microbial Pathogenesis;journal;10961208, 08824010;0.936;Q2;64;63;217;2072;448;216;2.01;32.89;Netherlands;Elsevier BV;1986-ongoing;"Infectious Diseases (Q2); Microbiology (Q2)"
123;14944;Antonie van Leeuwenhoek, International Journal of General and Molecular Microbiology;journal;00036072, 15729699;0.924;Q2;98;93;240;6242;502;233;1.14;67.12;Netherlands;Kluwer Academic Publishers;1934-1939, 1941-1944, 1946-ongoing;"Medicine (miscellaneous) (Q1); Microbiology (Q2); Molecular Biology (Q3)"
124;16117;Pharmaceutical biotechnology;journal;10780467;0.918;Q1;26;16;17;1346;61;17;0;84.13;United States;Kluwer Academic/Plenum Publishers;1993, 1995-1999, 2002;"Applied Microbiology and Biotechnology (Q1); Pharmaceutical Science (Q1)"
125;19631;Archives of Virology, Supplement;journal;09391983;0.917;Q2;39;0;63;0;133;63;1.98;0;Germany;Springer Verlag;1990-2001, 2004-2005, 2008;Immunology and Microbiology (miscellaneous)  (Q2)
126;22100;European Cytokine Network;journal;11485493, 19524005;0.914;Q2;58;62;267;2387;569;267;2.22;38.5;France;John Libbey Eurotext;1990-ongoing;"Clinical Biochemistry (Q1); Immunology (Q2); Immunology and Allergy (Q2)"
127;51565;International Dairy Journal;journal;09586946;0.908;Q1;126;105;332;3772;642;329;1.84;35.92;Netherlands;Elsevier BV;1991-ongoing;"Applied Microbiology and Biotechnology (Q1); Food Science (Q1)"
128;20217;Journal of Applied Microbiology;journal;13652672, 13645072;0.905;Q1;140;271;789;8649;1553;780;1.84;31.92;United Kingdom;Blackwell Publishing Inc.;1938-1942, 1944-1953, 1973-1975, 1997-ongoing;"Applied Microbiology and Biotechnology (Q1); Biotechnology (Q1); Medicine (miscellaneous) (Q1)"
129;19537;Veterinary Parasitology;journal;03044017;0.894;Q2;109;244;716;5890;1098;697;1.53;24.14;Netherlands;Elsevier BV;1975-ongoing;"Medicine (miscellaneous) (Q1); Veterinary (miscellaneous) (Q1); Parasitology (Q2)"
130;15609;Enzyme and Microbial Technology;journal;01410229;0.883;Q1;132;251;599;8047;1187;597;1.91;32.06;Netherlands;Elsevier BV;1979-ongoing;"Applied Microbiology and Biotechnology (Q1); Biotechnology (Q1); Biochemistry (Q2)"
131;20223;Journal of Eukaryotic Microbiology;journal;10665234, 15507408;0.872;Q2;72;68;422;2363;644;416;1.45;34.75;United Kingdom;Blackwell Publishing Inc.;1993-ongoing;Microbiology (Q2)
132;22421;Journal of Clinical Virology;journal;13866532;0.858;Q2;97;111;257;3193;659;249;2.74;28.77;Netherlands;Elsevier BV;1998-ongoing;"Infectious Diseases (Q2); Virology (Q2)"
133;20825;Immunology Letters;journal;01652478;0.857;Q2;85;151;509;4937;1026;495;1.91;32.7;Netherlands;Elsevier BV;1979-ongoing;"Immunology (Q2); Immunology and Allergy (Q2)"
134;19718;Geomicrobiology Journal;journal;01490451, 15210529;0.855;Q2;69;33;71;1470;129;70;1.84;44.55;United Kingdom;Taylor & Francis;1978-1981, 1983-ongoing;"Earth and Planetary Sciences (miscellaneous) (Q1); Environmental Science (miscellaneous) (Q1); Environmental Chemistry (Q2); Microbiology (Q2)"
135;14923;Advances in Biochemical Engineering/Biotechnology;book series;07246145, 16168542;0.854;Q1;75;32;72;3013;187;72;2.53;94.16;Germany;Springer Verlag;1983-ongoing;"Applied Microbiology and Biotechnology (Q1); Medicine (miscellaneous) (Q1); Bioengineering (Q2); Biotechnology (Q2)"
136;22444;Journal of Parasitology;journal;00223395;0.849;Q2;85;257;755;6152;1050;745;1.36;23.94;United States;American Society of Parasitology;1945-ongoing;"Medicine (miscellaneous) (Q1); Ecology, Evolution, Behavior and Systematics (Q2); Parasitology (Q2)"
137;15461;Biotechnology Advances;journal;07349750;0.845;-;161;14;61;1489;158;58;2.77;106.36;Netherlands;Elsevier BV;1983-ongoing;Biotechnology (Q2)
138;20612;Journal of Food Safety;journal;01496085;0.842;Q2;37;21;63;496;78;62;1.13;23.62;United States;Wiley-Blackwell;1977-1978, 1980-ongoing;"Food Science (Q1); Microbiology (Q2); Parasitology (Q2)"
139;36550;Journal of Human Virology;journal;10909508;0.84;Q2;29;5;109;176;174;102;1.49;35.2;United States;Lippincott Williams & Wilkins Ltd.;1997-2002;Virology (Q2)
140;20882;Veterinary Microbiology;journal;03781135;0.838;Q2;114;246;630;7447;1127;613;1.71;30.27;Netherlands;Elsevier BV;1976-ongoing;"Medicine (miscellaneous) (Q1); Veterinary (miscellaneous) (Q1); Microbiology (Q2)"
141;17778;Medical and Veterinary Entomology;journal;0269283X, 13652915;0.831;Q2;74;65;198;1880;284;195;1.48;28.92;United Kingdom;Blackwell Publishing Inc.;1987-ongoing;"Insect Science (Q1); Veterinary (miscellaneous) (Q1); Ecology, Evolution, Behavior and Systematics (Q2); Parasitology (Q2)"
142;20235;Journal of Microbiological Methods;journal;01677012;0.829;Q2;120;144;378;4265;731;366;1.91;29.62;Netherlands;Elsevier BV;1983-ongoing;"Microbiology (medical) (Q1); Microbiology (Q2); Molecular Biology (Q3)"
143;21100298690;Journal of Immunology Research;journal;23147156, 23148861;0.826;Q2;64;31;52;1047;76;51;1.62;33.77;Egypt;Hindawi Publishing Corporation;2014-ongoing;"Medicine (miscellaneous) (Q1); Immunology (Q2); Immunology and Allergy (Q2)"
144;20491;Journal of Medical Entomology;journal;00222585;0.824;Q2;87;149;451;3897;578;449;1.27;26.15;United States;Oxford University Press;1964-ongoing;"Insect Science (Q1); Veterinary (miscellaneous) (Q1); Infectious Diseases (Q2); Parasitology (Q2)"
145;17689;Avian Pathology;journal;03079457, 14653338;0.82;Q2;71;68;227;2363;330;216;1.51;34.75;United Kingdom;Taylor & Francis;1972-ongoing;"Animal Science and Zoology (Q1); Food Animals (Q1); Immunology and Microbiology (miscellaneous)  (Q2)"
146;40575;Journal of Medical and Veterinary Mycology, Supplement;journal;09668454;0.82;Q2;25;0;12;0;19;11;1.73;0;United Kingdom;Taylor & Francis;1992, 1994, 1998, 2001;"Immunology (Q2); Microbiology (Q2)"
147;25711;Biodegradation;journal;09239820, 15729729;0.813;Q2;71;40;138;1394;208;133;1.48;34.85;Netherlands;Kluwer Academic Publishers;1990-ongoing;"Environmental Engineering (Q1); Pollution (Q1); Bioengineering (Q2); Environmental Chemistry (Q2); Microbiology (Q2)"
148;13845;Bulletin of Mathematical Biology;journal;00928240, 15229602;0.809;Q2;78;48;150;1676;223;147;1.48;34.92;United States;Springer New York LLC;1973-ongoing;"Agricultural and Biological Sciences (miscellaneous) (Q1); Biochemistry, Genetics and Molecular Biology (miscellaneous) (Q1); Environmental Science (miscellaneous) (Q1); Pharmacology (Q1); Computational Theory and Mathematics (Q2); Immunology (Q2); Mathematics (miscellaneous) (Q2); Neuroscience (miscellaneous) (Q2)"
149;19303;Xenotransplantation;journal;13993089, 0908665X;0.802;Q2;56;50;117;1585;273;106;2.58;31.7;United Kingdom;Blackwell Publishing Inc.;1994-ongoing;"Transplantation (Q1); Immunology (Q2)"
150;21875;Experimental Parasitology;journal;00144894, 10902449;0.79;Q2;68;100;318;3192;469;315;1.32;31.92;United States;Elsevier Inc.;1951-ongoing;"Medicine (miscellaneous) (Q1); Immunology (Q2); Parasitology (Q2)"
151;21100205998;Pathogens and Global Health;journal;20477724, 20477732;0.789;Q2;63;125;296;2708;370;292;1.22;21.66;United Kingdom;Maney Publishing;2012-ongoing;"Medicine (miscellaneous) (Q1); Public Health, Environmental and Occupational Health (Q1); Infectious Diseases (Q2); Microbiology (Q2); Parasitology (Q2)"
152;16078;Journal of Biotechnology;journal;01681656;0.786;Q1;140;184;606;6626;1237;590;2.12;36.01;Netherlands;Elsevier BV;1984-ongoing;"Applied Microbiology and Biotechnology (Q1); Medicine (miscellaneous) (Q1); Biotechnology (Q2)"
153;21244;International Archives of Allergy and Immunology;journal;14230097, 10182438;0.784;Q2;94;143;647;4665;1330;637;2.03;32.62;Switzerland;S. Karger AG;1992-ongoing;"Medicine (miscellaneous) (Q1); Immunology (Q2); Immunology and Allergy (Q2)"
154;21357;Scandinavian Journal of Immunology;journal;03009475, 13653083;0.781;Q2;82;154;527;6205;986;509;1.88;40.29;United Kingdom;Blackwell Publishing Inc.;1972-ongoing;"Medicine (miscellaneous) (Q1); Immunology (Q2)"
155;21284;Journal of Reproductive Immunology;journal;01650378;0.772;Q2;79;81;129;3376;309;123;2.71;41.68;Netherlands;Elsevier BV;1979-ongoing;"Obstetrics and Gynecology (Q1); Reproductive Medicine (Q1); Immunology (Q2); Immunology and Allergy (Q2)"
156;19624;Archives of Virology;journal;03048608, 14328798;0.769;Q2;102;198;622;6377;1153;610;1.91;32.21;Germany;Springer Verlag;1975-ongoing;"Medicine (miscellaneous) (Q1); Virology (Q2)"
157;120011;Genetic Analysis - Biomolecular Engineering;journal;10503862;0.768;Q1;25;0;50;0;133;48;0;0;Netherlands;Elsevier BV;1987, 1991-1999;"Applied Microbiology and Biotechnology (Q1); Medicine (miscellaneous) (Q1); Genetics (Q3)"
158;19600;Advances in Applied Microbiology;book series;00652164;0.766;Q2;60;8;33;970;34;31;1.1;121.25;United States;Elsevier Inc.;1959-1984, 1986-1993, 1995-1997, 2000-ongoing;Applied Microbiology and Biotechnology (Q2)
159;19617;Antiviral Research;journal;01663542;0.766;Q2;108;92;212;3858;548;208;2.71;41.93;Netherlands;Elsevier BV;1959, 1981-ongoing;"Pharmacology (Q1); Virology (Q2)"
160;20695;Brain, Behavior, and Immunity;journal;10902139, 08891591;0.761;Q2;127;62;72;3293;209;67;2.54;53.11;United States;Elsevier Inc.;1987-ongoing;"Endocrine and Autonomic Systems (Q2); Immunology (Q2); Behavioral Neuroscience (Q3)"
161;38062;Exercise Immunology Review;journal;10775552;0.754;Q2;49;5;19;846;50;16;2.45;169.2;United States;Human Kinetics Publishers Inc.;1996-ongoing;"Immunology (Q2); Sports Science (Q2)"
162;20241;Journal of Virological Methods;journal;01660934;0.738;Q2;91;176;469;4366;969;466;2.01;24.81;Netherlands;Elsevier BV;1980-ongoing;Virology (Q2)
163;20649;Annals of Allergy, Asthma and Immunology;journal;15344436, 10811206;0.714;-;100;251;678;6300;1360;564;2.15;25.1;United States;American College of Allergy, Asthma, & Immunology;1995-ongoing;"Pulmonary and Respiratory Medicine (Q1); Immunology and Allergy (Q2)"
164;21288;Acta Tropica;journal;0001706X;0.711;Q2;89;123;320;2999;424;313;1.32;24.38;Netherlands;Elsevier BV;1947-1949, 1951-ongoing;"Insect Science (Q1); Veterinary (miscellaneous) (Q1); Infectious Diseases (Q2); Parasitology (Q2)"
165;4000148706;Clinical and Vaccine Immunology;journal;1556679X, 15566811;0.71;Q2;98;247;625;7632;1152;591;1.9;30.9;United States;American Society for Microbiology;2006-ongoing;"Medicine (miscellaneous) (Q1); Microbiology (medical) (Q1); Clinical Biochemistry (Q2); Immunology (Q2); Immunology and Allergy (Q2)"
166;20233;Journal of Medical Microbiology;journal;00222615;0.701;Q2;105;171;510;5270;867;446;1.98;30.82;United Kingdom;Society for General Microbiology;1968-ongoing;"Medicine (miscellaneous) (Q1); Microbiology (medical) (Q1); Microbiology (Q2)"
167;16134;Process Biochemistry;journal;13595113;0.701;Q2;137;213;487;4988;666;484;1.26;23.42;United Kingdom;Elsevier Applied Science;1950, 1953-1955, 1973-1975, 1979-ongoing;"Applied Microbiology and Biotechnology (Q2); Bioengineering (Q2); Biochemistry (Q3)"
168;20888;Virus Research;journal;01681702;0.699;Q2;104;187;367;6644;634;360;1.64;35.53;Netherlands;Elsevier BV;1984-ongoing;"Cancer Research (Q2); Infectious Diseases (Q2); Virology (Q2)"
169;31054;Immunotechnology : an international journal of immunological engineering;journal;13802933;0.698;Q2;26;0;12;0;32;10;0;0;Netherlands;Elsevier BV;1995-1999;Immunology (Q2)
170;20644;Allergy: European Journal of Allergy and Clinical Immunology, Supplement;journal;01081675;0.694;Q3;46;49;171;2197;345;165;2.61;44.84;United Kingdom;Blackwell Publishing Inc.;1989, 1991, 1993-2002, 2004-2006;"Immunology and Allergy (Q2); Immunology (Q3)"
171;22432;International Immunopharmacology;journal;15675769;0.69;Q3;98;177;199;7377;378;196;1.93;41.68;Netherlands;Elsevier BV;2001-ongoing;"Immunology and Allergy (Q2); Pharmacology (Q2); Immunology (Q3)"
172;19717;Food Microbiology;journal;07400020, 10959998;0.689;Q2;103;70;224;2065;296;217;1.04;29.5;United States;Elsevier Inc.;1984-ongoing;"Food Science (Q1); Microbiology (Q2)"
173;21100241668;Pathogens and Disease;journal;2049632X;0.68;Q2;94;103;413;3016;730;405;1.88;29.28;United Kingdom;Oxford University Press;2013-ongoing;"Medicine (miscellaneous) (Q1); Microbiology (medical) (Q1); Immunology and Allergy (Q2); Immunology and Microbiology (miscellaneous)  (Q2); Infectious Diseases (Q2)"
174;24899;Photodermatology Photoimmunology and Photomedicine;journal;09054383, 16000781;0.678;Q3;56;64;158;1279;194;142;1.34;19.98;United Kingdom;Blackwell Publishing Inc.;1990-ongoing;"Dermatology (Q1); Medicine (miscellaneous) (Q1); Radiology, Nuclear Medicine and Imaging (Q1); Immunology and Allergy (Q2); Immunology (Q3)"
175;9500153922;American Journal of Reproductive Immunology;journal;10467408;0.669;Q3;85;94;300;3296;577;286;1.56;35.06;United Kingdom;Blackwell Publishing Inc.;1980-1984, 1989-ongoing;"Obstetrics and Gynecology (Q1); Reproductive Medicine (Q1); Immunology and Allergy (Q2); Immunology (Q3)"
176;22383;International Journal of Medical Microbiology;journal;14384221, 16180607;0.658;Q2;82;94;282;3441;391;273;1.83;36.61;Netherlands;Elsevier BV;2000-ongoing;"Medicine (miscellaneous) (Q1); Microbiology (medical) (Q1); Infectious Diseases (Q2); Microbiology (Q2)"
177;19666;Current Microbiology;journal;03438651, 14320991;0.655;Q2;79;157;457;3810;598;457;1.22;24.27;Germany;Springer Verlag;1978-ongoing;"Medicine (miscellaneous) (Q1); Applied Microbiology and Biotechnology (Q2); Microbiology (Q2)"
178;20254;Letters in Applied Microbiology;journal;02668254, 1472765X;0.647;Q2;98;199;561;3630;739;549;1.26;18.24;United Kingdom;Blackwell Publishing Inc.;1985-ongoing;Applied Microbiology and Biotechnology (Q2)
179;20340;Parasitology Research;journal;14321955, 09320113;0.643;Q3;84;210;548;4856;615;546;1.11;23.12;Germany;Springer Verlag;1987-ongoing;"Insect Science (Q1); Medicine (miscellaneous) (Q1); Veterinary (miscellaneous) (Q1); Infectious Diseases (Q2); Parasitology (Q3)"
180;19781;Scandinavian Journal of Rheumatology;journal;15027732, 03009742;0.642;Q3;72;78;246;2112;445;223;2.04;27.08;United Kingdom;Taylor & Francis;1959-1962, 1964, 1972-ongoing;"Medicine (miscellaneous) (Q1); Immunology and Allergy (Q2); Rheumatology (Q2); Immunology (Q3)"
181;19520;Veterinary Immunology and Immunopathology;journal;01652427;0.64;Q3;86;188;443;6162;769;434;1.65;32.78;Netherlands;Elsevier BV;1979-ongoing;"Veterinary (miscellaneous) (Q1); Immunology (Q3)"
182;19633;BMC Microbiology;journal;14712180;0.637;Q2;94;39;35;1056;36;35;1.03;27.08;United Kingdom;BioMed Central;2001-ongoing;"Microbiology (Q2); Microbiology (medical) (Q2)"
183;15577;Critical Reviews in Biotechnology;journal;15497801, 07388551;0.634;Q2;79;13;30;1957;69;29;1.47;150.54;United Kingdom;Taylor & Francis;1983-ongoing;"Medicine (miscellaneous) (Q1); Applied Microbiology and Biotechnology (Q2); Biotechnology (Q2)"
184;17398;Current Issues in Molecular Biology;journal;14673037, 14673045;0.631;Q2;49;12;41;1056;56;41;1.69;88;United Kingdom;Caister Academic Press;1999-ongoing;"Medicine (miscellaneous) (Q1); Microbiology (Q2); Microbiology (medical) (Q2); Molecular Biology (Q3)"
185;20805;Immunobiology;journal;01712985;0.631;Q3;82;67;177;2833;223;170;1.21;42.28;Netherlands;Elsevier BV;1979-ongoing;"Hematology (Q1); Immunology and Allergy (Q2); Immunology (Q3)"
186;13882;European Journal of Protistology;journal;09324739;0.63;Q3;44;49;115;1481;125;113;0.96;30.22;Netherlands;Elsevier BV;1990, 1993-ongoing;Microbiology (Q3)
187;17687;Avian Diseases;journal;00052086;0.628;Q2;72;146;381;3562;430;380;1.13;24.4;United States;American Association of Avian Pathologists Inc.;1963, 1965-ongoing;"Animal Science and Zoology (Q2); Food Animals (Q2); Immunology and Microbiology (miscellaneous)  (Q2)"
188;26785;Annals of Clinical and Laboratory Science;journal;00917370;0.624;Q3;50;61;129;1507;240;123;2.37;24.7;United States;Institute for Clinical Science;1971-ongoing;"Medical Laboratory Technology (Q1); Medicine (miscellaneous) (Q1); Clinical Biochemistry (Q2); Hematology (Q2); Immunology and Allergy (Q2); Pathology and Forensic Medicine (Q2); Immunology (Q3); Microbiology (Q3); Molecular Biology (Q3)"
189;21301;Medical Microbiology and Immunology;journal;14321831, 03008584;0.622;Q3;54;43;95;1195;151;94;1.53;27.79;Germany;Springer Verlag;1971-ongoing;"Medicine (miscellaneous) (Q1); Immunology and Allergy (Q2); Microbiology (medical) (Q2); Immunology (Q3)"
190;19764;Intervirology;journal;03005526, 14230100;0.619;Q2;57;52;150;1744;302;145;1.72;33.54;Switzerland;S. Karger AG;1973-ongoing;"Infectious Diseases (Q2); Virology (Q2)"
191;24622;Biofouling;journal;10292454, 08927014;0.618;Q2;77;32;119;1289;182;119;1.41;40.28;United Kingdom;Taylor & Francis;1988-ongoing;"Water Science and Technology (Q1); Applied Microbiology and Biotechnology (Q2); Aquatic Science (Q2)"
192;20186;Transfusion;journal;00411132, 15372995;0.611;Q3;122;266;822;480;1397;623;2.08;1.8;United Kingdom;Blackwell Publishing Inc.;1958-ongoing;"Hematology (Q2); Immunology and Allergy (Q2); Immunology (Q3)"
193;22410;Inflammation Research;journal;1420908X, 10233830;0.597;Q3;82;145;470;3756;720;460;1.55;25.9;Switzerland;Birkhauser Verlag;1995-ongoing;"Pharmacology (Q2); Immunology (Q3)"
194;21378;Viral Immunology;journal;08828245;0.594;Q2;56;59;124;3136;185;117;1.69;53.15;United States;Mary Ann Liebert Inc.;1987, 1989-ongoing;"Virology (Q2); Immunology (Q3); Molecular Medicine (Q3)"
195;16104;Molecular Biotechnology;journal;10736085;0.591;Q2;73;79;219;3099;264;218;1.08;39.23;United States;Humana Press, Inc.;1994-ongoing;"Applied Microbiology and Biotechnology (Q2); Bioengineering (Q2); Biotechnology (Q2); Biochemistry (Q3); Molecular Biology (Q3)"
196;19600161903;Molecular Oral Microbiology;journal;20411006;0.587;Q3;69;66;187;2044;296;187;1.57;30.97;Germany;Wiley - VCH Verlag GmbH & CO. KGaA;2010-ongoing;"Dentistry (miscellaneous) (Q1); Microbiology (medical) (Q2); Immunology (Q3); Microbiology (Q3)"
197;61687;Antiviral Chemistry and Chemotherapy, Supplement;journal;13502816;0.586;Q2;11;0;17;0;32;17;1.88;0;Switzerland;World Health Organization;1993-1995, 1997, 2001;"Pharmacology (Q2); Virology (Q2)"
198;19649;Canadian Journal of Microbiology;journal;00084166, 14803275;0.581;Q2;82;132;457;4545;548;454;1.14;34.43;Canada;NRC Research Press;1954-1962, 1964-ongoing;"Medicine (miscellaneous) (Q1); Applied Microbiology and Biotechnology (Q2); Genetics (Q3); Immunology (Q3); Microbiology (Q3); Molecular Biology (Q3)"
199;15702;Pediatric Allergy and Immunology, Supplement;journal;09065784, 16005562;0.575;Q3;27;12;37;237;75;35;2.22;19.75;United Kingdom;Blackwell Publishing Inc.;1993-2002, 2004;"Pediatrics, Perinatology and Child Health (Q1); Immunology and Allergy (Q2); Immunology (Q3)"
200;20887;Virus Genes;journal;1572994X, 09208569;0.575;Q3;52;68;200;2401;237;196;1.3;35.31;Netherlands;Kluwer Academic Publishers;1987-ongoing;"Medicine (miscellaneous) (Q1); Genetics (Q3); Molecular Biology (Q3); Virology (Q3)"
201;16052;International Biodeterioration and Biodegradation;journal;09648305;0.572;Q3;85;68;194;1655;136;179;0.58;24.34;Netherlands;Elsevier BV;1992-ongoing;"Waste Management and Disposal (Q1); Biomaterials (Q3); Microbiology (Q3)"
202;14688;Inflammation;journal;03603997;0.568;Q3;51;38;136;1324;191;136;1.33;34.84;United States;Kluwer Academic/Plenum Publishers;1975-ongoing;"Immunology and Allergy (Q2); Immunology (Q3)"
203;29151;Cancer Immunity;journal;14249634;0.565;Q3;47;18;11;561;15;9;1.67;31.17;Switzerland;Cancer Research Institute;2001-2013;"Cancer Research (Q3); Immunology (Q3)"
204;22994;Parasitology International;journal;13835769;0.564;Q3;55;39;100;1272;108;99;0.99;32.62;Netherlands;Elsevier BV;1997-ongoing;"Infectious Diseases (Q2); Parasitology (Q3)"
205;21100451659;Infectious Diseases;journal;23744235, 23744243;0.558;Q2;68;257;534;4706;693;506;1.13;18.31;United Kingdom;Taylor and Francis Ltd.;2015-ongoing;"Medicine (miscellaneous) (Q1); Immunology and Microbiology (miscellaneous)  (Q2); Infectious Diseases (Q2); Microbiology (medical) (Q2)"
206;21336;NeuroImmunoModulation;journal;14230216, 10217401;0.55;Q3;58;41;134;1809;208;132;1.37;44.12;Switzerland;S. Karger AG;1994-2002, 2004-ongoing;"Endocrinology (Q2); Neurology (Q2); Endocrine and Autonomic Systems (Q3); Immunology (Q3)"
207;14307;Systematic Parasitology;journal;15735192, 01655752;0.549;Q3;44;65;185;1901;128;184;0.7;29.25;Netherlands;Kluwer Academic Publishers;1979-ongoing;Parasitology (Q3)
208;19186;Clinical and Experimental Rheumatology;journal;0392856X, 1593098X;0.548;Q3;87;239;689;6254;1021;494;1.75;26.17;Italy;Pacini Editore SpA;1983-ongoing;"Immunology and Allergy (Q2); Rheumatology (Q2); Immunology (Q3)"
209;22423;Journal of Helminthology;journal;0022149X, 14752697;0.546;Q3;45;56;176;1452;147;176;0.78;25.93;United Kingdom;Cambridge University Press;1923-1943, 1945-ongoing;"Medicine (miscellaneous) (Q1); Animal Science and Zoology (Q2); Parasitology (Q3)"
210;20229;Journal of General and Applied Microbiology;journal;00221260;0.542;Q2;47;42;116;1123;114;116;1.04;26.74;Japan;Microbiology Research Foundation;1973-ongoing;"Medicine (miscellaneous) (Q1); Applied Microbiology and Biotechnology (Q2); Microbiology (Q3)"
211;16803;Antiviral Chemistry and Chemotherapy;journal;09563202;0.529;Q3;46;35;108;1389;222;107;1.92;39.69;United Kingdom;SAGE Publications Inc.;2017-ongoing, 1991-ongoing;"Medicine (miscellaneous) (Q1); Drug Discovery (Q2); Pharmacology (Q2); Virology (Q3)"
212;24562;Mathematical Biosciences;journal;00255564;0.529;Q2;82;76;198;2013;222;196;1.11;26.49;Netherlands;Elsevier BV;1967-ongoing;"Agricultural and Biological Sciences (miscellaneous) (Q1); Medicine (miscellaneous) (Q1); Biochemistry, Genetics and Molecular Biology (miscellaneous) (Q2); Immunology and Microbiology (miscellaneous)  (Q2); Modeling and Simulation (Q2); Applied Mathematics (Q3); Statistics and Probability (Q3)"
213;25934;Cytokines, Cellular and Molecular Therapy;journal;14660830, 13684736;0.528;Q3;26;21;55;776;86;55;1.31;36.95;United Kingdom;Taylor & Francis;1997-2000, 2002;"Pharmacology (Q2); Immunology (Q3); Immunology and Allergy (Q3)"
214;19661;Contributions to microbiology;journal;14209519;0.515;Q2;34;0;102;0;126;102;1.29;0;Switzerland;S. Karger AG;1999-2001, 2003-2011;"Immunology and Microbiology (miscellaneous)  (Q2); Infectious Diseases (Q2); Microbiology (medical) (Q2)"
215;16085;Journal of Industrial Microbiology and Biotechnology;journal;14765535, 13675435;0.514;Q2;97;120;405;3274;362;403;0.84;27.28;Germany;Springer Verlag;1996-ongoing;"Applied Microbiology and Biotechnology (Q2); Biotechnology (Q2)"
216;12100157191;Innate immunity;journal;17534259, 17534267;0.51;Q3;63;49;213;1990;222;193;1.98;40.61;United Kingdom;SAGE Publications;1996-1997, 1999, 2008-ongoing;"Infectious Diseases (Q2); Cell Biology (Q3); Immunology (Q3); Microbiology (Q3); Molecular Biology (Q4)"
217;27005;Journal of the American Society of Brewing Chemists;journal;03610470;0.509;Q2;36;38;122;693;90;119;0.62;18.24;United States;American Society of Brewing Chemists;1994-ongoing;"Applied Microbiology and Biotechnology (Q2); Biotechnology (Q2); Food Science (Q2)"
218;33758;Experimental and Clinical Immunogenetics;journal;02549670;0.507;Q3;30;0;78;0;97;77;1.46;0;Switzerland;Karger AG;1984-2001;"Genetics (Q3); Genetics (clinical) (Q3); Immunology (Q3)"
219;36479;International Journal of Immunopharmacology;journal;01920561;0.506;Q3;46;0;203;0;330;194;1.68;0;Netherlands;Elsevier BV;1979-2000;"Pharmacology (Q2); Immunology (Q3)"
220;20270;Microbiology and Immunology;journal;03855600, 13480421;0.497;Q3;65;122;419;3204;490;414;1.25;26.26;United States;Wiley-Blackwell;1957-1967, 1970-ongoing;"Immunology (Q3); Microbiology (Q3); Virology (Q3)"
221;15775;Mycoses, Supplement;journal;09437312;0.496;Q3;25;11;64;220;64;63;0.15;20;United Kingdom;Blackwell Publishing Inc.;1992, 1994-2000, 2002-2005;"Immunology (Q3); Microbiology (Q3)"
222;110291;Applied Biochemistry and Biotechnology;journal;02732289;0.495;Q2;97;175;515;3971;506;511;0.93;22.69;United States;Humana Press, Inc.;1981-ongoing;"Medicine (miscellaneous) (Q1); Applied Microbiology and Biotechnology (Q2); Bioengineering (Q2); Biotechnology (Q2); Environmental Engineering (Q2); Biochemistry (Q3); Molecular Biology (Q4)"
223;20809;Immunological Investigations;journal;15324311, 08820139;0.49;Q3;42;19;101;725;122;100;1.33;38.16;United States;Marcel Dekker Inc.;1972-ongoing;"Medicine (miscellaneous) (Q1); Immunology (Q3)"
224;16337;Journal of Bioscience and Bioengineering;journal;13474421, 13891723;0.489;Q2;97;208;739;5594;746;737;0.92;26.89;Netherlands;Elsevier BV;1990-1991, 1993-1994, 1999-ongoing;"Applied Microbiology and Biotechnology (Q2); Bioengineering (Q2); Biotechnology (Q2)"
225;27178;Semiconductor International;trade journal;01633767;0.487;Q3;21;102;387;188;115;292;0.43;1.84;United States;Reed Business;1979-1992, 1994-2010;"Electrical and Electronic Engineering (Q2); Condensed Matter Physics (Q3); Electronic, Optical and Magnetic Materials (Q3); Microbiology (Q3)"
226;12000154522;Advances in Antiviral Drug Design;book series;10758593;0.48;Q3;11;0;7;0;7;5;0;0;United States;JAI Press;1996, 1999, 2003, 2007;"Pharmacology, Toxicology and Pharmaceutics (miscellaneous) (Q1); Infectious Diseases (Q2); Pharmacology (medical) (Q2); Virology (Q3)"
227;20688;Autoimmunity;journal;08916934;0.476;Q3;66;79;186;2887;241;178;1.12;36.54;United Kingdom;Taylor & Francis;1988-ongoing;"Immunology (Q3); Immunology and Allergy (Q3)"
228;15516;Biotechnology Letters;journal;15736776, 01415492;0.473;-;92;380;932;5290;853;924;0.85;13.92;Netherlands;Kluwer Academic Publishers;1979-ongoing;"Medicine (miscellaneous) (Q1); Biotechnology (Q2)"
229;19375;Water S.A.;journal;18167950, 03784738;0.466;Q2;53;77;197;1451;129;195;0.63;18.84;South Africa;Water Research Commission;1976-ongoing;"Applied Microbiology and Biotechnology (Q2); Management, Monitoring, Policy and Law (Q2); Waste Management and Disposal (Q2); Water Science and Technology (Q2)"
230;15432;Bioscience, Biotechnology and Biochemistry;journal;09168451, 13476947;0.462;Q2;104;470;1431;10041;1577;1428;1.02;21.36;United Kingdom;Taylor & Francis;1988-1989, 1992-ongoing;"Medicine (miscellaneous) (Q1); Applied Microbiology and Biotechnology (Q2); Biotechnology (Q2); Analytical Chemistry (Q3); Biochemistry (Q3); Organic Chemistry (Q3); Molecular Biology (Q4)"
231;19710;FEMS Yeast Research;journal;15671364, 15671356;0.461;Q2;80;76;33;2585;38;31;1.23;34.01;United Kingdom;Oxford University Press;2001-ongoing;"Medicine (miscellaneous) (Q1); Applied Microbiology and Biotechnology (Q2); Microbiology (Q3)"
232;21879;Folia Parasitologica;journal;00155683, 18036465;0.461;Q3;41;52;156;785;93;150;0.58;15.1;Czech Republic;Akademie Ved Ceske Republiky;1971-ongoing;Parasitology (Q3)
233;78252;Reviews in Molecular Biotechnology;journal;13890352;0.46;Q2;38;37;32;2313;83;29;2.86;62.51;Netherlands;Elsevier BV;2000-2002;"Applied Microbiology and Biotechnology (Q2); Biotechnology (Q2)"
234;21100238667;Monoclonal Antibodies in Immunodiagnosis and Immunotherapy;journal;21679436;0.45;Q3;34;92;214;1905;190;212;0.81;20.71;United States;Mary Ann Liebert Inc.;2013-ongoing;"Immunology (Q3); Immunology and Allergy (Q3)"
235;15462;Biotechnology and Applied Biochemistry;journal;14708744, 08854513;0.44;Q2;62;65;193;2051;269;184;1.18;31.55;United States;Wiley-Blackwell;1986-ongoing;"Applied Microbiology and Biotechnology (Q2); Biomedical Engineering (Q2); Medicine (miscellaneous) (Q2); Process Chemistry and Technology (Q2); Bioengineering (Q3); Biotechnology (Q3); Drug Discovery (Q3); Molecular Medicine (Q3)"
236;19092;Acta Parasitologica;journal;18961851, 12302821;0.429;Q3;31;46;128;1194;72;127;0.4;25.96;Germany;Walter de Gruyter GmbH;1992-1994, 1996-ongoing;Parasitology (Q3)
237;12428;Comptes Rendus - Biologies;journal;16310691;0.428;Q2;76;138;401;3757;374;380;0.87;27.22;France;Elsevier Masson;1959, 2002-ongoing;"Agricultural and Biological Sciences (miscellaneous) (Q2); Biochemistry, Genetics and Molecular Biology (miscellaneous) (Q2); Immunology and Microbiology (miscellaneous)  (Q2); Medicine (miscellaneous) (Q2)"
238;16086;Journal of Microbiology and Biotechnology;journal;10177825;0.424;Q3;53;174;478;4392;606;478;1.46;25.24;South Korea;Springer Verlag;1996-ongoing;"Medicine (miscellaneous) (Q2); Applied Microbiology and Biotechnology (Q3); Biotechnology (Q3)"
239;20337;Parasite;journal;1252607X, 17761042;0.424;Q3;40;54;225;1049;157;216;0.65;19.43;France;EDP Sciences;1994-ongoing;"Agricultural and Biological Sciences (miscellaneous) (Q2); Animal Science and Zoology (Q2); Insect Science (Q2); Veterinary (miscellaneous) (Q2); Infectious Diseases (Q3); Parasitology (Q3)"
240;20652;Archivum Immunologiae et Therapiae Experimentalis;journal;0004069X;0.414;Q3;51;45;198;3009;212;198;0.93;66.87;Poland;Ossolineum Publishing House;1954-1957, 1959-ongoing;"Medicine (miscellaneous) (Q2); Immunology (Q3); Immunology and Allergy (Q3)"
241;19700180770;Biomedical Research Reports;book series;18745326;0.411;Q3;10;0;28;0;22;26;0.85;0;United States;Academic Press;1998, 2000;"Immunology (Q3); Virology (Q3)"
242;13671;Biologicals;journal;10958320, 10451056;0.41;Q3;51;35;132;670;132;127;0.96;19.14;United States;Elsevier Inc.;1990-ongoing;"Medicine (miscellaneous) (Q2); Pharmacology (Q2); Applied Microbiology and Biotechnology (Q3); Bioengineering (Q3); Biotechnology (Q3); Immunology and Microbiology (miscellaneous)  (Q3)"
243;28675;Brazilian Journal of Medical and Biological Research;journal;0100879X;0.406;Q3;79;189;594;5473;585;591;0.92;28.96;Brazil;Associacao Brasileira de Divulgacao Cientifica;1973-ongoing;"Medicine (miscellaneous) (Q2); Pharmacology, Toxicology and Pharmaceutics (miscellaneous) (Q2); Biochemistry (Q3); Biophysics (Q3); Immunology (Q3); Neuroscience (miscellaneous) (Q3); Physiology (Q3); Cell Biology (Q4)"
244;20755;Current directions in autoimmunity;journal;14222132;0.404;Q3;34;10;49;1024;49;49;0.97;102.4;Switzerland;S. Karger AG;1999-2006, 2008, 2010;"Biochemistry, Genetics and Molecular Biology (miscellaneous) (Q2); Immunology (Q3); Immunology and Allergy (Q3)"
245;19773;Rheumatology International;journal;01728172, 1437160X;0.4;Q3;66;92;139;1937;193;138;1.28;21.05;Germany;Springer Verlag;1981-ongoing;"Rheumatology (Q2); Immunology (Q3); Immunology and Allergy (Q3)"
246;24578;Mathematical Medicine and Biology;journal;14778599;0.394;Q3;40;15;61;399;38;58;0.63;26.6;United Kingdom;Oxford University Press;1984-1995, 2003-ongoing;"Biochemistry, Genetics and Molecular Biology (miscellaneous) (Q2); Environmental Science (miscellaneous) (Q2); Medicine (miscellaneous) (Q2); Pharmacology (Q2); Applied Mathematics (Q3); Immunology and Microbiology (miscellaneous)  (Q3); Modeling and Simulation (Q3); Neuroscience (miscellaneous) (Q3)"
247;14648;European Journal of Soil Biology;journal;11645563;0.393;Q3;61;59;89;1201;41;88;0.42;20.36;Netherlands;Elsevier BV;1993-ongoing;"Insect Science (Q2); Microbiology (Q3); Soil Science (Q3)"
248;5200153105;Zoonoses and Public Health;journal;18631959, 18632378;0.392;Q3;57;107;261;2531;204;260;0.73;23.65;Germany;Blackwell-Wiss.-Verl;2007-ongoing;"Public Health, Environmental and Occupational Health (Q2); Veterinary (miscellaneous) (Q2); Epidemiology (Q3); Immunology and Microbiology (miscellaneous)  (Q3); Infectious Diseases (Q3)"
249;26784;British Journal of Biomedical Science;journal;09674845;0.389;Q3;40;54;148;1452;156;128;1.27;26.89;United Kingdom;Taylor & Francis;1993-ongoing;"Biochemistry (medical) (Q2); Microbiology (medical) (Q2); Clinical Biochemistry (Q3); Immunology (Q3); Immunology and Allergy (Q3); Infectious Diseases (Q3); Microbiology (Q3)"
250;21384;Comparative Parasitology;journal;15252647;0.389;Q3;26;41;152;725;72;152;0.61;17.68;United States;Helminthological Society of Washington;1996-ongoing;"Ecology, Evolution, Behavior and Systematics (Q3); Parasitology (Q3)"
251;20761;Current Opinion in Allergy and Clinical Immunology;journal;14736322, 15284050;0.389;Q3;76;91;93;3395;88;86;1.02;37.31;United States;Lippincott Williams & Wilkins Ltd.;2001-ongoing;"Immunology (Q3); Immunology and Allergy (Q3)"
252;38787;Journal of Investigational Allergology and Clinical Immunology;journal;10189068;0.385;Q3;55;48;174;1236;155;172;0.97;25.75;Spain;Esmon Publicidad S.A.;1991-ongoing;"Immunology (Q3); Immunology and Allergy (Q3)"
253;21246;International Journal of Immunopathology and Pharmacology;journal;03946320;0.384;Q3;45;34;70;1338;208;67;4.07;39.35;Italy;SAGE Publications Inc.;1989-ongoing;"Pharmacology (Q2); Immunology (Q3); Immunology and Allergy (Q3)"
254;21981;Helminthologia;journal;04406605;0.382;Q3;25;38;115;970;62;115;0.49;25.53;Germany;Walter de Gruyter GmbH;1979-1980, 1996-ongoing;"Animal Science and Zoology (Q3); Parasitology (Q3)"
255;19833;Mycopathologia;journal;15730832, 0301486X;0.364;Q3;64;110;164;1788;155;162;0.66;16.25;Netherlands;Kluwer Academic Publishers;1938-1941, 1943, 1948-1950, 1959-1962, 1973-ongoing;"Agronomy and Crop Science (Q2); Veterinary (miscellaneous) (Q2); Applied Microbiology and Biotechnology (Q3); Microbiology (Q3); Plant Science (Q3)"
256;52691;Aerobiologia;journal;03935965;0.363;Q3;43;31;150;906;68;142;0.39;29.23;Netherlands;Springer Netherlands;1985-ongoing;"Immunology (Q3); Immunology and Allergy (Q3); Plant Science (Q3)"
257;40867;Genetic Analysis Techniques and Applications;journal;10503862;0.355;Q3;4;0;4;0;5;4;0;0;Netherlands;Elsevier BV;1990-1994;"Applied Microbiology and Biotechnology (Q3); Genetics (Q4)"
258;21363;Transplant Immunology;journal;09663274;0.35;Q4;58;39;117;1584;109;114;0.82;40.62;Netherlands;Elsevier BV;1993-ongoing;"Immunology and Allergy (Q3); Transplantation (Q3); Immunology (Q4)"
259;17773;Mediators of Inflammation;journal;09629351, 14661861;0.343;Q4;78;51;135;1561;129;130;0.77;30.61;Egypt;Hindawi Publishing Corporation;1993-ongoing;"Cell Biology (Q4); Immunology (Q4)"
260;20262;Methods in Microbiology;book series;05809517;0.343;Q3;27;81;60;3507;34;56;0.74;43.3;United States;Academic Press;1969-1973, 1976, 1978-1979, 1984-1985, 1988, 1990-1992, 1998-1999, 2001-2002, 2004, 2006-2007, 2010-ongoing;"Microbiology (medical) (Q2); Microbiology (Q3)"
261;22372;Immunopharmacology and Immunotoxicology;journal;15322513, 08923973;0.336;Q4;42;45;150;1659;158;150;0.76;36.87;United States;Marcel Dekker Inc.;1978-ongoing;"Medicine (miscellaneous) (Q2); Immunology and Allergy (Q3); Pharmacology (Q3); Toxicology (Q3); Immunology (Q4)"
262;19660;Comparative Immunology, Microbiology and Infectious Diseases;journal;01479571;0.333;Q3;48;34;68;901;54;68;0.84;26.5;United Kingdom;Elsevier Ltd.;1978-ongoing;"Medicine (miscellaneous) (Q2); Veterinary (miscellaneous) (Q2); Immunology and Allergy (Q3); Infectious Diseases (Q3); Microbiology (Q3); Immunology (Q4)"
263;20238;Journal of Microbiology, Immunology and Infection;journal;16841182;0.331;Q3;48;56;149;1156;108;149;0.71;20.64;Taiwan;Elsevier Taiwan;1998-ongoing;"Medicine (miscellaneous) (Q2); Microbiology (medical) (Q2); Immunology and Allergy (Q3); Immunology and Microbiology (miscellaneous)  (Q3); Infectious Diseases (Q3)"
264;17487;Folia Microbiologica;journal;00155632;0.325;Q3;42;116;304;3202;284;303;0.93;27.6;Netherlands;Springer Netherlands;1957, 1959-ongoing;"Medicine (miscellaneous) (Q2); Microbiology (Q3)"
265;22940;Microbial Ecology in Health and Disease;journal;0891060X;0.319;Q3;37;43;136;1163;113;131;0.8;27.05;Sweden;Co-Action Publishing;1993-1996, 1998-2009;"Microbiology (medical) (Q2); Microbiology (Q3)"
266;22426;Journal of HIV Therapy;journal;14620308;0.318;Q3;16;24;21;740;16;17;0.94;30.83;United Kingdom;Mediscript Ltd.;2001-2010;"Microbiology (medical) (Q2); Infectious Diseases (Q3); Virology (Q3)"
267;19762;International Microbiology;journal;16181905, 11396709;0.317;Q3;59;35;123;918;75;111;0.71;26.23;Spain;Sociedad Espanola de Microbiologia;1998-ongoing;"Microbiology (medical) (Q2); Microbiology (Q3)"
268;20215;Japanese Journal of Medical Mycology;journal;09164804;0.313;Q3;23;35;116;533;41;116;0.25;15.23;Japan;Business Center for Academic Societies Japan/Nihon Gakkai Jimu Senta;1979-2016;"Infectious Diseases (Q3); Microbiology (Q3)"
269;19094;Acta Virologica;journal;0001723X;0.31;Q3;31;41;178;1209;101;165;0.64;29.49;Slovakia;AEP - Academic Electronic Press Ltd.;1957-ongoing;"Medicine (miscellaneous) (Q2); Infectious Diseases (Q3); Virology (Q3)"
270;20267;Microbiological Research;journal;09445013;0.307;Q3;66;43;165;1386;108;165;0.64;32.23;Netherlands;Elsevier BV;1994-ongoing;Microbiology (Q3)
271;16152;World Journal of Microbiology and Biotechnology;journal;09593993, 15730972;0.306;Q3;76;140;434;3608;237;430;0.54;25.77;Netherlands;Kluwer Academic Publishers;1990-ongoing;"Medicine (miscellaneous) (Q2); Applied Microbiology and Biotechnology (Q3); Biotechnology (Q3); Physiology (Q4)"
272;24041;Journal of Immunoassay and Immunochemistry;journal;15321819, 15324230;0.305;Q4;24;34;65;700;57;65;0.69;20.59;United States;Marcel Dekker Inc.;2001-ongoing;"Medical Laboratory Technology (Q2); Clinical Biochemistry (Q3); Immunology and Allergy (Q3); Immunology (Q4)"
273;15092;Food and Agricultural Immunology;journal;14653443, 09540105;0.304;Q4;30;29;83;855;74;83;0.83;29.48;United Kingdom;Taylor & Francis;1989-2003, 2005-ongoing;"Agronomy and Crop Science (Q3); Food Science (Q3); Immunology (Q4)"
274;21803;Bailliere's Clinical Infectious Diseases;journal;10716564;0.295;Q4;7;0;8;0;6;7;0;0;United Kingdom;Bailliere Tindall And Cassell;1995-1999;"Microbiology (medical) (Q2); Immunology (Q4)"
275;22365;International Antiviral News;journal;09652310;0.295;Q3;8;0;78;0;36;52;0.92;0;United Kingdom;International Medical Press;1994-2001;"Pharmacology (Q3); Virology (Q3)"
276;19060;International Journal of Tissue Reactions;journal;02500868;0.292;Q4;25;21;51;451;42;51;0.6;21.48;Switzerland;Bioscience Ediprint Inc.;1980-2005;"Immunology and Allergy (Q3); Cell Biology (Q4); Immunology (Q4); Physiology (Q4)"
277;20240;Journal of Rapid Methods and Automation in Microbiology;journal;10603999;0.292;Q3;22;27;68;538;53;68;0.81;19.93;United States;Food and Nutrition Press, Inc.;1996-2009;Microbiology (Q3)
278;10300153305;Transboundary and Emerging Diseases;journal;18651674, 18651682;0.279;Q3;52;100;204;2632;134;204;0.6;26.32;Germany;Blackwell-Wiss.-Verl;2008-ongoing;"Medicine (miscellaneous) (Q2); Immunology and Microbiology (miscellaneous)  (Q3); Veterinary (miscellaneous) (Q3)"
279;19607;Anaerobe;journal;10759964, 10958274;0.275;Q3;66;39;217;1115;114;215;0.5;28.59;United States;Elsevier Inc.;1995-ongoing;"Infectious Diseases (Q3); Microbiology (Q3)"
280;15630;Food Biotechnology;journal;08905436, 15324249;0.273;Q3;28;15;41;386;30;41;0.61;25.73;United States;Marcel Dekker Inc.;1987-ongoing;"Applied Microbiology and Biotechnology (Q3); Biotechnology (Q3); Food Science (Q3)"
281;18256;Revista Iberoamericana de Micologia;journal;11301406;0.272;Q3;40;46;179;1521;104;167;0.61;33.07;Spain;Asociacion Espanola de Micologia;1996-ongoing;"Infectious Diseases (Q3); Microbiology (Q3)"
282;25171;Mycotoxin Research;journal;01787888;0.269;Q3;31;60;145;623;50;144;0.3;10.38;Germany;Springer Verlag;1993-1995, 2008-ongoing;"Biotechnology (Q3); Microbiology (Q3); Toxicology (Q3)"
283;29572;Journal of Biological Regulators and Homeostatic Agents;journal;0393974X;0.268;Q4;39;54;184;1413;126;174;0.75;26.17;Italy;Wichtig Publishing;1987-ongoing;"Cancer Research (Q3); Endocrinology (Q3); Endocrinology, Diabetes and Metabolism (Q3); Immunology and Allergy (Q3); Oncology (Q3); Physiology (medical) (Q3); Immunology (Q4); Physiology (Q4)"
284;92247;Viral Hepatitis Reviews;journal;10817050;0.267;Q3;11;0;31;0;24;31;0.25;0;United Kingdom;W. B. Saunders Co., Ltd.;1998-2000;"Hepatology (Q3); Virology (Q3)"
285;23092;Revista da Sociedade Brasileira de Medicina Tropical;journal;00378682;0.263;Q4;47;110;284;1764;119;273;0.39;16.04;Brazil;Sociedade Brasileira de Medicina Tropical;1972-1976, 1986-ongoing;"Infectious Diseases (Q3); Microbiology (medical) (Q3); Parasitology (Q4)"
286;75614;Acta Biotechnologica;journal;01384988;0.262;Q3;31;40;92;944;52;91;0.57;23.6;United Kingdom;John Wiley & Sons Ltd.;1980-2003;"Applied Microbiology and Biotechnology (Q3); Bioengineering (Q3); Biotechnology (Q3)"
287;92725;Immunologist;journal;11925612;0.262;Q4;15;0;87;0;38;79;0.32;0;United States;Hogrefe & Huber Publishers;1994-2000;"Cell Biology (Q4); Immunology (Q4)"
288;20802;Vector-Borne and Zoonotic Diseases;journal;15303667;0.262;Q3;65;36;34;213;19;31;0.61;5.92;United States;Mary Ann Liebert Inc.;2001-ongoing;"Infectious Diseases (Q3); Virology (Q3); Microbiology (Q4)"
289;19700180771;Applied Mycology and Biotechnology;book series;18745334;0.26;Q3;14;13;15;2088;8;14;0.57;160.62;Netherlands;Elsevier BV;2001-2006;Applied Microbiology and Biotechnology (Q3)
290;96769;Biotechnology Techniques;journal;0951208X;0.255;Q3;39;0;179;0;111;178;0;0;Netherlands;Kluwer Academic Publishers;1987-1999;"Applied Microbiology and Biotechnology (Q3); Biochemistry (Q4)"
291;75047;Current Opinion in Anti-inflammatory and Immunomodulatory Investigational Drugs;journal;14648474;0.254;Q4;5;0;35;0;10;30;0.33;0;United Kingdom;Current Drugs Ltd.;2000;"Pharmacology (Q3); Immunology (Q4)"
292;101712;Bioseparation;journal;0923179X;0.244;Q3;33;0;125;0;147;124;1;0;Netherlands;Kluwer Academic Publishers;1990-1992, 1994-2001;"Chemical Engineering (miscellaneous) (Q2); Applied Microbiology and Biotechnology (Q3); Biochemistry (Q4)"
293;25935;Cytotherapy;journal;14772566, 14653249;0.243;Q4;76;83;162;1820;72;141;0.58;21.93;United States;Elsevier Inc.;1999-ongoing;"Cancer Research (Q3); Immunology and Allergy (Q3); Oncology (Q3); Transplantation (Q3); Cell Biology (Q4); Genetics (clinical) (Q4); Immunology (Q4)"
294;21872;Eurosurveillance;journal;15607917, 1025496X;0.243;Q3;90;41;36;54;36;32;1.13;1.32;France;European Centre for Disease Prevention and Control (ECDC);2001-ongoing;"Medicine (miscellaneous) (Q2); Public Health, Environmental and Occupational Health (Q3); Virology (Q3); Epidemiology (Q4)"
295;20794;Human Antibodies;journal;10932607;0.241;Q4;24;10;44;392;28;44;0.86;39.2;Netherlands;IOS Press;1997, 1999-ongoing;"Medicine (miscellaneous) (Q2); Immunology and Allergy (Q3); Immunology (Q4)"
296;14677;Infection, Genetics and Evolution;journal;15671348;0.237;Q4;74;39;19;1020;16;15;1.07;26.15;Netherlands;Elsevier BV;2001-ongoing;"Infectious Diseases (Q3); Microbiology (medical) (Q3); Ecology, Evolution, Behavior and Systematics (Q4); Genetics (Q4); Microbiology (Q4); Molecular Biology (Q4)"
297;13171;Biocontrol Science;journal;13424815;0.235;Q3;19;29;62;600;29;62;0.39;20.69;Japan;Society for Antibacterial and Antifungal Agents;1996-ongoing;"Applied Microbiology and Biotechnology (Q3); Public Health, Environmental and Occupational Health (Q3)"
298;20730;Clinical and Experimental Allergy Reviews;journal;14729725;0.231;Q4;15;22;67;904;24;67;0.29;41.09;United Kingdom;Blackwell Publishing Inc.;1997-2010, 2012;"Immunology and Allergy (Q3); Immunology (Q4)"
299;20221;Journal of Basic Microbiology;journal;0233111X, 15214028;0.23;Q3;47;50;132;1311;69;132;0.52;26.22;United Kingdom;John Wiley & Sons Ltd.;1985-ongoing;"Medicine (miscellaneous) (Q2); Applied Microbiology and Biotechnology (Q3)"
300;15073;Folia Biologica;journal;25337602, 00155500;0.228;Q4;29;39;131;1064;96;119;0.68;27.28;Czech Republic;Akademie Ved Ceske Republiky;1961-ongoing;"Medicine (miscellaneous) (Q2); Biochemistry (Q4); Cell Biology (Q4); Developmental Biology (Q4); Genetics (Q4); Immunology (Q4); Molecular Biology (Q4)"
301;21247;International Journal of Immunotherapy;journal;02559625;0.228;Q4;11;15;50;394;25;49;0.18;26.27;Switzerland;Bioscience Ediprint Inc.;1985-2004;"Immunology and Allergy (Q3); Immunology (Q4)"
302;22465;Korean Journal of Parasitology;journal;17380006, 00234001;0.226;Q4;35;31;122;50;59;122;0.45;1.61;South Korea;Korean Society for Parasitology;1977-ongoing;"Infectious Diseases (Q3); Parasitology (Q4)"
303;100281;Korean Journal of Applied Microbiology and Biotechnology;journal;02572389;0.224;Q3;14;32;182;644;42;182;0.19;20.13;South Korea;Korean Society for Applied Microbiology;1996-2002;"Applied Microbiology and Biotechnology (Q3); Biotechnology (Q3)"
304;91410;Quantitative Microbiology;journal;13883593;0.222;Q3;9;0;13;0;6;13;0.46;0;Netherlands;Kluwer Academic Publishers;2000;Applied Microbiology and Biotechnology (Q3)
305;22914;Medecine Tropicale;journal;0025682X;0.219;Q4;26;142;321;1584;105;260;0.37;11.15;Belgium;Institut de Medecine Tropicale;1948-2012;"Infectious Diseases (Q3); Parasitology (Q4)"
306;32946;Developments in Biological Standardization;journal;03015149;0.217;Q3;40;0;146;0;105;146;0.82;0;Switzerland;S. Karger AG;1974-2000;"Biotechnology (Q3); Immunology and Microbiology (miscellaneous)  (Q3); Public Health, Environmental and Occupational Health (Q3); Drug Discovery (Q4)"
307;18893;International Journal of Immunogenetics;journal;1744313X, 17443121;0.217;Q4;45;82;469;1583;196;457;0.26;19.3;United Kingdom;Blackwell Publishing Inc.;1974-1995, 2005-ongoing;"Medicine (miscellaneous) (Q2); Genetics (Q4); Genetics (clinical) (Q4); Immunology (Q4); Molecular Biology (Q4)"
308;20815;Immunology and Allergy Clinics of North America;journal;08898561;0.216;Q4;56;50;156;4564;76;145;0.62;91.28;United Kingdom;W. B. Saunders Co., Ltd.;1987-ongoing;"Immunology and Allergy (Q3); Immunology (Q4)"
309;13009;Annales de Biologie Clinique;journal;00033898;0.207;Q3;26;110;373;1722;183;311;0.54;15.65;France;John Libbey Eurotext;1945-ongoing;"Medicine (miscellaneous) (Q2); Biochemistry, Genetics and Molecular Biology (miscellaneous) (Q3); Immunology and Microbiology (miscellaneous)  (Q3)"
310;110163;Polish Journal of Microbiology;journal;17331331;0.207;Q3;29;38;93;901;49;93;0.55;23.71;Poland;Polskie Towarzystwo Mikrobiologow/Polish Society of Microbiologists;2004-ongoing;"Medicine (miscellaneous) (Q2); Applied Microbiology and Biotechnology (Q3); Microbiology (medical) (Q3); Microbiology (Q4)"
311;130021;Biotechnology and Bioprocess Engineering;journal;12268372;0.2;Q3;44;51;201;1367;95;201;0.5;26.8;South Korea;Korean Society for Biotechnology and Bioengineering;1996-ongoing;"Applied Microbiology and Biotechnology (Q3); Biomedical Engineering (Q3); Biotechnology (Q3); Bioengineering (Q4)"
312;15340;Developments in Biologicals;book series;14246074;0.197;Q4;35;108;131;29;62;131;0.47;0.27;Switzerland;S. Karger AG;2000-2008, 2010-2013;"Pharmacology (Q3); Biomaterials (Q4); Immunology (Q4)"
313;20667;Asian Pacific Journal of Allergy and Immunology;journal;0125877X;0.193;Q4;29;40;126;940;61;125;0.33;23.5;Thailand;The Allergy and Immunology Society of Thailand;1983-ongoing;"Medicine (miscellaneous) (Q2); Immunology and Allergy (Q3); Immunology (Q4)"
314;15602;Electronic Journal of Biotechnology;journal;07173458;0.193;Q3;48;72;90;1789;43;83;0.63;24.85;Netherlands;Elsevier BV;1998-ongoing;"Applied Microbiology and Biotechnology (Q3); Biotechnology (Q4)"
315;20281;Microbios;journal;00262633;0.193;Q4;28;0;181;0;95;181;0.44;0;United Kingdom;University of Cambridge;1971-2001;"Microbiology (medical) (Q3); Microbiology (Q4)"
316;21362;Archiv fr Lebensmittelhygiene;journal;0003925X;0.192;Q4;14;33;85;688;27;85;0.19;20.85;Germany;Verlag M Und H Schaper;1959-1961, 1973-1989, 1996-ongoing;"Management, Monitoring, Policy and Law (Q3); Food Science (Q4); Health, Toxicology and Mutagenesis (Q4); Microbiology (Q4)"
317;20179;Allergologia et Immunopathologia;journal;15781267, 03010546;0.19;-;31;56;162;1144;88;141;0.51;20.43;Spain;Ediciones Doyma S.A.;1973-ongoing;"Medicine (miscellaneous) (Q2); Immunology and Allergy (Q3)"
318;21100230018;BioMed Research International;journal;23146141, 23146133;0.187;Q3;94;26;28;1007;14;20;0.7;38.73;United States;Hindawi Publishing Corporation;2013-ongoing;"Medicine (miscellaneous) (Q2); Biochemistry, Genetics and Molecular Biology (miscellaneous) (Q3); Immunology and Microbiology (miscellaneous)  (Q3)"
319;20237;Journal of Microbiology;journal;12258873;0.184;Q3;53;59;148;1350;46;148;0.31;22.88;South Korea;Han-Gug Misaengmul Hag-hoe/The Microbiological Society of Korea;1996-ongoing;"Medicine (miscellaneous) (Q2); Applied Microbiology and Biotechnology (Q3); Microbiology (Q4)"
320;19735;Indian Journal of Microbiology;journal;00468991;0.181;Q4;36;77;124;1599;32;124;0.14;20.77;India;Springer India;1973-1982, 1996-ongoing;Microbiology (Q4)
321;4700151737;Perspectives in Medical Virology;book series;01687069;0.179;Q4;12;34;16;3079;4;15;0.27;90.56;Netherlands;Elsevier BV;1985-1987, 1992, 2001-2003, 2005-2007;Virology (Q4)
322;31391;Arbeiten aus dem Paul-Ehrlich-Institut (Bundesamt fr Sera und Impfstoffe) Langen;journal;09368671;0.177;Q4;9;0;34;0;6;34;0;0;Germany;Paul-Ehrlich-Institut;1988-1994, 1996-1997, 1999, 2003, 2006, 2009;Immunology (Q4)
323;6300153114;Fungal Biology Reviews;journal;17494613;0.167;Q4;44;53;195;539;31;147;0.26;10.17;Netherlands;Elsevier BV;2007-ongoing;"Microbiology (Q4); Plant Science (Q4)"
324;20283;Mikrobiologiia;journal;16083237, 00263656;0.167;Q4;26;119;365;1275;101;365;0.32;10.71;Russian Federation;Izdatel'stvo Nauka;1950-ongoing;"Medicine (miscellaneous) (Q2); Applied Microbiology and Biotechnology (Q4)"
325;20376;Seibutsu-kogaku Kaishi;journal;09193758;0.166;Q4;9;20;47;474;18;46;0.33;23.7;Japan;The Society of Bioscience and Bioengineering Japan/Seibutsu Kogakkai;1996-ongoing;"Applied Microbiology and Biotechnology (Q4); Biotechnology (Q4); Food Science (Q4)"
326;20269;Microbiology;journal;00262617;0.164;Q4;30;79;356;1592;71;356;0.13;20.15;Russian Federation;Maik Nauka/Interperiodica Publishing;1996-ongoing;"Applied Microbiology and Biotechnology (Q4); Microbiology (Q4)"
327;130143;Brazilian Journal of Microbiology;journal;15178382;0.161;Q4;50;71;214;1777;48;210;0.17;25.03;Brazil;Elsevier Editora Ltda;2000-ongoing;Microbiology (Q4)
328;20365;Revista Argentina de Microbiologia;journal;03257541;0.161;Q4;23;38;129;863;32;129;0.18;22.71;Spain;Elsevier Doyma;1979-ongoing;"Medicine (miscellaneous) (Q2); Microbiology (medical) (Q3); Microbiology (Q4)"
329;16799;Annals of Microbiology;journal;15904261;0.156;Q4;37;30;54;962;20;54;0.39;32.07;Germany;Springer Verlag;1997-ongoing;Applied Microbiology and Biotechnology (Q4)
330;86466;Annales de l'Institut Pasteur/Actualites;journal;09244204;0.15;Q4;9;27;82;963;22;77;0.14;35.67;Netherlands;Elsevier BV;1984, 1993-2003;"Medicine (miscellaneous) (Q3); Microbiology (Q4)"
331;22411;Inflammopharmacology;journal;09254692, 15685608;0.149;Q4;45;43;77;2221;34;77;0.49;51.65;Switzerland;Birkhauser Verlag;1991-ongoing;"Pharmacology (Q3); Pharmacology (medical) (Q3); Immunology (Q4)"
332;11000153760;Computational and Mathematical Methods in Medicine;journal;17486718, 1748670X;0.144;Q4;33;24;38;726;11;37;0.3;30.25;Egypt;Hindawi Publishing Corporation;2006-ongoing;"Biochemistry, Genetics and Molecular Biology (miscellaneous) (Q3); Medicine (miscellaneous) (Q3); Applied Mathematics (Q4); Immunology and Microbiology (miscellaneous)  (Q4); Modeling and Simulation (Q4)"
333;19090;Acta Microbiologica et Immunologica;journal;12178950, 15882640;0.14;Q4;24;50;88;1198;21;88;0.27;23.96;Hungary;Akademiai Kiado;1994-ongoing;"Medicine (miscellaneous) (Q3); Immunology and Microbiology (miscellaneous)  (Q4)"
334;40183;Boletin Chileno de Parasitologia;journal;03659402, 07176325;0.139;Q4;14;0;59;0;12;55;0.18;0;Chile;Sociedad Chilena de Parasitologia;1954-2001;Parasitology (Q4)
335;53319;Epstein-Barr Virus Report;journal;09699252;0.139;Q4;2;10;13;182;2;6;0.33;18.2;United Kingdom;Leeds University Press;2001-2002;Virology (Q4)
336;94708;Journal of Insect Biotechnology and Sericology;journal;13468073;0.137;Q4;17;31;131;465;19;131;0.12;15;Japan;Japanese Society of Sericultural Science;2001-ongoing;"Industrial and Manufacturing Engineering (Q2); Agricultural and Biological Sciences (miscellaneous) (Q3); Business, Management and Accounting (miscellaneous) (Q3); Applied Microbiology and Biotechnology (Q4); Biotechnology (Q4); Insect Science (Q4)"
337;20753;Current Allergy and Asthma Reports;journal;15297322, 15346315;0.135;-;57;68;79;2704;22;79;0.28;39.76;United States;Current Science Inc.;2001-ongoing;"Pulmonary and Respiratory Medicine (Q3); Immunology and Allergy (Q4)"
338;20718;Clinical and Applied Immunology Reviews;journal;15291049;0.134;Q4;19;28;41;1861;12;37;0.32;66.46;Netherlands;Elsevier BV;2000-2006;"Immunology (Q4); Immunology and Allergy (Q4); Infectious Diseases (Q4); Microbiology (Q4)"
339;16103;Minerva Biotecnologica;journal;11204826;0.133;Q4;16;24;94;542;32;86;0.4;22.58;Italy;Edizioni Minerva Medica;1996-ongoing;"Applied Microbiology and Biotechnology (Q4); Bioengineering (Q4); Biotechnology (Q4)"
340;145588;Journal of Bacteriology and Virology;journal;15982467;0.131;Q4;10;46;44;1288;9;44;0.2;28;South Korea;The Korean Society for Mocrobiology / The Korean Society of Virology;2001-ongoing;"Immunology (Q4); Microbiology (Q4); Virology (Q4)"
341;16806;Applied Biochemistry and Microbiology;journal;16083024, 00036838;0.125;Q4;34;112;335;2377;24;335;0.06;21.22;Russian Federation;Maik Nauka/Interperiodica Publishing;1970, 1972-1980, 1987, 1996-ongoing;"Applied Microbiology and Biotechnology (Q4); Biochemistry (Q4)"
342;15543;Biotecnologia Aplicada;journal;10272852, 08644551;0.125;Q4;13;30;161;942;17;159;0.08;31.4;Cuba;Elfos Scientiae;1990-1992, 1998-ongoing;"Applied Microbiology and Biotechnology (Q4); Biotechnology (Q4)"
343;14251;Prikladnaya Biokhimiya i Mikrobiologiya;journal;05551099;0.125;Q4;18;123;365;2121;53;365;0.14;17.24;Russian Federation;Izdatel'stvo Nauka;1972-ongoing;"Medicine (miscellaneous) (Q3); Biochemistry, Genetics and Molecular Biology (miscellaneous) (Q4); Immunology and Microbiology (miscellaneous)  (Q4)"
344;22450;Journal of Vector Borne Diseases;journal;09729062;0.124;Q4;34;16;46;276;4;45;0.06;17.25;India;Malaria Research Centre (Indian Council of Medical Research);2003-ongoing;"Medicine (miscellaneous) (Q3); Infectious Diseases (Q4); Parasitology (Q4)"
345;145498;Journal of Wide Bandgap Materials;journal;15308081, 1524511X;0.123;Q4;10;33;54;424;9;54;0.15;12.85;United States;SAGE Publications;1996-2002;"Electrical and Electronic Engineering (Q3); Applied Microbiology and Biotechnology (Q4); Biotechnology (Q4); Electronic, Optical and Magnetic Materials (Q4)"
346;23020;Problems of Infectious and Parasitic Diseases;journal;02049155;0.123;Q4;5;25;75;427;3;75;0.06;17.08;Bulgaria;Meditsinski Universitet - Sofia;1978-1981, 1983-1984, 1987, 1996-2016 (cancelled);"Immunology and Microbiology (miscellaneous)  (Q4); Infectious Diseases (Q4); Microbiology (medical) (Q4)"
347;5100153401;Microbe;journal;15587460, 15587452;0.121;Q4;25;0;1;0;0;1;0;0;United States;American Society for Microbiology;2006-ongoing;Microbiology (Q4)
348;5000157109;Revista Cubana de Hematologia, Inmunologia y Hemoterapia;journal;08640289, 15612996;0.121;Q4;8;30;72;672;2;72;0;22.4;Cuba;Editorial Ciencias Medicas;1999-2003, 2006-ongoing;"Hematology (Q4); Immunology (Q4); Immunology and Allergy (Q4)"
349;83937;Revista Latinoamericana de Microbiologia;journal;00349771;0.119;Q4;19;23;102;751;12;101;0.04;32.65;Mexico;Asociacion Latinoamericana de Microbiologia;1960, 1970-1989, 1991-2008;"Microbiology (Q4); Microbiology (medical) (Q4); Veterinary (miscellaneous) (Q4)"
350;20884;Virologie;journal;12678694;0.119;Q4;11;58;157;1875;24;138;0.15;32.33;France;John Libbey Eurotext;1997-ongoing;"Infectious Diseases (Q4); Virology (Q4)"
351;23044;Revista Cubana de Medicina Tropical;journal;03750760, 15613054;0.116;Q4;16;31;121;132;19;117;0.16;4.26;Cuba;Editorial Ciencias Medicas;1976-ongoing;"Infectious Diseases (Q4); Parasitology (Q4)"
352;16144;Sheng wu gong cheng xue bao = Chinese journal of biotechnology;journal;10003061;0.116;Q4;17;156;297;748;42;297;0.14;4.79;China;Kexue Chubaneshe/Science Press;2000-ongoing;"Applied Microbiology and Biotechnology (Q4); Biotechnology (Q4)"
353;20284;Mikrobiyoloji Bulteni;journal;03749096;0.115;Q4;18;51;71;701;5;69;0.02;13.75;Turkey;Ankara Microbiology Society;1973-ongoing;"Medicine (miscellaneous) (Q3); Immunology and Microbiology (miscellaneous)  (Q4); Infectious Diseases (Q4); Microbiology (medical) (Q4)"
354;22446;Journal of Spirochetal and Tick-borne Diseases;journal;10600051;0.113;Q4;4;4;21;123;2;18;0.09;30.75;United States;Slack, Inc.;1998-2002;Microbiology (Q4)
355;89611;Chinese Journal of Biotechnology;journal;1042749X;0.112;Q4;17;0;37;0;5;37;0;0;United States;Allerton Press Inc.;1989-1999, 2006-2008;"Applied Microbiology and Biotechnology (Q4); Biotechnology (Q4)"
356;21338;Nihon Rinsho Meneki Gakkai kaishi = Japanese journal of clinical immunology;journal;09114300;0.112;Q4;12;50;168;838;16;168;0.08;16.76;Japan;Japan Society for Clinical Immunology;1995-ongoing;"Medicine (miscellaneous) (Q3); Immunology (Q4); Immunology and Allergy (Q4)"
357;56535;CME Bulletin Sexually Transmitted Infections and HIV;journal;1367014X;0.11;Q4;1;0;23;0;1;17;0.06;0;United Kingdom;Rila Publications, Ltd.;2000-2001;"Dermatology (Q4); Virology (Q4)"
358;22407;Japanese Journal of Bacteriology;journal;00214930;0.109;Q4;6;11;46;402;1;46;0;36.55;Japan;Business Center for Academic Societies Japan/Nihon Gakkai Jimu Senta;1961-ongoing;"Medicine (miscellaneous) (Q3); Applied Microbiology and Biotechnology (Q4); Microbiology (Q4)"
359;22921;Meditsinskaya Parazitologiya i Parazitarnye Bolezni;journal;00258326;0.109;Q4;10;77;175;69;4;175;0.02;0.9;Russian Federation;Izdatel'stvo S-Info;1953-ongoing;"Medicine (miscellaneous) (Q3); Parasitology (Q4)"
360;19700180775;NeuroImmune Biology;book series;15677443;0.109;Q4;10;24;41;1742;7;32;0.22;72.58;Netherlands;Elsevier BV;2001-2003, 2005, 2007-2010;"Immunology (Q4); Neurology (Q4); Neurology (clinical) (Q4)"
361;20715;Central-European Journal of Immunology;journal;14263912;0.108;Q4;15;27;109;927;12;105;0.1;34.33;Poland;Termedia Publishing House Ltd.;1996-ongoing;"Immunology (Q4); Immunology and Allergy (Q4)"
362;20889;Voprosy Virusologii;journal;05074088;0.108;Q4;13;73;199;331;14;199;0.09;4.53;Russian Federation;Izdatel'stvo Meditsina Publishers;1956-ongoing;"Medicine (miscellaneous) (Q3); Infectious Diseases (Q4); Virology (Q4)"
363;20341;Postepy Mikrobiologii;journal;00794252;0.107;Q4;10;30;53;1847;9;52;0.24;61.57;Poland;Polskie Towarzystwo Mikrobiologow/Polish Society of Microbiologists;1973-1982, 1999-ongoing;"Microbiology (Q4); Microbiology (medical) (Q4)"
364;19632;Asian Journal of Microbiology, Biotechnology and Environmental Sciences;journal;09723005;0.106;Q4;13;98;71;1961;3;68;0.04;20.01;India;Scientific Publishers;2001-ongoing;"Applied Microbiology and Biotechnology (Q4); Biotechnology (Q4); Environmental Science (miscellaneous) (Q4); Microbiology (Q4)"
365;20906;Zhurnal Mikrobiologii Epidemiologii i Immunobiologii;journal;03729311;0.106;Q4;11;161;729;1376;30;726;0.03;8.55;Russian Federation;Izdatel'stvo S-Info;1947, 1954-ongoing;"Immunology (Q4); Medicine (miscellaneous) (Q4); Microbiology (medical) (Q4); Public Health, Environmental and Occupational Health (Q4)"
366;19486;Antibiotiki i Khimioterapiya;journal;02352990;0.105;Q4;10;89;302;1725;17;297;0.04;19.38;Russian Federation;Media Sphera;1988-ongoing;"Infectious Diseases (Q4); Medicine (miscellaneous) (Q4); Microbiology (Q4); Microbiology (medical) (Q4)"
367;20812;Immunologiya;journal;02064952;0.105;Q4;5;0;123;0;10;123;0.06;0;Russian Federation;Meditsina Publishers;1987-2001, 2009-2010, 2013-ongoing;Immunology (Q4)
368;21269;Journal of Clinical and Laboratory Immunology;journal;01412760;0.105;Q4;11;0;4;0;0;4;0;0;United Kingdom;Teviot Scientific Publications Ltd.;1978-1993, 1995-1999, 2003-2004;Immunology (Q4)
369;18337;International Congress and Symposium Series - Royal Society of Medicine;journal;01422367;0.104;Q4;9;14;174;441;8;169;0.05;31.5;United Kingdom;Royal Society of Medicine;1996-2005;"Medicine (miscellaneous) (Q4); Microbiology (Q4)"
370;81557;International Journal of Thymology;journal;09431675;0.104;Q4;5;0;9;0;2;9;0;0;Germany;Thymus Medizinischer Fachbuchverlag;1995-1999;"Endocrinology (Q4); Immunology (Q4)"
371;22998;Parazitologyia;journal;00311847;0.104;Q4;12;63;238;873;8;237;0.04;13.86;Russian Federation;Maik Nauka Publishing / Springer SBM;1972-2017 (cancelled);Parasitology (Q4)
372;20352;Progress in Industrial Microbiology;book series;00796352;0.104;Q4;8;27;43;1577;1;42;0;58.41;Netherlands;Elsevier BV;1960-1961, 1963-1964, 1968, 1971-1974, 1983-1984, 1993-1995, 1999, 2002-2003;"Applied Microbiology and Biotechnology (Q4); Biotechnology (Q4)"
373;60169;RBM - Revue Europeenne de Technologie Biomedicale;journal;02220776;0.104;Q4;5;0;42;0;1;37;0;0;Netherlands;Elsevier BV;1990, 1993-1999;"Applied Microbiology and Biotechnology (Q4); Biotechnology (Q4)"
374;19606;Alpe Adria Microbiology Journal;journal;11219750;0.103;Q4;4;0;9;0;1;8;0;0;Italy;Associazione Microbiologici Clinici Italiani;1994-1999;"Microbiology (Q4); Microbiology (medical) (Q4)"
375;20778;EOS Rivista di Immunologia ed Immunofarmacologia;journal;03926699;0.103;Q4;5;0;50;0;1;50;0;0;Italy;Sigma-Tau SpA;1983-2001, 2003-2004;"Immunology (Q4); Pharmacology (Q4)"
376;21393;Chinese Journal of Microbiology and Immunology;journal;02545101;0.102;Q4;7;145;400;1519;11;400;0.02;10.48;China;Beijing Shengwu Zhipin Yanjiusuo;1972, 1974-1989, 1993-ongoing;"Immunology (Q4); Microbiology (Q4); Virology (Q4)"
377;14552;Doklady Biological Sciences;journal;00124966, 16083105;0.102;Q4;15;172;314;0;11;314;0.04;0;Russian Federation;Maik Nauka/Interperiodica Publishing;1972-1974, 1979-1990, 2000-ongoing;"Agricultural and Biological Sciences (miscellaneous) (Q4); Biochemistry, Genetics and Molecular Biology (miscellaneous) (Q4); Immunology and Microbiology (miscellaneous)  (Q4); Medicine (miscellaneous) (Q4)"
378;68844;Romanian journal of virology;journal;1582330X;0.102;Q4;4;0;9;0;1;9;0;0;Romania;Editura Academiei Romane/Publishing House of the Romanian Academy;1993, 1995-1999;"Medicine (miscellaneous) (Q4); Virology (Q4)"
379;14969;Australasian Biotechnology;journal;10367128;0.101;Q4;8;61;135;162;3;81;0.04;2.66;Australia;Ausbiotech Ltd.;1991-ongoing;"Applied Microbiology and Biotechnology (Q4); Bioengineering (Q4); Biotechnology (Q4)"
380;20174;Dengue Bulletin;journal;1020895X;0.101;Q4;21;28;22;444;0;22;0;15.86;Switzerland;World Health Organization;2001-2008;"Infectious Diseases (Q4); Virology (Q4)"
381;21100200820;Emirates Journal of Food and Agriculture;journal;20790538, 2079052X;0.101;Q4;22;7;24;130;0;24;0;18.57;United Arab Emirates;United Arab Emirates University;1996-ongoing;"Agronomy and Crop Science (Q4); Animal Science and Zoology (Q4); Applied Microbiology and Biotechnology (Q4); Food Science (Q4)"
382;19900191564;Journal of International Peacekeeping;journal;18754104, 18754112;0.101;Q4;8;0;25;0;0;24;0;0;Netherlands;Brill;1995, 1997, 2001, 2006, 2013-ongoing;"Infectious Diseases (Q4); Pharmacology (Q4); Pharmacology (medical) (Q4); Virology (Q4)"
383;70887;Problemy HIV i AIDS;journal;12349496;0.101;Q4;2;0;31;0;0;30;0;0;Poland;Volumed;2000-2001;"Public Health, Environmental and Occupational Health (Q4); Virology (Q4)"
384;20372;Roumanian Archives of Microbiology and Immunology;journal;12223891;0.101;Q4;14;14;61;357;3;61;0.03;25.5;Romania;Institutul Cantacuzino;1991-1993, 1995-ongoing;"Immunology and Microbiology (miscellaneous)  (Q4); Medicine (miscellaneous) (Q4); Microbiology (medical) (Q4)"
385;98347;Tropical Medicine;journal;00413267;0.101;Q4;9;0;21;0;4;21;0.08;0;Japan;Nagasaki Daigaku;1973-2001;"Infectious Diseases (Q4); Parasitology (Q4)"
386;11600154504;Current Protocols in Immunology;journal;19343671, 1934368X;0.1;Q4;37;31;211;371;7;211;0.03;11.97;United States;Wiley-Blackwell;2001-ongoing;"Immunology (Q4); Medicine (miscellaneous) (Q4)"
387;16069;Journal of Biolaw and Business;journal;10955127;0.1;Q4;6;50;146;2;2;133;0.01;0.04;United States;Applied Biogenuity;1997-2008;"Applied Microbiology and Biotechnology (Q4); Biotechnology (Q4); Public Health, Environmental and Occupational Health (Q4)"
388;19752;Rheumatologia;journal;00346233;0.1;Q4;10;34;66;837;0;66;0;24.62;Poland;Termedia Publishing House Ltd.;1960-1961, 1963-ongoing;"Immunology (Q4); Immunology and Allergy (Q4); Rheumatology (Q4)"
389;21375;Turkish Journal of Immunology;journal;1301109X;0.1;Q4;3;0;41;0;0;41;0;0;Turkey;Turkish Society of Immunology;1998-1999, 2003-2005, 2008, 2010-ongoing;"Immunology (Q4); Immunology and Allergy (Q4)"
390;14940;African Journal of Biotechnology;journal;16845315;;-;74;12;0;329;0;0;0;27.42;Nigeria;Academic Journals;2002-2012;"Agronomy and Crop Science; Applied Microbiology and Biotechnology; Biotechnology; Genetics; Molecular Biology"
391;20159;Alergie;journal;12123536;;-;5;40;0;735;0;0;0;18.38;Czech Republic;TIGIS Spol. s.r.o.;2002-2016 (cancelled);"Immunology; Immunology and Allergy"
392;19622;Archaea;journal;14723646, 14723654;;-;35;16;0;750;0;0;0;46.88;Egypt;Hindawi Publishing Corporation;2002-ongoing;"Ecology, Evolution, Behavior and Systematics; Medicine (miscellaneous); Microbiology; Physiology"
393;20689;Autoimmunity Reviews;journal;15689972;;-;103;54;0;1759;0;0;0;32.57;Netherlands;Elsevier BV;2002-ongoing;"Immunology; Immunology and Allergy"
394;59427;Clinical Application of Immunology;journal;13120832;;-;2;21;0;660;0;0;0;31.43;Bulgaria;Foundation Immunity and Future;2002-2006;Immunology
395;20758;Current Drug Targets: Inflammation and Allergy;journal;1568010X;;-;48;26;0;3033;0;0;0;116.65;United Arab Emirates;Bentham Science Publishers;2002-2005;"Immunology; Immunology and Allergy; Pharmacology"
396;19687;Eukaryotic Cell;journal;15359786, 15359778;;-;106;103;0;5469;0;0;0;53.1;United States;American Society for Microbiology;2002-2015;"Medicine (miscellaneous); Microbiology; Molecular Biology"
397;20783;Expert Review of Vaccines;journal;14760584;;-;75;57;0;3050;0;0;0;53.51;United Kingdom;Taylor & Francis;2002-ongoing;"Drug Discovery; Immunology; Molecular Medicine; Pharmacology"
398;17700156427;Handbook of Immunohistochemistry and in Situ Hybridization of Human Carcinomas;book series;18745784;;-;4;107;0;4217;0;0;0;39.41;Netherlands;Elsevier BV;2002, 2005;"Biochemistry (medical); Immunology; Medical Laboratory Technology; Oncology"
399;16050;Indian Journal of Biotechnology;journal;09725849, 09750967;;-;32;52;0;1968;0;0;0;37.85;India;National Institute of Science Communication;2002-ongoing;"Applied Microbiology and Biotechnology; Bioengineering; Biotechnology; Plant Science"
400;69703;Inmunologia;journal;02139626;;-;10;20;0;1166;0;0;0;58.3;Spain;Sociedad Espanola Inmunologia;1989-1996, 2002-2014;Immunology
401;73057;Journal of Nutritional Immunology;journal;10495150;;-;5;9;0;315;0;0;0;35;United States;Haworth Medical Press;1993-1997;"Immunology; Nutrition and Dietetics"
402;30758;Journal of the International Association of Physicians in AIDS Care (Chicago, Ill. : 2002);journal;15451097;;-;24;21;0;596;0;0;0;28.38;United States;SAGE Publications;2002-2012;"Dermatology; Immunology; Infectious Diseases"
403;20251;Kinetoplastid Biology and Disease;journal;14759292;;-;20;7;0;205;0;0;0;29.29;United Kingdom;BioMed Central;2002-2007;Immunology and Microbiology (miscellaneous) 
404;19722;Korean Journal of Microbiology and Biotechnology;journal;1598642X;;-;14;36;0;838;0;0;0;23.28;South Korea;Korean Society for Applied Microbiology;2002-2014;"Applied Microbiology and Biotechnology; Biotechnology; Microbiology"
405;22911;Malaria Journal;journal;14752875;;-;87;19;0;660;0;0;0;34.74;United Kingdom;BioMed Central;2002-ongoing;"Infectious Diseases; Parasitology"
406;21299;Medical Immunology;journal;14769433;;-;10;4;0;326;0;0;0;81.5;United Kingdom;BioMed Central;2002-2006;"Immunology and Microbiology (miscellaneous) ; Medicine (miscellaneous)"
407;18593;Microbial Cell Factories;journal;14752859;;-;80;5;0;216;0;0;0;43.2;United Kingdom;BioMed Central;2002-ongoing;"Applied Microbiology and Biotechnology; Bioengineering; Biotechnology"
408;9500153942;Parasitologia Latinoamericana;journal;07177704, 07177712;;-;15;17;0;284;0;0;0;16.71;Chile;Universidad de Chile;2002-2008;"Infectious Diseases; Parasitology"
409;16136;Reviews in Environmental Science and Biotechnology;journal;15691705;;-;63;26;0;2100;0;0;0;80.77;Netherlands;Kluwer Academic Publishers;2002-ongoing;"Applied Microbiology and Biotechnology; Environmental Engineering; Pollution; Waste Management and Disposal"
410;21356;Russian journal of immunology : RJI : official journal of Russian Society of Immunology;journal;10287221;;-;8;39;0;379;0;0;0;9.72;Russian Federation;Redaktsiya Zhurnala/Russian Journal of Immunology;2002, 2004;"Immunology; Medicine (miscellaneous)"
